DHSCLUST,LATNUM,LONGNUM,URBAN_RURA,ADM1NAME,DHSREGNA,round,tv_name,pc11_s_id,pc11_d_id,pc11_sd_id,pc11_tv_id,gp_lgd_code,gp_name,n_gps_constrained,clean_gp_constrained,at_risk_gp_constrained,no_gp_constrained,gp_distribution,has_cluster_to_village,gp_lgd_code_existing,has_existing_village_to_gp,village_name_from_village_file,district_from_village_file,subdistrict_from_village_file,gp_lgd_code_from_village_file,gp_name_from_village_file,has_village_to_gp_from_village_file,gp_lgd_code_best,has_any_village_to_gp,has_gp_to_reservation_history,coverage_status,gp_lgd_code_lookup2,gp_name_lgd,district_lgd,subdistrict_lgd,gp_norm,district_norm,subdistrict_norm,target_gp_name,target_gp_norm,dhs_district_hist_norm,lgd_district_hist_norm,res_gp_norm,res_district_hist_norm,n_res_rows,n_samitis,res_samitis,n_dose_values,dose_values,reservation_dose_n_candidate,reservation_dose_candidate,reserved_women_2005_candidate,reserved_women_2010_candidate,has_direct_gpname_dhsdistrict_reservation,has_combined_reservation,newly_recovered_by_direct_match,orig_reserved_women_2005,orig_reserved_women_2010,orig_reservation_2005,orig_reservation_2010,orig_reservation_dose_n,orig_reservation_dose,orig_match_stage,orig_gp_name_lgd,orig_district_lgd,orig_subdistrict_lgd,has_original_gp_lgd_match,fuzzy_samiti_reservation_dose,fuzzy_samiti_reservation_dose_n,fuzzy_samiti_reserved_women_2005,fuzzy_samiti_reserved_women_2010,fuzzy_samiti_reservation_2005,fuzzy_samiti_reservation_2010,fuzzy_samiti_gp_similarity,fuzzy_samiti_similarity,fuzzy_samiti_match_category,fuzzy_samiti_res_gp_display,fuzzy_samiti_res_samiti_display,has_fuzzy_samiti_match,working_match_source,working_reservation_dose,working_reservation_dose_n,working_reserved_women_2005,working_reserved_women_2010,working_reservation_2005,working_reservation_2010
290002.0,24.4362782279,72.7004034585,R,RAJASTHAN,Sirohi,NFHS4,Wasda,8,117,595,90201,262675.0,Wasda,8,False,True,False,"{""262675"": 1.0}",True,262675,True,Wasda,Sirohi,Abu Road,262675,Wasda,True,262675,True,False,3_gp_no_reservation_history,262675,Wasda,Sirohi,Abu Road,wasda,sirohi,aburoad,Wasda,wasda,sirohi,sirohi,,,,,,,,,,,,False,False,False,,,,,,,,,,,False,,,,,,,,,,,,False,0_unmatched,,,,,,
290005.0,25.1888711669,74.9741657951,R,RAJASTHAN,Bhilwara,NFHS4,Heengwaniya,8,122,637,96168,35832.0,Dhakar Kheri,12,False,True,False,"{""35832"": 1.0}",True,35832,True,Heengwaniya,Bhilwara,Mandalgarh,35832,Dhakar Kheri,True,35832,True,False,3_gp_no_reservation_history,35832,Dhakar Kheri,Bhilwara,Mandalgarh,dhakarkheri,bhilwara,mandalgarh,Dhakar Kheri,dhakarkheri,bhilwara,bhilwara,,,,,,,,,,,,False,False,False,,,,,,,,,,,False,never,0.0,0.0,0.0,GEN,SC,0.9090909090909091,1.0,high_confidence_gp_and_exact_samiti,dhakarkhedi,MANDALGARH,True,3_fuzzy_gpname_exact_or_close_samiti_match,never,0.0,0.0,0.0,GEN,SC
290006.0,26.8639435252,74.8843163248,R,RAJASTHAN,Ajmer,NFHS4,Kotri,8,119,606,91393,33730.0,Kotri,6,False,True,False,"{""33730"": 1.0}",True,33730,True,Kotri,Ajmer,Roopangarh,33730,Kotri,True,33730,True,False,3_gp_no_reservation_history,33730,Kotri,Ajmer,Roopangarh,kotri,ajmer,roopangarh,Kotri,kotri,ajmer,ajmer,,,,,,,,,,,,False,False,False,,,,,,,,,,,False,,,,,,,,,,,,False,0_unmatched,,,,,,
290009.0,27.6926153024,75.6109244395,R,RAJASTHAN,Sikar,NFHS4,Narsingh Puri,8,111,556,82174,41761.0,Narsingh Puri,8,False,True,False,"{""41761"": 1.0}",True,41761,True,Narsingh Puri,Neem Ka Thana,Neem Ka Thana,41761,Narsingh Puri,True,41761,True,True,4_full_coverage,41761,Narsingh Puri,Neem Ka Thana,Neem Ka Thana,narsinghpuri,neemkathana,neemkathana,Narsingh Puri,narsinghpuri,sikar,sikar,narsinghpuri,sikar,1.0,1.0,neemkathana,1.0,once,1.0,once,1.0,0.0,True,True,False,1.0,0.0,GEN W,OBC,1.0,once,C_unique_gp_name_statewide,Narsingh Puri,Neem Ka Thana,Neem Ka Thana,True,,,,,,,,,,,,False,1_original_gp_lgd_history_match,once,1.0,1.0,0.0,GEN W,OBC
290010.0,29.3260366824,74.5025388288,R,RAJASTHAN,Hanumangarh,NFHS4,12 AG,8,100,467,67521,38091.0,Mirjewali Mer,6,False,True,False,"{""38091"": 1.0}",True,38091,True,12 Ag,Hanumangarh,Tibbi,38091,Mirjewali Mer,True,38091,True,False,3_gp_no_reservation_history,38091,Mirjewali Mer,Hanumangarh,Tibbi,mirjewalimer,hanumangarh,tibbi,Mirjewali Mer,mirjewalimer,hanumangarh,hanumangarh,,,,,,,,,,,,False,False,False,,,,,,,,,,,False,,,,,,,,,,,,False,0_unmatched,,,,,,
290011.0,28.1850096689,75.5199643283,R,RAJASTHAN,Jhunjhunun,NFHS4,Khudana,8,103,488,71191,39408.0,Khudana,10,False,True,False,"{""39408"": 1.0}",True,39408,True,Khudana,Jhunjhunu,Chirawa,39408,Khudana,True,39408,True,False,3_gp_no_reservation_history,39408,Khudana,Jhunjhunu,Chirawa,khudana,jhunjhunu,chirawa,Khudana,khudana,jhunjhunu,jhunjhunu,,,,,,,,,,,,False,False,False,,,,,,,,,,,False,once,1.0,1.0,0.0,GEN W,GEN,1.0,1.0,high_confidence_gp_and_exact_samiti,khudana,CHIRAWA,True,3_fuzzy_gpname_exact_or_close_samiti_match,once,1.0,1.0,0.0,GEN W,GEN
290012.0,25.7824153321,75.621022064,R,RAJASTHAN,Tonk,NFHS4,Anwa,8,120,620,93374,41999.0,Anwa,8,False,True,False,"{""41999"": 1.0}",True,41999,True,Anwa,Tonk,Dooni,41999,Anwa,True,41999,True,False,3_gp_no_reservation_history,41999,Anwa,Tonk,Dooni,anwa,tonk,dooni,Anwa,anwa,tonk,tonk,,,,,,,,,,,,False,False,False,,,,,,,,,,,False,,,,,,,,,,,,False,0_unmatched,,,,,,
290013.0,27.24994016,74.774895697,R,RAJASTHAN,Nagaur,NFHS4,Nimod,8,112,558,82632,40420.0,Nimod,10,False,True,False,"{""40420"": 1.0}",True,40420,True,Nimod,Didwana-Kuchaman,Maulasar,40420,Nimod,True,40420,True,False,3_gp_no_reservation_history,40420,Nimod,Didwana-Kuchaman,Maulasar,nimod,didwanakuchaman,maulasar,Nimod,nimod,nagaur,nagaur,,,,,,,,,,,,False,False,False,,,,,,,,,,,False,,,,,,,,,,,,False,0_unmatched,,,,,,
290017.0,23.1868286066,74.1630565623,R,RAJASTHAN,Banswara,NFHS4,Sallo Pat,8,125,653,99533,34395.0,Sallopat,13,False,True,False,"{""34395"": 1.0}",True,34395,True,Sallo Pat,Banswara,Gangadtalai,34395,Sallopat,True,34395,True,True,4_full_coverage,34395,Sallopat,Banswara,Gangadtalai,sallopat,banswara,gangadtalai,Sallopat,sallopat,banswara,banswara,sallopat,banswara,1.0,1.0,bagidora,1.0,twice,2.0,twice,1.0,1.0,True,True,False,1.0,1.0,ST W,STW,2.0,twice,B_exact_gp_district,Sallopat,Banswara,Gangadtalai,True,,,,,,,,,,,,False,1_original_gp_lgd_history_match,twice,2.0,1.0,1.0,ST W,STW
290018.0,25.9966235569,76.741629006,R,RAJASTHAN,Sawai Madhopur,NFHS4,Rodawad,8,108,532,77813,41468.0,Rodawad,7,False,True,False,"{""41468"": 1.0}",True,41468,True,Rodawad,Sawai Madhopur,Khandar,41468,Rodawad,True,41468,True,False,3_gp_no_reservation_history,41468,Rodawad,Sawai Madhopur,Khandar,rodawad,sawaimadhopur,khandar,Rodawad,rodawad,sawaimadhopur,sawaimadhopur,,,,,,,,,,,,False,False,False,,,,,,,,,,,False,,,,,,,,,,,,False,0_unmatched,,,,,,
290022.0,26.7873889567,77.5466370071,R,RAJASTHAN,Dhaulpur,NFHS4,Bagthar,8,106,515,75368,37288.0,Bagthar,12,False,True,False,"{""37288"": 1.0}",True,37288,True,Bagthar,Dholpur,Baseri,37288,Bagthar,True,37288,True,True,4_full_coverage,37288,Bagthar,Dholpur,Baseri,bagthar,dholpur,baseri,Bagthar,bagthar,dholpur,dholpur,bagthar,dholpur,1.0,1.0,baseri,1.0,never,0.0,never,0.0,0.0,True,True,False,0.0,0.0,SC,GEN,0.0,never,A_exact_gp_district_samiti,Bagthar,Dholpur,Baseri,True,,,,,,,,,,,,False,1_original_gp_lgd_history_match,never,0.0,0.0,0.0,SC,GEN
290024.0,24.8360829089,76.5424198797,R,RAJASTHAN,Baran,NFHS4,Sakatpur,8,128,673,102873,34728.0,Sakatpur,8,False,True,False,"{""34728"": 1.0}",True,34728,True,Sakatpur,Baran,Atru,34728,Sakatpur,True,34728,True,False,3_gp_no_reservation_history,34728,Sakatpur,Baran,Atru,sakatpur,baran,atru,Sakatpur,sakatpur,baran,baran,,,,,,,,,,,,False,False,False,,,,,,,,,,,False,once,1.0,0.0,1.0,GEN,GENW,0.9411764705882353,1.0,high_confidence_gp_and_exact_samiti,sakatpura,ATRU,True,3_fuzzy_gpname_exact_or_close_samiti_match,once,1.0,0.0,1.0,GEN,GENW
290025.0,29.0108921508,74.0841431096,R,RAJASTHAN,Hanumangarh,NFHS4,UDASAR CHHOTA,8,100,470,68551,38190.0,Moter,2,False,True,False,"{""38190"": 1.0}",True,38190,True,Udasar Chhota,Hanumangarh,Pallu,38190,Moter,True,38190,True,False,3_gp_no_reservation_history,38190,Moter,Hanumangarh,Pallu,moter,hanumangarh,pallu,Moter,moter,hanumangarh,hanumangarh,,,,,,,,,,,,False,False,False,,,,,,,,,,,False,,,,,,,,,,,,False,0_unmatched,,,,,,
290026.0,27.2173128954,77.6355508711,R,RAJASTHAN,Bharatpur,NFHS4,Ghusyari,8,105,511,74761,35555.0,Ghusyari,10,False,True,False,"{""35555"": 1.0}",True,35555,True,Ghusyari,Bharatpur,Bharatpur,35555,Ghusyari,True,35555,True,False,3_gp_no_reservation_history,35555,Ghusyari,Bharatpur,Bharatpur,ghusyari,bharatpur,bharatpur,Ghusyari,ghusyari,bharatpur,bharatpur,,,,,,,,,,,,False,False,False,,,,,,,,,,,False,,,,,,,,,,,,False,0_unmatched,,,,,,
290028.0,25.3297410822,74.0239355549,R,RAJASTHAN,Rajsamand,NFHS4,Sakarda,8,123,641,96722,41134.0,Sakarda,5,False,True,False,"{""41134"": 1.0}",True,41134,True,Sakarda,Rajsamand,Amet,41134,Sakarda,True,41134,True,False,3_gp_no_reservation_history,41134,Sakarda,Rajsamand,Amet,sakarda,rajsamand,amet,Sakarda,sakarda,rajsamand,rajsamand,,,,,,,,,,,,False,False,False,,,,,,,,,,,False,once,1.0,1.0,0.0,OBC W,GEN,0.9333333333333333,1.0,high_confidence_gp_and_exact_samiti,sakarada,AMET,True,3_fuzzy_gpname_exact_or_close_samiti_match,once,1.0,1.0,0.0,OBC W,GEN
290029.0,26.738171295,72.9382506893,R,RAJASTHAN,Jodhpur,NFHS4,Bhawani Singh Nagar,8,113,568,84596,,,3,False,True,False,{},True,,False,Bhawani Singh Nagar,Jodhpur (Gramin),Osian,262560,Bhairu Sagar,True,262560,True,False,3_gp_no_reservation_history,262560,Bhairu Sagar,Jodhpur (Gramin),Osian,bhairusagar,jodhpurgramin,osian,Bhairu Sagar,bhairusagar,jodhpur,jodhpur,,,,,,,,,,,,False,False,False,,,,,,,,,,,False,,,,,,,,,,,,False,0_unmatched,,,,,,
290030.0,29.7227636719,74.2244050133,R,RAJASTHAN,Hanumangarh,NFHS4,16 MMK,8,100,468,67592,38064.0,Jorkiyan,6,False,True,False,"{""38064"": 1.0}",True,38064,True,16 Mmk,Hanumangarh,Hanumangarh,38064,Jorkiyan,True,38064,True,False,3_gp_no_reservation_history,38064,Jorkiyan,Hanumangarh,Hanumangarh,jorkiyan,hanumangarh,hanumangarh,Jorkiyan,jorkiyan,hanumangarh,hanumangarh,,,,,,,,,,,,False,False,False,,,,,,,,,,,False,never,0.0,0.0,0.0,GEN,SC,0.9333333333333333,1.0,high_confidence_gp_and_exact_samiti,jorkiya,HANUMANGARH,True,3_fuzzy_gpname_exact_or_close_samiti_match,never,0.0,0.0,0.0,GEN,SC
290031.0,25.3669698789,75.9939827289,R,RAJASTHAN,Bundi,NFHS4,Arnetha,8,121,625,94253,36255.0,Arnetha,11,False,True,False,"{""36255"": 1.0}",True,36255,True,Arnetha,Bundi,Keshoraipatan,36255,Arnetha,True,36255,True,True,4_full_coverage,36255,Arnetha,Bundi,Keshoraipatan,arnetha,bundi,keshoraipatan,Arnetha,arnetha,bundi,bundi,arnetha,bundi,1.0,1.0,keshoraipatan,1.0,once,1.0,once,0.0,1.0,True,True,False,0.0,1.0,GEN,OBCW,1.0,once,A_exact_gp_district_samiti,Arnetha,Bundi,Keshoraipatan,True,,,,,,,,,,,,False,1_original_gp_lgd_history_match,once,1.0,0.0,1.0,GEN,OBCW
290032.0,27.5482998667,71.1276665436,R,RAJASTHAN,Jaisalmer,NFHS4,Poorn Nagar,8,114,574,85912,,,0,False,False,True,{},True,,False,Poorn Nagar,Jaisalmer,Jaisalmer,262703,Jawaharnagar,True,262703,True,False,3_gp_no_reservation_history,262703,Jawaharnagar,Jaisalmer,Jaisalmer,jawaharnagar,jaisalmer,jaisalmer,Jawaharnagar,jawaharnagar,jaisalmer,jaisalmer,,,,,,,,,,,,False,False,False,,,,,,,,,,,False,,,,,,,,,,,,False,0_unmatched,,,,,,
290033.0,28.0722845329,76.8586665818,R,RAJASTHAN,Alwar,NFHS4,Nibaheri,8,104,496,72267,262829.0,Nimbahedi,13,False,True,False,"{""262829"": 1.0}",True,262829,True,Nimbhahedi,Khairthal-Tijara,Tapukara,262829,Nimbahedi,True,262829,True,False,3_gp_no_reservation_history,262829,Nimbahedi,Khairthal-Tijara,Tapukara,nimbahedi,khairthaltijara,tapukara,Nimbahedi,nimbahedi,alwar,alwar,,,,,,,,,,,,False,False,False,,,,,,,,,,,False,,,,,,,,,,,,False,0_unmatched,,,,,,
290034.0,24.5938557416,72.5545705485,R,RAJASTHAN,Sirohi,NFHS4,Karoti,8,117,596,90322,41923.0,Loonol,10,False,True,False,"{""41923"": 1.0}",True,41923,True,Karoti,Sirohi,Reodar,41923,Loonol,True,41923,True,False,3_gp_no_reservation_history,41923,Loonol,Sirohi,Reodar,loonol,sirohi,reodar,Loonol,loonol,sirohi,sirohi,,,,,,,,,,,,False,False,False,,,,,,,,,,,False,,,,,,,,,,,,False,0_unmatched,,,,,,
290035.0,24.5939049861,76.8903174145,R,RAJASTHAN,Baran,NFHS4,Pachpara,8,128,676,103513,34778.0,Pachpara,11,False,True,False,"{""34778"": 1.0}",True,34778,True,Pachpara,Baran,Chhabra,34778,Pachpara,True,34778,True,False,3_gp_no_reservation_history,34778,Pachpara,Baran,Chhabra,pachpara,baran,chhabra,Pachpara,pachpara,baran,baran,,,,,,,,,,,,False,False,False,,,,,,,,,,,False,,,,,,,,,,,,False,0_unmatched,,,,,,
290036.0,26.1456970328,76.3940067272,R,RAJASTHAN,Sawai Madhopur,NFHS4,Bhains Khera,8,108,531,77631,41512.0,Seloo,13,False,True,False,"{""41512"": 1.0}",True,41512,True,Bhains Khera,Sawai Madhopur,Sawai Madhopur,41512,Seloo,True,41512,True,False,3_gp_no_reservation_history,41512,Seloo,Sawai Madhopur,Sawai Madhopur,seloo,sawaimadhopur,sawaimadhopur,Seloo,seloo,sawaimadhopur,sawaimadhopur,,,,,,,,,,,,False,False,False,,,,,,,,,,,False,,,,,,,,,,,,False,0_unmatched,,,,,,
290037.0,24.1051050002,74.7162549876,R,RAJASTHAN,Pratapgarh,NFHS4,Bihara,8,131,699,108497,295164.0,Bihara,11,False,True,False,"{""295164"": 1.0}",True,295164,True,Bihara,Pratapgarh,Pratapgarh,295164,Bihara,True,295164,True,False,3_gp_no_reservation_history,295164,Bihara,Pratapgarh,Pratapgarh,bihara,pratapgarh,pratapgarh,Bihara,bihara,pratapgarh,pratapgarh,,,,,,,,,,,,False,False,False,,,,,,,,,,,False,,,,,,,,,,,,False,0_unmatched,,,,,,
290039.0,29.0463380808,74.8342931248,R,RAJASTHAN,Hanumangarh,NFHS4,SOORPURA,8,100,471,68793,38150.0,Bhograna,5,False,True,False,"{""38150"": 1.0}",True,38150,True,Soorpura,Hanumangarh,Nohar,38150,Bhograna,True,38150,True,True,4_full_coverage,38150,Bhograna,Hanumangarh,Nohar,bhograna,hanumangarh,nohar,Bhograna,bhograna,hanumangarh,hanumangarh,bhograna,hanumangarh,1.0,1.0,nohar,1.0,twice,2.0,twice,1.0,1.0,True,True,False,1.0,1.0,SC W,GENW,2.0,twice,A_exact_gp_district_samiti,Bhograna,Hanumangarh,Nohar,True,,,,,,,,,,,,False,1_original_gp_lgd_history_match,twice,2.0,1.0,1.0,SC W,GENW
290045.0,29.0787938288,74.6356075571,R,RAJASTHAN,Hanumangarh,NFHS4,BHAGWANSAR,8,100,471,68612,38167.0,Gorkhana,3,False,True,False,"{""38167"": 1.0}",True,38167,True,Bhagwansar,Hanumangarh,Nohar,38167,Gorkhana,True,38167,True,True,4_full_coverage,38167,Gorkhana,Hanumangarh,Nohar,gorkhana,hanumangarh,nohar,Gorkhana,gorkhana,hanumangarh,hanumangarh,gorkhana,hanumangarh,1.0,1.0,nohar,1.0,never,0.0,never,0.0,0.0,True,True,False,0.0,0.0,GEN,OBC,0.0,never,A_exact_gp_district_samiti,Gorkhana,Hanumangarh,Nohar,True,,,,,,,,,,,,False,1_original_gp_lgd_history_match,never,0.0,0.0,0.0,GEN,OBC
290046.0,25.0247740694,71.1183132402,R,RAJASTHAN,Barmer,NFHS4,Salriya,8,115,584,88933,35063.0,Salariya,7,False,True,False,"{""35063"": 1.0}",True,35063,True,Salariya,Barmer,Sedwa,35063,Salariya,True,35063,True,True,4_full_coverage,35063,Salariya,Barmer,Sedwa,salariya,barmer,sedwa,Salariya,salariya,barmer,barmer,salariya,barmer,1.0,1.0,chohtan,1.0,once,1.0,once,0.0,1.0,True,True,False,0.0,1.0,SC,OBCW,1.0,once,B_exact_gp_district,Salariya,Barmer,Sedwa,True,,,,,,,,,,,,False,1_original_gp_lgd_history_match,once,1.0,0.0,1.0,SC,OBCW
290047.0,24.3208705675,73.2029473563,R,RAJASTHAN,Udaipur,NFHS4,Gau Peepla,8,130,687,106012,294373.0,Gau Peepla,9,False,True,False,"{""294373"": 1.0}",True,294373,True,Gau Peepla,Udaipur,Kotra,294373,Gau Peepla,True,294373,True,False,3_gp_no_reservation_history,294373,Gau Peepla,Udaipur,Kotra,gaupeepla,udaipur,kotra,Gau Peepla,gaupeepla,udaipur,udaipur,,,,,,,,,,,,False,False,False,,,,,,,,,,,False,,,,,,,,,,,,False,0_unmatched,,,,,,
290048.0,27.8950247474,76.8582221579,R,RAJASTHAN,Alwar,NFHS4,Maliyar Jatt,8,104,496,72362,262325.0,Maliyar Jat,12,False,True,False,"{""262325"": 1.0}",True,262325,True,Maliyar Jat,Khairthal-Tijara,Tijara,262325,Maliyar Jat,True,262325,True,False,3_gp_no_reservation_history,262325,Maliyar Jat,Khairthal-Tijara,Tijara,maliyarjat,khairthaltijara,tijara,Maliyar Jat,maliyarjat,alwar,alwar,,,,,,,,,,,,False,False,False,,,,,,,,,,,False,,,,,,,,,,,,False,0_unmatched,,,,,,
290049.0,24.5353821584,76.2920105735,R,RAJASTHAN,Jhalawar,NFHS4,Pirathvi Pura,8,129,679,104092,39163.0,Gordhanpura,9,False,True,False,"{""39163"": 1.0}",True,39163,True,Pirathvi Pura,Jhalawar,Asnawar,39163,Gordhanpura,True,39163,True,True,4_full_coverage,39163,Gordhanpura,Jhalawar,Asnawar,gordhanpura,jhalawar,asnawar,Gordhanpura,gordhanpura,jhalawar,jhalawar,gordhanpura,jhalawar,2.0,1.0,jhalrapatan,1.0,never,0.0,never,0.0,0.0,True,True,False,0.0,0.0,SC,OBC,0.0,never,B_exact_gp_district,Gordhanpura,Jhalawar,Asnawar,True,,,,,,,,,,,,False,1_original_gp_lgd_history_match,never,0.0,0.0,0.0,SC,OBC
290050.0,27.8018663523,75.7437823995,R,RAJASTHAN,Jhunjhunun,NFHS4,Chak Mandoli,8,111,556,82199,262802.0,Napawali,5,False,True,False,"{""262802"": 1.0}",True,262802,True,Chak Mandoli,Neem Ka Thana,Neem Ka Thana,262802,Napawali,True,262802,True,False,3_gp_no_reservation_history,262802,Napawali,Neem Ka Thana,Neem Ka Thana,napawali,neemkathana,neemkathana,Napawali,napawali,jhunjhunu,sikar,,,,,,,,,,,,False,False,False,,,,,,,,,,,False,,,,,,,,,,,,False,0_unmatched,,,,,,
290052.0,24.5713810204,74.3892350453,R,RAJASTHAN,Chittaurgarh,NFHS4,Bhatoli Bagariyan,8,126,661,101120,36612.0,Bhatoli Bagriyan,9,False,True,False,"{""36612"": 1.0}",True,36612,True,Bhatoli Bagariyan,Chittorgarh,Dungla,36612,Bhatoli Bagriyan,True,36612,True,False,3_gp_no_reservation_history,36612,Bhatoli Bagriyan,Chittorgarh,Dungla,bhatolibagriyan,chittorgarh,dungla,Bhatoli Bagriyan,bhatolibagriyan,chittorgarh,chittorgarh,,,,,,,,,,,,False,False,False,,,,,,,,,,,False,never,0.0,0.0,0.0,GEN,GEN,0.967741935483871,1.0,high_confidence_gp_and_exact_samiti,bhatoli bagariyan,DUNGLA,True,3_fuzzy_gpname_exact_or_close_samiti_match,never,0.0,0.0,0.0,GEN,GEN
290054.0,26.4107142533,73.9234703521,R,RAJASTHAN,Pali,NFHS4,Peepara,8,118,597,90354,295111.0,Peepara,5,False,True,False,"{""295111"": 1.0}",True,295111,True,Peepara,Beawar,Jaitaran,295111,Peepara,True,295111,True,False,3_gp_no_reservation_history,295111,Peepara,Beawar,Jaitaran,peepara,beawar,jaitaran,Peepara,peepara,pali,ajmer,,,,,,,,,,,,False,False,False,,,,,,,,,,,False,,,,,,,,,,,,False,0_unmatched,,,,,,
290055.0,27.0577202096,76.7206605869,R,RAJASTHAN,Dausa,NFHS4,Thikariya,8,109,533,78080,37067.0,Nihalpura,15,False,True,False,"{""37067"": 1.0}",True,37067,True,Thikariya,Dausa,Baijupara,37067,Nihalpura,True,37067,True,False,3_gp_no_reservation_history,37067,Nihalpura,Dausa,Baijupara,nihalpura,dausa,baijupara,Nihalpura,nihalpura,dausa,dausa,,,,,,,,,,,,False,False,False,,,,,,,,,,,False,,,,,,,,,,,,False,0_unmatched,,,,,,
290056.0,26.6131657567,72.0511609552,R,RAJASTHAN,Jaisalmer,NFHS4,Sakariya,8,114,575,86409,38807.0,Jhabra,3,False,True,False,"{""38807"": 1.0}",True,38807,True,Sakariya,Jaisalmer,Bhaniyana,38807,Jhabra,True,38807,True,False,3_gp_no_reservation_history,38807,Jhabra,Jaisalmer,Bhaniyana,jhabra,jaisalmer,bhaniyana,Jhabra,jhabra,jaisalmer,jaisalmer,jhabra,jaisalmer,1.0,1.0,sankra,1.0,once,1.0,once,1.0,0.0,True,True,True,,,,,,,,,,,False,,,,,,,,,,,,False,2_direct_gpname_dhsdistrict_match,once,1.0,1.0,0.0,,
290058.0,23.7114313365,74.4169284624,R,RAJASTHAN,Banswara,NFHS4,Charda,8,125,650,98610,34526.0,Chadla,13,False,True,False,"{""34526"": 1.0}",True,34526,True,Chadla,Banswara,Ghatol,34526,Chadla,True,34526,True,False,3_gp_no_reservation_history,34526,Chadla,Banswara,Ghatol,chadla,banswara,ghatol,Chadla,chadla,banswara,banswara,,,,,,,,,,,,False,False,False,,,,,,,,,,,False,,,,,,,,,,,,False,0_unmatched,,,,,,
290061.0,25.3357417099,73.9201560226,R,RAJASTHAN,Rajsamand,NFHS4,Sela Gurha,8,123,641,96689,41133.0,Sela Gurha,7,False,True,False,"{""41133"": 1.0}",True,41133,True,Sela Gurha,Rajsamand,Amet,41133,Sela Gurha,True,41133,True,False,3_gp_no_reservation_history,41133,Sela Gurha,Rajsamand,Amet,selagurha,rajsamand,amet,Sela Gurha,selagurha,rajsamand,rajsamand,,,,,,,,,,,,False,False,False,,,,,,,,,,,False,,,,,,,,,,,,False,0_unmatched,,,,,,
290062.0,26.0498161374,74.3940280906,R,RAJASTHAN,Ajmer,NFHS4,Gena Ka Badiya,8,119,610,91986,,,13,False,True,False,{},True,,False,Gena Ka Badiya,Beawar,Masuda,262078,Nayagaon,True,262078,True,False,3_gp_no_reservation_history,262078,Nayagaon,Beawar,Masuda,nayagaon,beawar,masuda,Nayagaon,nayagaon,ajmer,ajmer,,,,,,,,,,,,False,False,False,,,,,,,,,,,False,,,,,,,,,,,,False,0_unmatched,,,,,,
290065.0,24.8993792674,71.7284618849,R,RAJASTHAN,Jalor,NFHS4,Jhotra,8,116,590,89609,246067.0,Sivada,6,False,True,False,"{""246067"": 1.0}",True,246067,True,Jhotra,Sanchore,Chitalwana,246067,Sivada,True,246067,True,False,3_gp_no_reservation_history,246067,Sivada,Sanchore,Chitalwana,sivada,sanchore,chitalwana,Sivada,sivada,jalore,jalore,,,,,,,,,,,,False,False,False,,,,,,,,,,,False,,,,,,,,,,,,False,0_unmatched,,,,,,
290066.0,27.4411683791,75.5212950716,R,RAJASTHAN,Sikar,NFHS4,Kasarda,8,111,555,82057,41665.0,Kasarda,13,False,True,False,"{""41665"": 1.0}",True,41665,True,Kasarda,Sikar,Reengus,41665,Kasarda,True,41665,True,True,4_full_coverage,41665,Kasarda,Sikar,Reengus,kasarda,sikar,reengus,Kasarda,kasarda,sikar,sikar,kasarda,sikar,1.0,1.0,khandela,1.0,once,1.0,once,0.0,1.0,True,True,False,0.0,1.0,GEN,GENW,1.0,once,B_exact_gp_district,Kasarda,Sikar,Reengus,True,,,,,,,,,,,,False,1_original_gp_lgd_history_match,once,1.0,0.0,1.0,GEN,GENW
290067.0,26.3287588503,72.3305527924,R,RAJASTHAN,Jodhpur,NFHS4,Hanawant Nagar,8,113,571,85462,262477.0,Hanwant Nagar,8,False,True,False,"{""262477"": 1.0}",True,262477,True,Hanawant Nagar,Jodhpur (Gramin),Shergarh,262477,Hanwant Nagar,True,262477,True,False,3_gp_no_reservation_history,262477,Hanwant Nagar,Jodhpur (Gramin),Shergarh,hanwantnagar,jodhpurgramin,shergarh,Hanwant Nagar,hanwantnagar,jodhpur,jodhpur,,,,,,,,,,,,False,False,False,,,,,,,,,,,False,,,,,,,,,,,,False,0_unmatched,,,,,,
290068.0,25.0742873249,72.2634148387,R,RAJASTHAN,Jalor,NFHS4,Narta,8,116,588,89344,38899.0,Narta,7,False,True,False,"{""38899"": 1.0}",True,38899,True,Narta,Jalore,Bhinmal,38899,Narta,True,38899,True,False,3_gp_no_reservation_history,38899,Narta,Jalore,Bhinmal,narta,jalore,bhinmal,Narta,narta,jalore,jalore,,,,,,,,,,,,False,False,False,,,,,,,,,,,False,once,1.0,0.0,1.0,GEN,GENW,1.0,1.0,high_confidence_gp_and_exact_samiti,narta,BHINMAL,True,3_fuzzy_gpname_exact_or_close_samiti_match,once,1.0,0.0,1.0,GEN,GENW
290069.0,28.0924905382,73.7731793468,R,RAJASTHAN,Bikaner,NFHS4,Sheruna,8,101,480,69863,36205.0,Seruna,2,False,True,False,"{""36205"": 1.0}",True,36205,True,Seruna,Bikaner,Sridungargarh,36205,Seruna,True,36205,True,False,3_gp_no_reservation_history,36205,Seruna,Bikaner,Sridungargarh,seruna,bikaner,sridungargarh,Seruna,seruna,bikaner,bikaner,,,,,,,,,,,,False,False,False,,,,,,,,,,,False,once,1.0,0.0,1.0,GEN,SCW,0.9230769230769231,0.8695652173913043,high_confidence_gp_and_close_samiti,sheruna,DUNGARGARH,True,3_fuzzy_gpname_exact_or_close_samiti_match,once,1.0,0.0,1.0,GEN,SCW
290070.0,26.456069157,76.4090692325,R,RAJASTHAN,Dausa,NFHS4,Mahariya,8,109,537,78983,37154.0,Mahariya,10,False,True,False,"{""37154"": 1.0}",True,37154,True,Mahariya,Dausa,Lalsot,37154,Mahariya,True,37154,True,True,4_full_coverage,37154,Mahariya,Dausa,Lalsot,mahariya,dausa,lalsot,Mahariya,mahariya,dausa,dausa,mahariya,dausa,1.0,1.0,lalsot,1.0,twice,2.0,twice,1.0,1.0,True,True,False,1.0,1.0,GEN W,GENW,2.0,twice,A_exact_gp_district_samiti,Mahariya,Dausa,Lalsot,True,,,,,,,,,,,,False,1_original_gp_lgd_history_match,twice,2.0,1.0,1.0,GEN W,GENW
290071.0,25.9499742162,75.5281627212,R,RAJASTHAN,Tonk,NFHS4,Salgyawas,8,120,619,93264,42131.0,Kanwarawas,7,False,True,False,"{""42131"": 1.0}",True,42131,True,Salgyawas,Kekri,Todaraisingh,42131,Kanwarawas,True,42131,True,True,4_full_coverage,42131,Kanwarawas,Kekri,Todaraisingh,kanwarawas,kekri,todaraisingh,Kanwarawas,kanwarawas,tonk,ajmer,kanwarawas,tonk,1.0,1.0,todaraisingh,1.0,once,1.0,once,0.0,1.0,True,True,False,0.0,1.0,ST,GENW,1.0,once,C_unique_gp_name_statewide,Kanwarawas,Kekri,Todaraisingh,True,,,,,,,,,,,,False,1_original_gp_lgd_history_match,once,1.0,0.0,1.0,ST,GENW
290072.0,25.7044848103,75.9347640155,R,RAJASTHAN,Bundi,NFHS4,Delpura,8,121,623,93924,36312.0,Gura Devji,6,False,True,False,"{""36312"": 1.0}",True,36312,True,Delpura,Bundi,Nainwa,36312,Gura Devji,True,36312,True,False,3_gp_no_reservation_history,36312,Gura Devji,Bundi,Nainwa,guradevji,bundi,nainwa,Gura Devji,guradevji,bundi,bundi,,,,,,,,,,,,False,False,False,,,,,,,,,,,False,,,,,,,,,,,,False,0_unmatched,,,,,,
290073.0,24.824012119,72.020659099,R,RAJASTHAN,Jalor,NFHS4,Gundav,8,116,590,89734,39009.0,Gundau,6,False,True,False,"{""39009"": 1.0}",True,39009,True,Gundav,Sanchore,Sanchore,39009,Gundau,True,39009,True,True,4_full_coverage,39009,Gundau,Sanchore,Sanchore,gundau,sanchore,sanchore,Gundau,gundau,jalore,jalore,gundau,jalore,1.0,1.0,sanchore,1.0,once,1.0,once,1.0,0.0,True,True,False,1.0,0.0,GEN W,GEN,1.0,once,C_unique_gp_name_statewide,Gundau,Sanchore,Sanchore,True,,,,,,,,,,,,False,1_original_gp_lgd_history_match,once,1.0,1.0,0.0,GEN W,GEN
290075.0,23.5620275048,74.6583486092,R,RAJASTHAN,Banswara,NFHS4,Kala Khet,8,125,652,99028,294750.0,Kala Khet,13,False,True,False,"{""294750"": 1.0}",True,294750,True,Kala Khet,Banswara,Chhoti Sarwan,294750,Kala Khet,True,294750,True,False,3_gp_no_reservation_history,294750,Kala Khet,Banswara,Chhoti Sarwan,kalakhet,banswara,chhotisarwan,Kala Khet,kalakhet,banswara,banswara,,,,,,,,,,,,False,False,False,,,,,,,,,,,False,,,,,,,,,,,,False,0_unmatched,,,,,,
290077.0,26.0349376434,75.4226583383,R,RAJASTHAN,Tonk,NFHS4,Bhasoo,8,120,619,93209,42121.0,Bhansu,6,False,True,False,"{""42121"": 1.0}",True,42121,True,Bhasoo,Kekri,Todaraisingh,42121,Bhansu,True,42121,True,False,3_gp_no_reservation_history,42121,Bhansu,Kekri,Todaraisingh,bhansu,kekri,todaraisingh,Bhansu,bhansu,tonk,ajmer,,,,,,,,,,,,False,False,False,,,,,,,,,,,False,once,1.0,0.0,1.0,OBC,GENW,0.9090909090909091,1.0,high_confidence_gp_and_exact_samiti,bhasu,TODARAISINGH,True,3_fuzzy_gpname_exact_or_close_samiti_match,once,1.0,0.0,1.0,OBC,GENW
290079.0,26.8246779685,77.8011819082,R,RAJASTHAN,Dhaulpur,NFHS4,Chitaura,8,106,517,75812,37327.0,Chitaura,18,False,True,False,"{""37327"": 1.0}",True,37327,True,Chitaura,Dholpur,Sepau,37327,Chitaura,True,37327,True,False,3_gp_no_reservation_history,37327,Chitaura,Dholpur,Sepau,chitaura,dholpur,sepau,Chitaura,chitaura,dholpur,dholpur,,,,,,,,,,,,False,False,False,,,,,,,,,,,False,,,,,,,,,,,,False,0_unmatched,,,,,,
290080.0,25.3394306399,72.3628034554,R,RAJASTHAN,Jalor,NFHS4,Sayla,8,116,585,89110,39055.0,Sayla,6,False,True,False,"{""39055"": 1.0}",True,39055,True,Sayla,Jalore,Sayla,39055,Sayla,True,39055,True,False,3_gp_no_reservation_history,39055,Sayla,Jalore,Sayla,sayla,jalore,sayla,Sayla,sayla,jalore,jalore,,,,,,,,,,,,False,False,False,,,,,,,,,,,False,once,1.0,1.0,0.0,SC W,GEN,0.9090909090909091,1.0,high_confidence_gp_and_exact_samiti,sayala,SAYLA,True,3_fuzzy_gpname_exact_or_close_samiti_match,once,1.0,1.0,0.0,SC W,GEN
290081.0,27.747915003,73.3597587328,R,RAJASTHAN,Bikaner,NFHS4,Rasisar Bas Purohitan,8,101,477,69579,294173.0,Rasisar Purohitan Baas,4,False,True,False,"{""294173"": 1.0}",True,294173,True,Rasisar Purohitan Baas,Bikaner,Nokha,294173,Rasisar Purohitan Baas,True,294173,True,False,3_gp_no_reservation_history,294173,Rasisar Purohitan Baas,Bikaner,Nokha,rasisarpurohitanbaas,bikaner,nokha,Rasisar Purohitan Baas,rasisarpurohitanbaas,bikaner,bikaner,,,,,,,,,,,,False,False,False,,,,,,,,,,,False,,,,,,,,,,,,False,0_unmatched,,,,,,
290083.0,27.3140630276,77.0468967686,R,RAJASTHAN,Alwar,NFHS4,Rela,8,104,504,73729,33929.0,Arroowa,15,False,True,False,"{""33929"": 1.0}",True,33929,True,Rela,Alwar,Kathumar,33929,Arroowa,True,33929,True,False,3_gp_no_reservation_history,33929,Arroowa,Alwar,Kathumar,arroowa,alwar,kathumar,Arroowa,arroowa,alwar,alwar,,,,,,,,,,,,False,False,False,,,,,,,,,,,False,,,,,,,,,,,,False,0_unmatched,,,,,,
290084.0,25.7825172317,75.1584937345,R,RAJASTHAN,Ajmer,NFHS4,Mehroo Kalan,8,119,614,92449,33707.0,Mehroo Kalan,12,False,True,False,"{""33707"": 1.0}",True,33707,True,Mehroo Kalan,Kekri,Sawar,33707,Mehroo Kalan,True,33707,True,False,3_gp_no_reservation_history,33707,Mehroo Kalan,Kekri,Sawar,mehrookalan,kekri,sawar,Mehroo Kalan,mehrookalan,ajmer,ajmer,,,,,,,,,,,,False,False,False,,,,,,,,,,,False,,,,,,,,,,,,False,0_unmatched,,,,,,
290086.0,24.5081694869,76.545033159,R,RAJASTHAN,Baran,NFHS4,Amlawada Kharan,8,128,677,103689,34787.0,Bilendi,2,False,True,False,"{""34787"": 1.0}",True,34787,True,Amlawada Kharan,Baran,Chhipabarod,34787,Bilendi,True,34787,True,True,4_full_coverage,34787,Bilendi,Baran,Chhipabarod,bilendi,baran,chhipabarod,Bilendi,bilendi,baran,baran,bilendi,baran,1.0,1.0,chhipabarod,1.0,once,1.0,once,1.0,0.0,True,True,False,1.0,0.0,GEN W,ST,1.0,once,A_exact_gp_district_samiti,Bilendi,Baran,Chhipabarod,True,,,,,,,,,,,,False,1_original_gp_lgd_history_match,once,1.0,1.0,0.0,GEN W,ST
290087.0,25.9970965563,74.3770068825,R,RAJASTHAN,Rajsamand,NFHS4,Rajor,8,123,639,96396,41145.0,Borwa,3,False,True,False,"{""41145"": 1.0}",True,41145,True,Rajor,Beawar,Beawar,41145,Borwa,True,41145,True,False,3_gp_no_reservation_history,41145,Borwa,Beawar,Beawar,borwa,beawar,beawar,Borwa,borwa,rajsamand,ajmer,borwa,rajsamand,1.0,1.0,bhim,1.0,never,0.0,never,0.0,0.0,True,True,True,,,,,,,,,,,False,,,,,,,,,,,,False,2_direct_gpname_dhsdistrict_match,never,0.0,0.0,0.0,,
290088.0,23.4704222534,73.9937806164,R,RAJASTHAN,Dungarpur,NFHS4,Kali Ka Parda,8,124,648,98164,262374.0,Ramsor,9,False,True,False,"{""262374"": 1.0}",True,262374,True,Kali Ka Parda,Dungarpur,Galiyakot,262374,Ramsor,True,262374,True,False,3_gp_no_reservation_history,262374,Ramsor,Dungarpur,Galiyakot,ramsor,dungarpur,galiyakot,Ramsor,ramsor,dungarpur,dungarpur,,,,,,,,,,,,False,False,False,,,,,,,,,,,False,,,,,,,,,,,,False,0_unmatched,,,,,,
290089.0,26.931033694,75.9847322846,R,RAJASTHAN,Jaipur,NFHS4,Nayla,8,110,548,80632,38462.0,Nayala,14,False,True,False,"{""38462"": 1.0}",True,38462,True,Nayla,Jaipur (Gramin),Jamwaramgarh,38462,Nayala,True,38462,True,True,4_full_coverage,38462,Nayala,Jaipur (Gramin),Andhi,nayala,jaipurgramin,andhi,Nayala,nayala,jaipur,jaipur,nayala,jaipur,2.0,1.0,jamwaramgarh,1.0,never,0.0,never,0.0,0.0,True,True,False,0.0,0.0,GEN,GEN,0.0,never,C_unique_gp_name_statewide,Nayala,Jaipur (Gramin),Andhi,True,,,,,,,,,,,,False,1_original_gp_lgd_history_match,never,0.0,0.0,0.0,GEN,GEN
290090.0,29.520761613,73.7205811544,R,RAJASTHAN,Ganganagar,NFHS4,73 LNP I,8,99,460,65063,37835.0,69 Lnp,10,False,True,False,"{""37835"": 1.0}",True,37835,True,73 Lnp I,Ganganagar,Padampur,37835,69 Lnp,True,37835,True,True,4_full_coverage,37835,69 Lnp,Ganganagar,Padampur,69lnp,ganganagar,padampur,69 Lnp,69lnp,ganganagar,ganganagar,69lnp,ganganagar,3.0,1.0,padampur,1.0,never,0.0,never,0.0,0.0,True,True,False,0.0,0.0,SC,GEN,0.0,never,A_exact_gp_district_samiti,69 Lnp,Ganganagar,Padampur,True,,,,,,,,,,,,False,1_original_gp_lgd_history_match,never,0.0,0.0,0.0,SC,GEN
290091.0,26.5754915201,71.5678912748,R,RAJASTHAN,Jaisalmer,NFHS4,Rajgarh,8,114,575,86375,38823.0,Rajgarh,5,False,True,False,"{""38823"": 1.0}",True,38823,True,Rajgarh,Jaisalmer,Pokaran,38823,Rajgarh,True,38823,True,True,4_full_coverage,38823,Rajgarh,Jaisalmer,Pokaran,rajgarh,jaisalmer,pokaran,Rajgarh,rajgarh,jaisalmer,jaisalmer,rajgarh,jaisalmer,1.0,1.0,sankra,1.0,once,1.0,once,0.0,1.0,True,True,False,0.0,1.0,GEN,GENW,1.0,once,B_exact_gp_district,Rajgarh,Jaisalmer,Pokaran,True,,,,,,,,,,,,False,1_original_gp_lgd_history_match,once,1.0,0.0,1.0,GEN,GENW
290092.0,29.6508129882,73.5813299952,R,RAJASTHAN,Ganganagar,NFHS4,6 RB,8,99,460,64984,37833.0,Jaloki,10,False,True,False,"{""37833"": 1.0}",True,37833,True,6 Rb,Ganganagar,Padampur,37833,Jaloki,True,37833,True,False,3_gp_no_reservation_history,37833,Jaloki,Ganganagar,Padampur,jaloki,ganganagar,padampur,Jaloki,jaloki,ganganagar,ganganagar,,,,,,,,,,,,False,False,False,,,,,,,,,,,False,,,,,,,,,,,,False,0_unmatched,,,,,,
290093.0,24.7599847555,73.5888096776,R,RAJASTHAN,Udaipur,NFHS4,Chor Baori,8,130,686,105744,42411.0,Chorbavdi,13,False,True,False,"{""42411"": 1.0}",True,42411,True,Vijaybavri,Udaipur,Gogunda,42411,Chorbavdi,True,42411,True,False,3_gp_no_reservation_history,42411,Chorbavdi,Udaipur,Gogunda,chorbavdi,udaipur,gogunda,Chorbavdi,chorbavdi,udaipur,udaipur,,,,,,,,,,,,False,False,False,,,,,,,,,,,False,,,,,,,,,,,,False,0_unmatched,,,,,,
290094.0,28.4770418912,75.5870193583,R,RAJASTHAN,Churu,NFHS4,Bhainsali,8,102,482,70230,36823.0,Bhainsali,6,False,True,False,"{""36823"": 1.0}",True,36823,True,Bhainsali,Churu,Rajgarh,36823,Bhainsali,True,36823,True,False,3_gp_no_reservation_history,36823,Bhainsali,Churu,Rajgarh,bhainsali,churu,rajgarh,Bhainsali,bhainsali,churu,churu,,,,,,,,,,,,False,False,False,,,,,,,,,,,False,,,,,,,,,,,,False,0_unmatched,,,,,,
290096.0,29.1800096661,75.2736554698,R,RAJASTHAN,Hanumangarh,NFHS4,3 JGW,8,100,472,68874,38004.0,Ninan (6 Jgw ),9,False,True,False,"{""38004"": 1.0}",True,38004,True,3 Jgw,Hanumangarh,Bhadra,38004,Ninan (6 Jgw ),True,38004,True,False,3_gp_no_reservation_history,38004,Ninan (6 Jgw ),Hanumangarh,Bhadra,ninan6jgw,hanumangarh,bhadra,Ninan (6 Jgw ),ninan6jgw,hanumangarh,hanumangarh,,,,,,,,,,,,False,False,False,,,,,,,,,,,False,,,,,,,,,,,,False,0_unmatched,,,,,,
290098.0,26.6315085342,76.309618209,R,RAJASTHAN,Dausa,NFHS4,Ralawas,8,109,537,78786,294625.0,Ralawas,10,False,True,False,"{""294625"": 1.0}",True,294625,True,Ralawas,Dausa,Rahuwas,294625,Ralawas,True,294625,True,False,3_gp_no_reservation_history,294625,Ralawas,Dausa,Rahuwas,ralawas,dausa,rahuwas,Ralawas,ralawas,dausa,dausa,,,,,,,,,,,,False,False,False,,,,,,,,,,,False,,,,,,,,,,,,False,0_unmatched,,,,,,
290100.0,25.1625274399,73.8737021859,R,RAJASTHAN,Rajsamand,NFHS4,Dhanyala,8,123,643,97010,41303.0,Dhanyala,11,False,True,False,"{""41303"": 1.0}",True,41303,True,Dhanyala,Rajsamand,Rajsamand,41303,Dhanyala,True,41303,True,False,3_gp_no_reservation_history,41303,Dhanyala,Rajsamand,Kunwariya,dhanyala,rajsamand,kunwariya,Dhanyala,dhanyala,rajsamand,rajsamand,,,,,,,,,,,,False,False,False,,,,,,,,,,,False,,,,,,,,,,,,False,0_unmatched,,,,,,
290102.0,24.236031608,74.6976781263,R,RAJASTHAN,Pratapgarh,NFHS4,Talaya,8,131,699,108431,295165.0,Khera Naharsingh Mata,9,False,True,False,"{""295165"": 1.0}",True,295165,True,Talaya,Pratapgarh,Pratapgarh,295165,Khera Naharsingh Mata,True,295165,True,False,3_gp_no_reservation_history,295165,Khera Naharsingh Mata,Pratapgarh,Pratapgarh,kheranaharsinghmata,pratapgarh,pratapgarh,Khera Naharsingh Mata,kheranaharsinghmata,pratapgarh,pratapgarh,,,,,,,,,,,,False,False,False,,,,,,,,,,,False,,,,,,,,,,,,False,0_unmatched,,,,,,
290103.0,26.8337153044,73.2716902698,R,RAJASTHAN,Jodhpur,NFHS4,Dhanari Kalan,8,113,568,84688,39841.0,Dhannari Kalan,3,False,True,False,"{""39841"": 1.0}",True,39841,True,Dhanari Kalan,Jodhpur (Gramin),Baori,39841,Dhannari Kalan,True,39841,True,False,3_gp_no_reservation_history,39841,Dhannari Kalan,Jodhpur (Gramin),Baori,dhannarikalan,jodhpurgramin,baori,Dhannari Kalan,dhannarikalan,jodhpur,jodhpur,,,,,,,,,,,,False,False,False,,,,,,,,,,,False,,,,,,,,,,,,False,0_unmatched,,,,,,
290105.0,28.2608333195,75.7691206473,R,RAJASTHAN,Jhunjhunun,NFHS4,Khyaliyon Ki Dhani,8,103,488,71256,39553.0,Kakora,8,False,True,False,"{""39553"": 1.0}",True,39553,True,Khyaliyon Ki Dhani,Jhunjhunu,Surajgarh,39553,Kakora,True,39553,True,False,3_gp_no_reservation_history,39553,Kakora,Jhunjhunu,Surajgarh,kakora,jhunjhunu,surajgarh,Kakora,kakora,jhunjhunu,jhunjhunu,,,,,,,,,,,,False,False,False,,,,,,,,,,,False,once,1.0,1.0,0.0,SC W,OBC,1.0,1.0,high_confidence_gp_and_exact_samiti,kakora,SURAJGARH,True,3_fuzzy_gpname_exact_or_close_samiti_match,once,1.0,1.0,0.0,SC W,OBC
290106.0,24.7859486942,74.6463251352,R,RAJASTHAN,Chittaurgarh,NFHS4,Arniya Panth,8,126,659,100821,36572.0,Arniya Panth,11,False,True,False,"{""36572"": 1.0}",True,36572,True,Arniya Panth,Chittorgarh,Chittorgarh,36572,Arniya Panth,True,36572,True,True,4_full_coverage,36572,Arniya Panth,Chittorgarh,Chittorgarh,arniyapanth,chittorgarh,chittorgarh,Arniya Panth,arniyapanth,chittorgarh,chittorgarh,arniyapanth,chittorgarh,1.0,1.0,chhitorgarh,1.0,never,0.0,never,0.0,0.0,True,True,False,0.0,0.0,GEN,SC,0.0,never,B_exact_gp_district,Arniya Panth,Chittorgarh,Chittorgarh,True,,,,,,,,,,,,False,1_original_gp_lgd_history_match,never,0.0,0.0,0.0,GEN,SC
290107.0,25.2867826086,77.1101855314,R,RAJASTHAN,Baran,NFHS4,Rajpur,8,128,675,103181,34866.0,Rajpur,4,False,True,False,"{""34866"": 1.0}",True,34866,True,Rajpur,Baran,Shahbad,34866,Rajpur,True,34866,True,True,4_full_coverage,34866,Rajpur,Baran,Shahbad,rajpur,baran,shahbad,Rajpur,rajpur,baran,baran,rajpur,baran,1.0,1.0,shahbad,1.0,once,1.0,once,1.0,0.0,True,True,False,1.0,0.0,GEN W,ST,1.0,once,A_exact_gp_district_samiti,Rajpur,Baran,Shahbad,True,,,,,,,,,,,,False,1_original_gp_lgd_history_match,once,1.0,1.0,0.0,GEN W,ST
290108.0,27.1574515924,75.2926720853,R,RAJASTHAN,Sikar,NFHS4,Karad,8,111,554,81912,41539.0,Karad,5,False,True,False,"{""41539"": 1.0}",True,41539,True,Karad,Sikar,Danta Ramgarh,41539,Karad,True,41539,True,True,4_full_coverage,41539,Karad,Sikar,Danta Ramgarh,karad,sikar,dantaramgarh,Karad,karad,sikar,sikar,karad,sikar,1.0,1.0,dantaramgarh,1.0,never,0.0,never,0.0,0.0,True,True,False,0.0,0.0,GEN,SC,0.0,never,A_exact_gp_district_samiti,Karad,Sikar,Danta Ramgarh,True,,,,,,,,,,,,False,1_original_gp_lgd_history_match,never,0.0,0.0,0.0,GEN,SC
290110.0,27.1526206802,76.8415241961,R,RAJASTHAN,Dausa,NFHS4,Nangal Sumer Singh,8,109,534,78140,37189.0,Jatwara,9,False,True,False,"{""37189"": 1.0}",True,37189,True,Nangal Sumer Singh,Dausa,Mandawar,37189,Jatwara,True,37189,True,False,3_gp_no_reservation_history,37189,Jatwara,Dausa,Mandawar,jatwara,dausa,mandawar,Jatwara,jatwara,dausa,dausa,,,,,,,,,,,,False,False,False,,,,,,,,,,,False,,,,,,,,,,,,False,0_unmatched,,,,,,
290111.0,24.3140247363,74.2475681948,R,RAJASTHAN,Udaipur,NFHS4,Sakalda,8,130,691,107034,42338.0,Kun,10,False,True,False,"{""42338"": 1.0}",True,42338,True,Sakalda,Salumbar,Lasadiya,42338,Kun,True,42338,True,False,3_gp_no_reservation_history,42338,Kun,Salumbar,Lasadiya,kun,salumbar,lasadiya,Kun,kun,udaipur,udaipur,,,,,,,,,,,,False,False,False,,,,,,,,,,,False,,,,,,,,,,,,False,0_unmatched,,,,,,
290112.0,24.8064586072,75.9603492205,R,RAJASTHAN,Kota,NFHS4,Jhamra,8,127,668,102177,40236.0,Piplda,6,False,True,False,"{""40236"": 1.0}",True,40236,True,Jhamra,Kota,Chechat,40236,Piplda,True,40236,True,False,3_gp_no_reservation_history,40236,Piplda,Kota,Chechat,piplda,kota,chechat,Piplda,piplda,kota,kota,,,,,,,,,,,,False,False,False,,,,,,,,,,,False,,,,,,,,,,,,False,0_unmatched,,,,,,
290113.0,29.6413938281,74.3743207,R,RAJASTHAN,Hanumangarh,NFHS4,17 MKS,8,100,466,67287,38085.0,Manaksar,10,False,True,False,"{""38085"": 1.0}",True,38085,True,17 Mks,Hanumangarh,Sangaria,38085,Manaksar,True,38085,True,False,3_gp_no_reservation_history,38085,Manaksar,Hanumangarh,Sangaria,manaksar,hanumangarh,sangaria,Manaksar,manaksar,hanumangarh,hanumangarh,,,,,,,,,,,,False,False,False,,,,,,,,,,,False,,,,,,,,,,,,False,0_unmatched,,,,,,
290115.0,26.643380806,77.5832568446,R,RAJASTHAN,Dhaulpur,NFHS4,Rudh Ka Pura,8,106,516,75593,37275.0,Nidhara,13,False,True,False,"{""37275"": 1.0}",True,37275,True,Rudh Ka Pura,Dholpur,Bari,37275,Nidhara,True,37275,True,True,4_full_coverage,37275,Nidhara,Dholpur,Bari,nidhara,dholpur,bari,Nidhara,nidhara,dholpur,dholpur,nidhara,dholpur,1.0,1.0,bari,1.0,twice,2.0,twice,1.0,1.0,True,True,False,1.0,1.0,GEN W,GENW,2.0,twice,A_exact_gp_district_samiti,Nidhara,Dholpur,Bari,True,,,,,,,,,,,,False,1_original_gp_lgd_history_match,twice,2.0,1.0,1.0,GEN W,GENW
290116.0,26.555022975,76.1942832955,R,RAJASTHAN,Dausa,NFHS4,Anooppura,8,109,537,78842,37174.0,Jhanpda,10,False,True,False,"{""37174"": 1.0}",True,37174,True,Anooppura,Dausa,Nirjharna,37174,Jhanpda,True,37174,True,True,4_full_coverage,37174,Jhanpda,Dausa,Nirjharna,jhanpda,dausa,nirjharna,Jhanpda,jhanpda,dausa,dausa,jhanpda,dausa,1.0,1.0,lalsot,1.0,twice,2.0,twice,1.0,1.0,True,True,False,1.0,1.0,GEN W,STW,2.0,twice,B_exact_gp_district,Jhanpda,Dausa,Nirjharna,True,,,,,,,,,,,,False,1_original_gp_lgd_history_match,twice,2.0,1.0,1.0,GEN W,STW
290117.0,27.4205947218,76.9458943752,R,RAJASTHAN,Alwar,NFHS4,Itera,8,104,503,73547,34034.0,Itera,9,False,True,False,"{""34034"": 1.0}",True,34034,True,Itera,Alwar,Lachhmangarh,34034,Itera,True,34034,True,False,3_gp_no_reservation_history,34034,Itera,Alwar,Lachhmangarh,itera,alwar,lachhmangarh,Itera,itera,alwar,alwar,,,,,,,,,,,,False,False,False,,,,,,,,,,,False,,,,,,,,,,,,False,0_unmatched,,,,,,
290118.0,25.2188627135,73.2962430282,R,RAJASTHAN,Pali,NFHS4,Karlai,8,118,605,91286,40809.0,Dhani,5,False,True,False,"{""40809"": 1.0}",True,40809,True,Karlai,Pali,Bali,40809,Dhani,True,40809,True,False,3_gp_no_reservation_history,40809,Dhani,Pali,Bali,dhani,pali,bali,Dhani,dhani,pali,pali,,,,,,,,,,,,False,False,False,,,,,,,,,,,False,never,0.0,0.0,0.0,GEN,GEN,1.0,1.0,high_confidence_gp_and_exact_samiti,dhani,BALI,True,3_fuzzy_gpname_exact_or_close_samiti_match,never,0.0,0.0,0.0,GEN,GEN
290119.0,26.6853170504,78.0623368686,R,RAJASTHAN,Dhaulpur,NFHS4,Gadrai,8,106,519,76179,37391.0,Mahadpura,4,False,True,False,"{""37391"": 1.0}",True,37391,True,Gadrai,Dholpur,Rajakhera,37391,Mahadpura,True,37391,True,False,3_gp_no_reservation_history,37391,Mahadpura,Dholpur,Rajakhera,mahadpura,dholpur,rajakhera,Mahadpura,mahadpura,dholpur,dholpur,,,,,,,,,,,,False,False,False,,,,,,,,,,,False,,,,,,,,,,,,False,0_unmatched,,,,,,
290120.0,27.674105522,75.3284119771,R,RAJASTHAN,Sikar,NFHS4,Nada Ki Dhani,8,111,553,81664,,,5,False,True,False,{},True,,False,Nada Ki Dhani,Sikar,Sikar,262167,Kushalpura,True,262167,True,False,3_gp_no_reservation_history,262167,Kushalpura,Sikar,Sikar,kushalpura,sikar,sikar,Kushalpura,kushalpura,sikar,sikar,,,,,,,,,,,,False,False,False,,,,,,,,,,,False,,,,,,,,,,,,False,0_unmatched,,,,,,
290121.0,24.8998235931,72.2053021177,R,RAJASTHAN,Jalor,NFHS4,Rampura,8,116,591,89804,,,6,False,True,False,{},True,,False,Rampura,Sanchore,Raniwara,38992,Silasan,True,38992,True,True,4_full_coverage,38992,Silasan,Sanchore,Raniwara,silasan,sanchore,raniwara,Silasan,silasan,jalore,jalore,silasan,jalore,1.0,1.0,raniwara,1.0,twice,2.0,twice,1.0,1.0,True,True,False,1.0,1.0,SC W,GENW,2.0,twice,C_unique_gp_name_statewide,Silasan,Sanchore,Raniwara,True,,,,,,,,,,,,False,1_original_gp_lgd_history_match,twice,2.0,1.0,1.0,SC W,GENW
290124.0,27.9269617724,72.9996547531,R,RAJASTHAN,Bikaner,NFHS4,Goyalri,8,101,476,69416,36069.0,Chani,6,False,True,False,"{""36069"": 1.0}",True,36069,True,Goyalri,Bikaner,Kolayat,36069,Chani,True,36069,True,True,4_full_coverage,36069,Chani,Bikaner,Kolayat,chani,bikaner,kolayat,Chani,chani,bikaner,bikaner,chani,bikaner,1.0,1.0,kolayat,1.0,once,1.0,once,0.0,1.0,True,True,False,0.0,1.0,GEN,GENW,1.0,once,A_exact_gp_district_samiti,Chani,Bikaner,Kolayat,True,,,,,,,,,,,,False,1_original_gp_lgd_history_match,once,1.0,0.0,1.0,GEN,GENW
290125.0,26.2341819256,72.5009448004,R,RAJASTHAN,Barmer,NFHS4,Rorwa Khurd,8,115,579,87472,34923.0,Thumbli,6,False,True,False,"{""34923"": 1.0}",True,34923,True,Rorwa Khurd,Balotra,Kalyanpur,34923,Thumbli,True,34923,True,False,3_gp_no_reservation_history,34923,Thumbli,Balotra,Kalyanpur,thumbli,balotra,kalyanpur,Thumbli,thumbli,barmer,barmer,,,,,,,,,,,,False,False,False,,,,,,,,,,,False,,,,,,,,,,,,False,0_unmatched,,,,,,
290127.0,26.0393767383,76.3791405702,R,RAJASTHAN,Sawai Madhopur,NFHS4,Khatupura,8,108,531,77676,41495.0,Khatupura,12,False,True,False,"{""41495"": 1.0}",True,41495,True,Khatupura,Sawai Madhopur,Sawai Madhopur,41495,Khatupura,True,41495,True,True,4_full_coverage,41495,Khatupura,Sawai Madhopur,Sawai Madhopur,khatupura,sawaimadhopur,sawaimadhopur,Khatupura,khatupura,sawaimadhopur,sawaimadhopur,khatupura,sawaimadhopur,1.0,1.0,sawaimadhopur,1.0,never,0.0,never,0.0,0.0,True,True,False,0.0,0.0,GEN,ST,0.0,never,A_exact_gp_district_samiti,Khatupura,Sawai Madhopur,Sawai Madhopur,True,,,,,,,,,,,,False,1_original_gp_lgd_history_match,never,0.0,0.0,0.0,GEN,ST
290128.0,27.8712441079,73.5781215858,R,RAJASTHAN,Bikaner,NFHS4,Ramsar,8,101,473,69122,36046.0,Ramsar,3,False,True,False,"{""36046"": 1.0}",True,36046,True,Ramsar,Bikaner,Bikaner,36046,Ramsar,True,36046,True,True,4_full_coverage,36046,Ramsar,Bikaner,Bikaner,ramsar,bikaner,bikaner,Ramsar,ramsar,bikaner,bikaner,ramsar,bikaner,2.0,1.0,bikaner,1.0,never,0.0,never,0.0,0.0,True,True,False,0.0,0.0,GEN,SC,0.0,never,A_exact_gp_district_samiti,Ramsar,Bikaner,Bikaner,True,,,,,,,,,,,,False,1_original_gp_lgd_history_match,never,0.0,0.0,0.0,GEN,SC
290130.0,24.6527858914,74.2923721341,R,RAJASTHAN,Chittaurgarh,NFHS4,Lothiyana,8,126,661,101072,36622.0,Lothiyana,10,False,True,False,"{""36622"": 1.0}",True,36622,True,Lothiyana,Chittorgarh,Dungla,36622,Lothiyana,True,36622,True,True,4_full_coverage,36622,Lothiyana,Chittorgarh,Dungla,lothiyana,chittorgarh,dungla,Lothiyana,lothiyana,chittorgarh,chittorgarh,lothiyana,chittorgarh,1.0,1.0,dungla,1.0,never,0.0,never,0.0,0.0,True,True,False,0.0,0.0,OBC,GEN,0.0,never,A_exact_gp_district_samiti,Lothiyana,Chittorgarh,Dungla,True,,,,,,,,,,,,False,1_original_gp_lgd_history_match,never,0.0,0.0,0.0,OBC,GEN
290131.0,24.4977294848,73.5469384445,R,RAJASTHAN,Udaipur,NFHS4,Alsigarh,8,130,689,106547,42356.0,Alsigarh,11,False,True,False,"{""42356"": 1.0}",True,42356,True,Alsigarh,Udaipur,Barapal,42356,Alsigarh,True,42356,True,True,4_full_coverage,42356,Alsigarh,Udaipur,Barapal,alsigarh,udaipur,barapal,Alsigarh,alsigarh,udaipur,udaipur,alsigarh,udaipur,1.0,1.0,girwa,1.0,once,1.0,once,0.0,1.0,True,True,False,0.0,1.0,ST,STW,1.0,once,B_exact_gp_district,Alsigarh,Udaipur,Barapal,True,,,,,,,,,,,,False,1_original_gp_lgd_history_match,once,1.0,0.0,1.0,ST,STW
290132.0,26.552431851,74.8306312195,R,RAJASTHAN,Ajmer,NFHS4,Dhani Purohitan,8,119,606,91488,33605.0,Katsoora,6,False,True,False,"{""33605"": 1.0}",True,33605,True,Dhani Purohitan,Ajmer,Kishangarh,33605,Katsoora,True,33605,True,False,3_gp_no_reservation_history,33605,Katsoora,Ajmer,Arain,katsoora,ajmer,arain,Katsoora,katsoora,ajmer,ajmer,,,,,,,,,,,,False,False,False,,,,,,,,,,,False,,,,,,,,,,,,False,0_unmatched,,,,,,
290133.0,26.4904431961,75.392220849,R,RAJASTHAN,Jaipur,NFHS4,Kudli,8,110,544,79932,294022.0,Kudli,4,False,True,False,"{""294022"": 1.0}",True,294022,True,Kudli,Dudu,Phagi,294022,Kudli,True,294022,True,False,3_gp_no_reservation_history,294022,Kudli,Dudu,Phagi,kudli,dudu,phagi,Kudli,kudli,jaipur,jaipur,,,,,,,,,,,,False,False,False,,,,,,,,,,,False,,,,,,,,,,,,False,0_unmatched,,,,,,
290135.0,26.3053013424,75.2868660138,R,RAJASTHAN,Tonk,NFHS4,Sindoliya,8,120,615,92564,42069.0,Sindoliya,5,False,True,False,"{""42069"": 1.0}",True,42069,True,Sindoliya,Tonk,Malpura,42069,Sindoliya,True,42069,True,False,3_gp_no_reservation_history,42069,Sindoliya,Tonk,Malpura,sindoliya,tonk,malpura,Sindoliya,sindoliya,tonk,tonk,,,,,,,,,,,,False,False,False,,,,,,,,,,,False,twice,2.0,1.0,1.0,GEN W,GENW,0.9473684210526315,1.0,high_confidence_gp_and_exact_samiti,sindholiya,MALPURA,True,3_fuzzy_gpname_exact_or_close_samiti_match,twice,2.0,1.0,1.0,GEN W,GENW
290136.0,28.2530517033,75.8098923763,R,RAJASTHAN,Jhunjhunun,NFHS4,Choradi Aguni,8,103,488,71251,39542.0,Dheegariya,9,False,True,False,"{""39542"": 1.0}",True,39542,True,Choradi Aguni,Jhunjhunu,Surajgarh,39542,Dheegariya,True,39542,True,True,4_full_coverage,39542,Dheegariya,Jhunjhunu,Surajgarh,dheegariya,jhunjhunu,surajgarh,Dheegariya,dheegariya,jhunjhunu,jhunjhunu,dheegariya,jhunjhunu,1.0,1.0,surajgarh,1.0,never,0.0,never,0.0,0.0,True,True,False,0.0,0.0,GEN,GEN,0.0,never,A_exact_gp_district_samiti,Dheegariya,Jhunjhunu,Surajgarh,True,,,,,,,,,,,,False,1_original_gp_lgd_history_match,never,0.0,0.0,0.0,GEN,GEN
290137.0,23.9664837092,73.8370475818,R,RAJASTHAN,Udaipur,NFHS4,Pahara,8,130,694,107682,42536.0,Pahada,9,False,True,False,"{""42536"": 1.0}",True,42536,True,Pahara,Udaipur,Rishabhdeo,42536,Pahada,True,42536,True,False,3_gp_no_reservation_history,42536,Pahada,Udaipur,Nayagaon,pahada,udaipur,nayagaon,Pahada,pahada,udaipur,udaipur,,,,,,,,,,,,False,False,False,,,,,,,,,,,False,,,,,,,,,,,,False,0_unmatched,,,,,,
290138.0,26.6510308958,74.2712407029,R,RAJASTHAN,Nagaur,NFHS4,Meora,8,112,563,83415,40363.0,Meora,8,False,True,False,"{""40363"": 1.0}",True,40363,True,Meora,Nagaur,Degana,40363,Meora,True,40363,True,False,3_gp_no_reservation_history,40363,Meora,Nagaur,Degana,meora,nagaur,degana,Meora,meora,nagaur,nagaur,,,,,,,,,,,,False,False,False,,,,,,,,,,,False,,,,,,,,,,,,False,0_unmatched,,,,,,
290141.0,25.165580967,75.6765918878,R,RAJASTHAN,Bundi,NFHS4,Shyopuriya,8,121,626,94519,36350.0,Dora,3,False,True,False,"{""36350"": 1.0}",True,36350,True,Shyopuriya,Bundi,Talera,36350,Dora,True,36350,True,False,3_gp_no_reservation_history,36350,Dora,Bundi,Talera,dora,bundi,talera,Dora,dora,bundi,bundi,,,,,,,,,,,,False,False,False,,,,,,,,,,,False,never,0.0,0.0,0.0,ST,GEN,1.0,1.0,high_confidence_gp_and_exact_samiti,dora,TALERA,True,3_fuzzy_gpname_exact_or_close_samiti_match,never,0.0,0.0,0.0,ST,GEN
290143.0,27.516196499,73.3643753389,R,RAJASTHAN,Bikaner,NFHS4,Khara,8,101,477,69666,36158.0,Kudsu,4,False,True,False,"{""36158"": 1.0}",True,36158,True,Khara,Bikaner,Nokha,36158,Kudsu,True,36158,True,False,3_gp_no_reservation_history,36158,Kudsu,Bikaner,Nokha,kudsu,bikaner,nokha,Kudsu,kudsu,bikaner,bikaner,,,,,,,,,,,,False,False,False,,,,,,,,,,,False,once,1.0,0.0,1.0,GEN,GENW,0.9090909090909091,1.0,high_confidence_gp_and_exact_samiti,kudasu,NOKHA,True,3_fuzzy_gpname_exact_or_close_samiti_match,once,1.0,0.0,1.0,GEN,GENW
290144.0,25.1864175561,74.4035519108,R,RAJASTHAN,Chittaurgarh,NFHS4,Lasadiya Kalan,8,126,655,99946,36771.0,Lasadiya Kalan,6,False,True,False,"{""36771"": 1.0}",True,36771,True,Lasadiya Kalan,Chittorgarh,Rashmi,36771,Lasadiya Kalan,True,36771,True,True,4_full_coverage,36771,Lasadiya Kalan,Chittorgarh,Rashmi,lasadiyakalan,chittorgarh,rashmi,Lasadiya Kalan,lasadiyakalan,chittorgarh,chittorgarh,lasadiyakalan,chittorgarh,1.0,1.0,rashmi,1.0,never,0.0,never,0.0,0.0,True,True,False,0.0,0.0,GEN,OBC,0.0,never,A_exact_gp_district_samiti,Lasadiya Kalan,Chittorgarh,Rashmi,True,,,,,,,,,,,,False,1_original_gp_lgd_history_match,never,0.0,0.0,0.0,GEN,OBC
290145.0,26.7951461406,72.7120143087,R,RAJASTHAN,Jodhpur,NFHS4,P S Nagar,8,113,568,84480,,,4,False,True,False,{},True,,False,P S Nagar,Jodhpur (Gramin),Osian,39878,Samrau,True,39878,True,True,4_full_coverage,39878,Samrau,Jodhpur (Gramin),Osian,samrau,jodhpurgramin,osian,Samrau,samrau,jodhpur,jodhpur,samrau,jodhpur,1.0,1.0,osian,1.0,never,0.0,never,0.0,0.0,True,True,False,0.0,0.0,GEN,SC,0.0,never,C_unique_gp_name_statewide,Samrau,Jodhpur (Gramin),Osian,True,,,,,,,,,,,,False,1_original_gp_lgd_history_match,never,0.0,0.0,0.0,GEN,SC
290146.0,24.9425078399,75.4010268556,R,RAJASTHAN,Chittaurgarh,NFHS4,Borao,8,126,658,100414,36508.0,Borao,5,False,True,False,"{""36508"": 1.0}",True,36508,True,Borao,Chittorgarh,Rawatbhata,36508,Borao,True,36508,True,False,3_gp_no_reservation_history,36508,Borao,Chittorgarh,Rawatbhata,borao,chittorgarh,rawatbhata,Borao,borao,chittorgarh,chittorgarh,,,,,,,,,,,,False,False,False,,,,,,,,,,,False,,,,,,,,,,,,False,0_unmatched,,,,,,
290148.0,26.7706858932,77.9501896464,R,RAJASTHAN,Dhaulpur,NFHS4,Sadikpur,8,106,518,75985,37399.0,Sadikpur,16,False,True,False,"{""37399"": 1.0}",True,37399,True,Sadikpur,Dholpur,Dholpur,37399,Sadikpur,True,37399,True,True,4_full_coverage,37399,Sadikpur,Dholpur,Dholpur,sadikpur,dholpur,dholpur,Sadikpur,sadikpur,dholpur,dholpur,sadikpur,dholpur,2.0,1.0,rajakhera,1.0,once,1.0,once,0.0,1.0,True,True,False,0.0,1.0,GEN,GENW,1.0,once,B_exact_gp_district,Sadikpur,Dholpur,Dholpur,True,,,,,,,,,,,,False,1_original_gp_lgd_history_match,once,1.0,0.0,1.0,GEN,GENW
290149.0,24.6403432679,72.6246748474,R,RAJASTHAN,Sirohi,NFHS4,Hathal,8,117,596,90252,41937.0,Selwada,8,False,True,False,"{""41937"": 1.0}",True,41937,True,Hathal,Sirohi,Reodar,41937,Selwada,True,41937,True,False,3_gp_no_reservation_history,41937,Selwada,Sirohi,Reodar,selwada,sirohi,reodar,Selwada,selwada,sirohi,sirohi,,,,,,,,,,,,False,False,False,,,,,,,,,,,False,,,,,,,,,,,,False,0_unmatched,,,,,,
290150.0,25.5942396972,75.4368893747,R,RAJASTHAN,Bundi,NFHS4,Tonkra,8,121,622,93724,36251.0,Tonkra,6,False,True,False,"{""36251"": 1.0}",True,36251,True,Tonkra,Bundi,Hindoli,36251,Tonkra,True,36251,True,False,3_gp_no_reservation_history,36251,Tonkra,Bundi,Hindoli,tonkra,bundi,hindoli,Tonkra,tonkra,bundi,bundi,,,,,,,,,,,,False,False,False,,,,,,,,,,,False,,,,,,,,,,,,False,0_unmatched,,,,,,
290151.0,27.6356387747,76.0934197238,R,RAJASTHAN,Jaipur,NFHS4,Bhainslana,8,110,538,79110,38497.0,Bhainslana,10,False,True,False,"{""38497"": 1.0}",True,38497,True,Bhainslana,Kotputli-Behror,Paota,38497,Bhainslana,True,38497,True,False,3_gp_no_reservation_history,38497,Bhainslana,Kotputli-Behror,Paota,bhainslana,kotputlibehror,paota,Bhainslana,bhainslana,jaipur,jaipur,,,,,,,,,,,,False,False,False,,,,,,,,,,,False,,,,,,,,,,,,False,0_unmatched,,,,,,
290152.0,23.9796247456,74.7882783494,R,RAJASTHAN,Pratapgarh,NFHS4,Dodiyar Khera,8,131,699,108672,295141.0,Amlikhera,10,False,True,False,"{""295141"": 1.0}",True,295141,True,Dodiyar Khera,Pratapgarh,Pratapgarh,295141,Amlikhera,True,295141,True,False,3_gp_no_reservation_history,295141,Amlikhera,Pratapgarh,Pratapgarh,amlikhera,pratapgarh,pratapgarh,Amlikhera,amlikhera,pratapgarh,pratapgarh,,,,,,,,,,,,False,False,False,,,,,,,,,,,False,,,,,,,,,,,,False,0_unmatched,,,,,,
290154.0,24.1955362847,74.871765189,R,RAJASTHAN,Pratapgarh,NFHS4,Lalpura Peepal Kheri,8,131,699,108515,36759.0,Thara,13,False,True,False,"{""36759"": 1.0}",True,36759,True,Lalpura Peepal Kheri,Pratapgarh,Pratapgarh,36759,Thara,True,36759,True,True,4_full_coverage,36759,Thara,Pratapgarh,Pratapgarh,thara,pratapgarh,pratapgarh,Thara,thara,pratapgarh,pratapgarh,thara,pratapgarh,1.0,1.0,pratapgarh,1.0,twice,2.0,twice,1.0,1.0,True,True,False,1.0,1.0,ST W,STW,2.0,twice,A_exact_gp_district_samiti,Thara,Pratapgarh,Pratapgarh,True,,,,,,,,,,,,False,1_original_gp_lgd_history_match,twice,2.0,1.0,1.0,ST W,STW
290155.0,26.2366984012,76.1983434201,R,RAJASTHAN,Sawai Madhopur,NFHS4,Mangrol,8,108,529,77523,41393.0,Peepalwara,9,False,True,False,"{""41393"": 1.0}",True,41393,True,Mangrol,Sawai Madhopur,Bonli,41393,Peepalwara,True,41393,True,False,3_gp_no_reservation_history,41393,Peepalwara,Sawai Madhopur,Bonli,peepalwara,sawaimadhopur,bonli,Peepalwara,peepalwara,sawaimadhopur,sawaimadhopur,,,,,,,,,,,,False,False,False,,,,,,,,,,,False,,,,,,,,,,,,False,0_unmatched,,,,,,
290160.0,23.8109445696,74.8637532811,R,RAJASTHAN,Pratapgarh,NFHS4,Diwala,8,131,700,108756,36414.0,Mowai,9,False,True,False,"{""36414"": 1.0}",True,36414,True,Diwala,Pratapgarh,Arnod,36414,Mowai,True,36414,True,False,3_gp_no_reservation_history,36414,Mowai,Pratapgarh,Arnod,mowai,pratapgarh,arnod,Mowai,mowai,pratapgarh,pratapgarh,mowai,pratapgarh,1.0,1.0,arnod,1.0,never,0.0,never,0.0,0.0,True,True,True,,,,,,,,,,,False,,,,,,,,,,,,False,2_direct_gpname_dhsdistrict_match,never,0.0,0.0,0.0,,
290161.0,23.1219424184,74.4489349348,R,RAJASTHAN,Banswara,NFHS4,Parla,8,125,654,99837,34591.0,Vasooni,7,False,True,False,"{""34591"": 1.0}",True,34591,True,Parla,Banswara,Kushalgarh,34591,Vasooni,True,34591,True,False,3_gp_no_reservation_history,34591,Vasooni,Banswara,Kushalgarh,vasooni,banswara,kushalgarh,Vasooni,vasooni,banswara,banswara,,,,,,,,,,,,False,False,False,,,,,,,,,,,False,,,,,,,,,,,,False,0_unmatched,,,,,,
290162.0,29.3549844666,74.5794152502,R,RAJASTHAN,Hanumangarh,NFHS4,9 RWD,8,100,467,67528,38108.0,Rampura Urf Ramsara,5,False,True,False,"{""38108"": 1.0}",True,38108,True,9 Rwd,Hanumangarh,Tibbi,38108,Rampura Urf Ramsara,True,38108,True,False,3_gp_no_reservation_history,38108,Rampura Urf Ramsara,Hanumangarh,Tibbi,rampuraurframsara,hanumangarh,tibbi,Rampura Urf Ramsara,rampuraurframsara,hanumangarh,hanumangarh,,,,,,,,,,,,False,False,False,,,,,,,,,,,False,,,,,,,,,,,,False,0_unmatched,,,,,,
290163.0,23.9188087782,74.3214981825,R,RAJASTHAN,Dungarpur,NFHS4,Punjpura,8,124,647,97920,37453.0,Solanj,6,False,True,False,"{""37453"": 1.0}",True,37453,True,Punjpura,Dungarpur,Sabla,37453,Solanj,True,37453,True,False,3_gp_no_reservation_history,37453,Solanj,Dungarpur,Sabla,solanj,dungarpur,sabla,Solanj,solanj,dungarpur,dungarpur,,,,,,,,,,,,False,False,False,,,,,,,,,,,False,,,,,,,,,,,,False,0_unmatched,,,,,,
290165.0,24.6109068905,72.7003084058,R,RAJASTHAN,Sirohi,NFHS4,Block No. 3,8,117,595,90140,,,7,False,True,False,{},True,,False,Block No. 3,Sirohi,Deldar,41867,Oriya,True,41867,True,True,4_full_coverage,41867,Oriya,Sirohi,Deldar,oriya,sirohi,deldar,Oriya,oriya,sirohi,sirohi,oriya,sirohi,1.0,1.0,aburoad,1.0,once,1.0,once,1.0,0.0,True,True,False,1.0,0.0,ST W,ST,1.0,once,B_exact_gp_district,Oriya,Sirohi,Deldar,True,,,,,,,,,,,,False,1_original_gp_lgd_history_match,once,1.0,1.0,0.0,ST W,ST
290167.0,26.817468829,74.1192486039,R,RAJASTHAN,Nagaur,NFHS4,Nimbola Purohitan,8,112,563,83353,40368.0,Nimbola Kalan,9,False,True,False,"{""40368"": 1.0}",True,40368,True,Nimbola Purohitan,Nagaur,Degana,40368,Nimbola Kalan,True,40368,True,True,4_full_coverage,40368,Nimbola Kalan,Nagaur,Degana,nimbolakalan,nagaur,degana,Nimbola Kalan,nimbolakalan,nagaur,nagaur,nimbolakalan,nagaur,1.0,1.0,degana,1.0,never,0.0,never,0.0,0.0,True,True,False,0.0,0.0,SC,OBC,0.0,never,A_exact_gp_district_samiti,Nimbola Kalan,Nagaur,Degana,True,,,,,,,,,,,,False,1_original_gp_lgd_history_match,never,0.0,0.0,0.0,SC,OBC
290168.0,26.8620338422,72.4585736429,R,RAJASTHAN,Jodhpur,NFHS4,Peelwa,8,113,567,84424,262854.0,Peelwa,5,False,True,False,"{""262854"": 1.0}",True,262854,True,Peelwa,Phalodi,Dechoo,262854,Peelwa,True,262854,True,False,3_gp_no_reservation_history,262854,Peelwa,Phalodi,Dechoo,peelwa,phalodi,dechoo,Peelwa,peelwa,jodhpur,jodhpur,,,,,,,,,,,,False,False,False,,,,,,,,,,,False,,,,,,,,,,,,False,0_unmatched,,,,,,
290169.0,23.3669233192,74.0662526911,R,RAJASTHAN,Banswara,NFHS4,Punja Khulri,8,125,653,99324,,,18,False,True,False,{},True,,False,Punja Khulri,Banswara,Anandpuri,34350,Mundri,True,34350,True,False,3_gp_no_reservation_history,34350,Mundri,Banswara,Anandpuri,mundri,banswara,anandpuri,Mundri,mundri,banswara,banswara,,,,,,,,,,,,False,False,False,,,,,,,,,,,False,,,,,,,,,,,,False,0_unmatched,,,,,,
290170.0,25.2298580277,71.7415678825,R,RAJASTHAN,Barmer,NFHS4,Gudhamalani,8,115,581,88042,35095.0,Gudhamalani,12,False,True,False,"{""35095"": 1.0}",True,35095,True,Gudhamalani,Barmer,Gudha Malani,35095,Gudhamalani,True,35095,True,False,3_gp_no_reservation_history,35095,Gudhamalani,Barmer,Gudha Malani,gudhamalani,barmer,gudhamalani,Gudhamalani,gudhamalani,barmer,barmer,,,,,,,,,,,,False,False,False,,,,,,,,,,,False,,,,,,,,,,,,False,0_unmatched,,,,,,
290171.0,29.0892084473,74.9298299994,R,RAJASTHAN,Hanumangarh,NFHS4,LALANAWAS DIKHNADA,8,100,471,68798,38181.0,Lalana Dhikhanada,4,False,True,False,"{""38181"": 1.0}",True,38181,True,Lalanawas Dikhnada,Hanumangarh,Nohar,38181,Lalana Dhikhanada,True,38181,True,False,3_gp_no_reservation_history,38181,Lalana Dhikhanada,Hanumangarh,Nohar,lalanadhikhanada,hanumangarh,nohar,Lalana Dhikhanada,lalanadhikhanada,hanumangarh,hanumangarh,,,,,,,,,,,,False,False,False,,,,,,,,,,,False,,,,,,,,,,,,False,0_unmatched,,,,,,
290172.0,26.0557237396,76.3299071658,R,RAJASTHAN,Sawai Madhopur,NFHS4,Atoon Kalan,8,108,531,77644,41474.0,Atoon Kalan,11,False,True,False,"{""41474"": 1.0}",True,41474,True,Atoon Kalan,Sawai Madhopur,Sawai Madhopur,41474,Atoon Kalan,True,41474,True,True,4_full_coverage,41474,Atoon Kalan,Sawai Madhopur,Sawai Madhopur,atoonkalan,sawaimadhopur,sawaimadhopur,Atoon Kalan,atoonkalan,sawaimadhopur,sawaimadhopur,atoonkalan,sawaimadhopur,1.0,1.0,sawaimadhopur,1.0,never,0.0,never,0.0,0.0,True,True,False,0.0,0.0,SC,GEN,0.0,never,A_exact_gp_district_samiti,Atoon Kalan,Sawai Madhopur,Sawai Madhopur,True,,,,,,,,,,,,False,1_original_gp_lgd_history_match,never,0.0,0.0,0.0,SC,GEN
290173.0,29.1828599372,75.3252953067,R,RAJASTHAN,Hanumangarh,NFHS4,3 CHN,8,100,472,68870,37978.0,Chhani Bari (5 Chn ),9,False,True,False,"{""37978"": 1.0}",True,37978,True,3 Chn,Hanumangarh,Bhadra,37978,Chhani Bari (5 Chn ),True,37978,True,False,3_gp_no_reservation_history,37978,Chhani Bari (5 Chn ),Hanumangarh,Bhadra,chhanibari5chn,hanumangarh,bhadra,Chhani Bari (5 Chn ),chhanibari5chn,hanumangarh,hanumangarh,,,,,,,,,,,,False,False,False,,,,,,,,,,,False,,,,,,,,,,,,False,0_unmatched,,,,,,
290175.0,28.7000930943,74.8848578551,R,RAJASTHAN,Churu,NFHS4,Beersani Taranagar,8,102,481,69970,,,5,False,True,False,{},True,,False,Beersani Taranagar,Churu,Taranagar,37014,Gajoowas,True,37014,True,False,3_gp_no_reservation_history,37014,Gajoowas,Churu,Taranagar,gajoowas,churu,taranagar,Gajoowas,gajoowas,churu,churu,,,,,,,,,,,,False,False,False,,,,,,,,,,,False,,,,,,,,,,,,False,0_unmatched,,,,,,
290176.0,25.798032865,75.4423984504,R,RAJASTHAN,Tonk,NFHS4,Panwar,8,120,620,93325,42027.0,Panwar,5,False,True,False,"{""42027"": 1.0}",True,42027,True,Panwar,Tonk,Deoli,42027,Panwar,True,42027,True,False,3_gp_no_reservation_history,42027,Panwar,Tonk,Deoli,panwar,tonk,deoli,Panwar,panwar,tonk,tonk,,,,,,,,,,,,False,False,False,,,,,,,,,,,False,,,,,,,,,,,,False,0_unmatched,,,,,,
290177.0,27.8117821154,76.7944951704,R,RAJASTHAN,Alwar,NFHS4,Husepur,8,104,497,72449,262564.0,Dhamookar,14,False,True,False,"{""262564"": 1.0}",True,262564,True,Ispur,Khairthal-Tijara,Kishangarhbas,262564,Dhamookar,True,262564,True,False,3_gp_no_reservation_history,262564,Dhamookar,Khairthal-Tijara,Kishangarhbas,dhamookar,khairthaltijara,kishangarhbas,Dhamookar,dhamookar,alwar,alwar,,,,,,,,,,,,False,False,False,,,,,,,,,,,False,,,,,,,,,,,,False,0_unmatched,,,,,,
290178.0,26.2705178008,74.8986291035,R,RAJASTHAN,Ajmer,NFHS4,Ramsar,8,119,611,92120,33855.0,Ramsar,8,False,True,False,"{""33855"": 1.0}",True,33855,True,Ramsar,Ajmer,Nasirabad,33855,Ramsar,True,33855,True,True,4_full_coverage,33855,Ramsar,Ajmer,Nasirabad,ramsar,ajmer,nasirabad,Ramsar,ramsar,ajmer,ajmer,ramsar,ajmer,1.0,1.0,srinagar,1.0,once,1.0,once,0.0,1.0,True,True,False,0.0,1.0,GEN,GENW,1.0,once,B_exact_gp_district,Ramsar,Ajmer,Nasirabad,True,,,,,,,,,,,,False,1_original_gp_lgd_history_match,once,1.0,0.0,1.0,GEN,GENW
290179.0,26.1623461984,75.4876464209,R,RAJASTHAN,Tonk,NFHS4,Rindalya Rampura,8,120,619,93141,42143.0,Rindiliya Rampura,9,False,True,False,"{""42143"": 1.0}",True,42143,True,Rindalya Rampura,Kekri,Todaraisingh,42143,Rindiliya Rampura,True,42143,True,False,3_gp_no_reservation_history,42143,Rindiliya Rampura,Kekri,Todaraisingh,rindiliyarampura,kekri,todaraisingh,Rindiliya Rampura,rindiliyarampura,tonk,ajmer,,,,,,,,,,,,False,False,False,,,,,,,,,,,False,,,,,,,,,,,,False,0_unmatched,,,,,,
290181.0,25.2479745275,76.6124331277,R,RAJASTHAN,Baran,NFHS4,Sewani,8,128,674,102986,34841.0,Sewani,11,False,True,False,"{""34841"": 1.0}",True,34841,True,Sewani,Baran,Kishanganj,34841,Sewani,True,34841,True,True,4_full_coverage,34841,Sewani,Baran,Kishanganj,sewani,baran,kishanganj,Sewani,sewani,baran,baran,sewani,baran,1.0,1.0,kishanganj,1.0,never,0.0,never,0.0,0.0,True,True,False,0.0,0.0,GEN,ST,0.0,never,A_exact_gp_district_samiti,Sewani,Baran,Kishanganj,True,,,,,,,,,,,,False,1_original_gp_lgd_history_match,never,0.0,0.0,0.0,GEN,ST
290182.0,27.7051581768,77.2193257563,R,RAJASTHAN,Bharatpur,NFHS4,Undhan,8,105,506,74001,35358.0,Musepur,16,False,True,False,"{""35358"": 1.0}",True,35358,True,Undhan,Deeg,Kaman,35358,Musepur,True,35358,True,True,4_full_coverage,35358,Musepur,Deeg,Kaman,musepur,deeg,kaman,Musepur,musepur,bharatpur,bharatpur,musepur,bharatpur,1.0,1.0,kaman,1.0,once,1.0,once,0.0,1.0,True,True,False,0.0,1.0,GEN,GENW,1.0,once,C_unique_gp_name_statewide,Musepur,Deeg,Kaman,True,,,,,,,,,,,,False,1_original_gp_lgd_history_match,once,1.0,0.0,1.0,GEN,GENW
290183.0,23.8269050284,74.8388448,R,RAJASTHAN,Pratapgarh,NFHS4,Barwas Khurd,8,131,700,108743,295050.0,Loopri,9,False,True,False,"{""295050"": 1.0}",True,295050,True,Barwas Khurd,Pratapgarh,Arnod,295050,Loopri,True,295050,True,False,3_gp_no_reservation_history,295050,Loopri,Pratapgarh,Arnod,loopri,pratapgarh,arnod,Loopri,loopri,pratapgarh,pratapgarh,,,,,,,,,,,,False,False,False,,,,,,,,,,,False,,,,,,,,,,,,False,0_unmatched,,,,,,
290184.0,25.0258714615,72.0868907018,R,RAJASTHAN,Jalor,NFHS4,Viyo Ka Golia,8,116,588,89426,38901.0,Punasa,8,False,True,False,"{""38901"": 1.0}",True,38901,True,Viyo Ka Golia,Jalore,Bhinmal,38901,Punasa,True,38901,True,True,4_full_coverage,38901,Punasa,Jalore,Bhinmal,punasa,jalore,bhinmal,Punasa,punasa,jalore,jalore,punasa,jalore,1.0,1.0,bhinmal,1.0,never,0.0,never,0.0,0.0,True,True,False,0.0,0.0,GEN,OBC,0.0,never,A_exact_gp_district_samiti,Punasa,Jalore,Bhinmal,True,,,,,,,,,,,,False,1_original_gp_lgd_history_match,never,0.0,0.0,0.0,GEN,OBC
290192.0,26.746069861,75.4621673554,R,RAJASTHAN,Jaipur,NFHS4,Govindpura  Basra,8,110,544,79862,38567.0,Sawai Jai Singh Pura,7,False,True,False,"{""38567"": 1.0}",True,38567,True,Govindpura @ Basra,Dudu,Phagi,38567,Sawai Jai Singh Pura,True,38567,True,True,4_full_coverage,38567,Sawai Jai Singh Pura,Dudu,Phagi,sawaijaisinghpura,dudu,phagi,Sawai Jai Singh Pura,sawaijaisinghpura,jaipur,jaipur,sawaijaisinghpura,jaipur,1.0,1.0,phagi,1.0,once,1.0,once,0.0,1.0,True,True,False,0.0,1.0,OBC,GENW,1.0,once,C_unique_gp_name_statewide,Sawai Jai Singh Pura,Dudu,Phagi,True,,,,,,,,,,,,False,1_original_gp_lgd_history_match,once,1.0,0.0,1.0,OBC,GENW
290194.0,24.3602634607,73.9521520105,R,RAJASTHAN,Udaipur,NFHS4,Rorda,8,130,689,106643,42402.0,Vallabh,10,False,True,False,"{""42402"": 1.0}",True,42402,True,Rorda,Udaipur,Kurabar,42402,Vallabh,True,42402,True,True,4_full_coverage,42402,Vallabh,Udaipur,Kurabar,vallabh,udaipur,kurabar,Vallabh,vallabh,udaipur,udaipur,vallabh,udaipur,1.0,1.0,girwa,1.0,never,0.0,never,0.0,0.0,True,True,False,0.0,0.0,GEN,GEN,0.0,never,B_exact_gp_district,Vallabh,Udaipur,Kurabar,True,,,,,,,,,,,,False,1_original_gp_lgd_history_match,never,0.0,0.0,0.0,GEN,GEN
290196.0,25.4718446136,75.609606585,R,RAJASTHAN,Bundi,NFHS4,Borkhandi,8,121,622,93854,262665.0,Talab Gaon,6,False,True,False,"{""262665"": 1.0}",True,262665,True,Borkhandi,Bundi,Hindoli,262665,Talab Gaon,True,262665,True,False,3_gp_no_reservation_history,262665,Talab Gaon,Bundi,Hindoli,talabgaon,bundi,hindoli,Talab Gaon,talabgaon,bundi,bundi,,,,,,,,,,,,False,False,False,,,,,,,,,,,False,,,,,,,,,,,,False,0_unmatched,,,,,,
290197.0,27.5907717067,76.2617459636,R,RAJASTHAN,Alwar,NFHS4,Neemoochana,8,104,500,73019,33895.0,Neemoochana,10,False,True,False,"{""33895"": 1.0}",True,33895,True,Neemoochana,Kotputli-Behror,Narayanpur,33895,Neemoochana,True,33895,True,False,3_gp_no_reservation_history,33895,Neemoochana,Kotputli-Behror,Narayanpur,neemoochana,kotputlibehror,narayanpur,Neemoochana,neemoochana,alwar,jaipur,,,,,,,,,,,,False,False,False,,,,,,,,,,,False,,,,,,,,,,,,False,0_unmatched,,,,,,
290198.0,25.6907263437,76.4725421033,R,RAJASTHAN,Kota,NFHS4,Khatauli,8,127,665,101747,40199.0,Khatoli,6,False,True,False,"{""40199"": 1.0}",True,40199,True,Khatauli,Kota,Pipalda,40199,Khatoli,True,40199,True,True,4_full_coverage,40199,Khatoli,Kota,Pipalda,khatoli,kota,pipalda,Khatoli,khatoli,kota,kota,khatoli,kota,1.0,1.0,itawa,1.0,once,1.0,once,1.0,0.0,True,True,False,1.0,0.0,GEN W,GEN,1.0,once,B_exact_gp_district,Khatoli,Kota,Pipalda,True,,,,,,,,,,,,False,1_original_gp_lgd_history_match,once,1.0,1.0,0.0,GEN W,GEN
290199.0,25.4701625284,75.792149609,R,RAJASTHAN,Bundi,NFHS4,Bhairoopura Ojha,8,121,626,94380,36342.0,Bherupura Ojha,8,False,True,False,"{""36342"": 1.0}",True,36342,True,Bhairoopura Ojha,Bundi,Raithal,36342,Bherupura Ojha,True,36342,True,False,3_gp_no_reservation_history,36342,Bherupura Ojha,Bundi,Raithal,bherupuraojha,bundi,raithal,Bherupura Ojha,bherupuraojha,bundi,bundi,,,,,,,,,,,,False,False,False,,,,,,,,,,,False,,,,,,,,,,,,False,0_unmatched,,,,,,
290200.0,25.273283524,73.6768647794,R,RAJASTHAN,Rajsamand,NFHS4,Bagunda,8,123,642,96864,41247.0,Manawation Ka Gurha,6,False,True,False,"{""41247"": 1.0}",True,41247,True,Bagunda,Rajsamand,Garhbor,41247,Manawation Ka Gurha,True,41247,True,False,3_gp_no_reservation_history,41247,Manawation Ka Gurha,Rajsamand,Garhbor,manawationkagurha,rajsamand,garhbor,Manawation Ka Gurha,manawationkagurha,rajsamand,rajsamand,,,,,,,,,,,,False,False,False,,,,,,,,,,,False,,,,,,,,,,,,False,0_unmatched,,,,,,
290201.0,25.964575355,74.0354114311,R,RAJASTHAN,Pali,NFHS4,Kheenwal,8,118,598,90489,40991.0,Raipur,8,False,True,False,"{""40991"": 1.0}",True,40991,True,Kheenwal,Beawar,Raipur,40991,Raipur,True,40991,True,False,3_gp_no_reservation_history,40991,Raipur,Beawar,Raipur,raipur,beawar,raipur,Raipur,raipur,pali,ajmer,raipur,pali,1.0,1.0,raipur,1.0,once,1.0,once,0.0,1.0,True,True,True,,,,,,,,,,,False,,,,,,,,,,,,False,2_direct_gpname_dhsdistrict_match,once,1.0,0.0,1.0,,
290202.0,24.7171627482,73.0372816314,R,RAJASTHAN,Sirohi,NFHS4,Basantgarh,8,117,594,90117,41876.0,Basantgarh,10,False,True,False,"{""41876"": 1.0}",True,41876,True,Basantgarh,Sirohi,Pindwara,41876,Basantgarh,True,41876,True,True,4_full_coverage,41876,Basantgarh,Sirohi,Pindwara,basantgarh,sirohi,pindwara,Basantgarh,basantgarh,sirohi,sirohi,basantgarh,sirohi,1.0,1.0,pindwara,1.0,once,1.0,once,1.0,0.0,True,True,False,1.0,0.0,GEN W,GEN,1.0,once,A_exact_gp_district_samiti,Basantgarh,Sirohi,Pindwara,True,,,,,,,,,,,,False,1_original_gp_lgd_history_match,once,1.0,1.0,0.0,GEN W,GEN
290204.0,26.8342539697,74.8583238564,R,RAJASTHAN,Ajmer,NFHS4,Jajota,8,119,606,91398,33725.0,Jajota,7,False,True,False,"{""33725"": 1.0}",True,33725,True,Jajota,Ajmer,Roopangarh,33725,Jajota,True,33725,True,True,4_full_coverage,33725,Jajota,Ajmer,Roopangarh,jajota,ajmer,roopangarh,Jajota,jajota,ajmer,ajmer,jajota,ajmer,1.0,1.0,kishangarh,1.0,once,1.0,once,1.0,0.0,True,True,False,1.0,0.0,SC W,OBC,1.0,once,B_exact_gp_district,Jajota,Ajmer,Roopangarh,True,,,,,,,,,,,,False,1_original_gp_lgd_history_match,once,1.0,1.0,0.0,SC W,OBC
290205.0,25.5368200661,75.3834044913,R,RAJASTHAN,Bundi,NFHS4,Bishanpura,8,121,622,93731,36249.0,Thana,4,False,True,False,"{""36249"": 1.0}",True,36249,True,Bishanpura,Bundi,Hindoli,36249,Thana,True,36249,True,True,4_full_coverage,36249,Thana,Bundi,Hindoli,thana,bundi,hindoli,Thana,thana,bundi,bundi,thana,bundi,1.0,1.0,hindoli,1.0,twice,2.0,twice,1.0,1.0,True,True,False,1.0,1.0,SC W,GENW,2.0,twice,A_exact_gp_district_samiti,Thana,Bundi,Hindoli,True,,,,,,,,,,,,False,1_original_gp_lgd_history_match,twice,2.0,1.0,1.0,SC W,GENW
290206.0,23.4306003539,74.192636253,R,RAJASTHAN,Banswara,NFHS4,Udaipura Chhota,8,125,653,99306,294693.0,Bhawanpura,17,False,True,False,"{""294693"": 1.0}",True,294693,True,Udaipura Chhota,Banswara,Anandpuri,294693,Bhawanpura,True,294693,True,False,3_gp_no_reservation_history,294693,Bhawanpura,Banswara,Anandpuri,bhawanpura,banswara,anandpuri,Bhawanpura,bhawanpura,banswara,banswara,,,,,,,,,,,,False,False,False,,,,,,,,,,,False,,,,,,,,,,,,False,0_unmatched,,,,,,
290207.0,24.7529859414,72.8809460125,R,RAJASTHAN,Sirohi,NFHS4,Kalabor,8,117,594,90070,294187.0,Ker,6,False,True,False,"{""294187"": 1.0}",True,294187,True,Kalabor,Sirohi,Pindwara,294187,Ker,True,294187,True,False,3_gp_no_reservation_history,294187,Ker,Sirohi,Pindwara,ker,sirohi,pindwara,Ker,ker,sirohi,sirohi,,,,,,,,,,,,False,False,False,,,,,,,,,,,False,,,,,,,,,,,,False,0_unmatched,,,,,,
290210.0,28.13681121,75.8229877944,R,RAJASTHAN,Jhunjhunun,NFHS4,Maharana,8,103,489,71402,39374.0,Khanpur,15,False,True,False,"{""39374"": 1.0}",True,39374,True,Maharana,Jhunjhunu,Buhana,39374,Khanpur,True,39374,True,True,4_full_coverage,39374,Khanpur,Jhunjhunu,Buhana,khanpur,jhunjhunu,buhana,Khanpur,khanpur,jhunjhunu,jhunjhunu,khanpur,jhunjhunu,2.0,1.0,buhana,1.0,once,1.0,once,1.0,0.0,True,True,False,1.0,0.0,GEN W,GEN,1.0,once,A_exact_gp_district_samiti,Khanpur,Jhunjhunu,Buhana,True,,,,,,,,,,,,False,1_original_gp_lgd_history_match,once,1.0,1.0,0.0,GEN W,GEN
290211.0,25.151601086,74.9336457499,R,RAJASTHAN,Bhilwara,NFHS4,Baroondni,8,122,637,96173,35826.0,Barundni,6,False,True,False,"{""35826"": 1.0}",True,35826,True,Barundni,Bhilwara,Mandalgarh,35826,Barundni,True,35826,True,False,3_gp_no_reservation_history,35826,Barundni,Bhilwara,Mandalgarh,barundni,bhilwara,mandalgarh,Barundni,barundni,bhilwara,bhilwara,,,,,,,,,,,,False,False,False,,,,,,,,,,,False,once,1.0,0.0,1.0,ST,GENW,0.9411764705882353,1.0,high_confidence_gp_and_exact_samiti,barundani,MANDALGARH,True,3_fuzzy_gpname_exact_or_close_samiti_match,once,1.0,0.0,1.0,ST,GENW
290213.0,25.6279115352,73.8968921267,R,RAJASTHAN,Rajsamand,NFHS4,Payari,8,123,639,96493,41149.0,Kachhbali,6,False,True,False,"{""41149"": 1.0}",True,41149,True,Payari,Rajsamand,Bhim,41149,Kachhbali,True,41149,True,False,3_gp_no_reservation_history,41149,Kachhbali,Rajsamand,Bhim,kachhbali,rajsamand,bhim,Kachhbali,kachhbali,rajsamand,rajsamand,,,,,,,,,,,,False,False,False,,,,,,,,,,,False,once,1.0,0.0,1.0,GEN,GENW,0.9473684210526315,1.0,high_confidence_gp_and_exact_samiti,kachhabali,BHIM,True,3_fuzzy_gpname_exact_or_close_samiti_match,once,1.0,0.0,1.0,GEN,GENW
290215.0,27.8359517569,76.4319687099,R,RAJASTHAN,Alwar,NFHS4,Jeevan Singhpura,8,104,494,72065,34097.0,Shamda,11,False,True,False,"{""34097"": 1.0}",True,34097,True,Jeevan Singhpura,Khairthal-Tijara,Mundawar,34097,Shamda,True,34097,True,False,3_gp_no_reservation_history,34097,Shamda,Khairthal-Tijara,Mundawar,shamda,khairthaltijara,mundawar,Shamda,shamda,alwar,alwar,,,,,,,,,,,,False,False,False,,,,,,,,,,,False,never,0.0,0.0,0.0,SC,GEN,0.9230769230769231,0.875,high_confidence_gp_and_close_samiti,shyamda,MANDAWAR,True,3_fuzzy_gpname_exact_or_close_samiti_match,never,0.0,0.0,0.0,SC,GEN
290217.0,27.0545433403,73.3725167114,R,RAJASTHAN,Nagaur,NFHS4,Berathal Khurd,8,112,561,83051,40642.0,Berathal Kalan,5,False,True,False,"{""40642"": 1.0}",True,40642,True,Berathal Khurd,Nagaur,Kheenvsar,40642,Berathal Kalan,True,40642,True,False,3_gp_no_reservation_history,40642,Berathal Kalan,Nagaur,Kheenvsar,berathalkalan,nagaur,kheenvsar,Berathal Kalan,berathalkalan,nagaur,nagaur,,,,,,,,,,,,False,False,False,,,,,,,,,,,False,,,,,,,,,,,,False,0_unmatched,,,,,,
290219.0,23.1443331604,74.4651324682,R,RAJASTHAN,Banswara,NFHS4,Kakanwani,8,125,654,99847,34575.0,Kakanwani,11,False,True,False,"{""34575"": 1.0}",True,34575,True,Kakanwani,Banswara,Kushalgarh,34575,Kakanwani,True,34575,True,False,3_gp_no_reservation_history,34575,Kakanwani,Banswara,Kushalgarh,kakanwani,banswara,kushalgarh,Kakanwani,kakanwani,banswara,banswara,,,,,,,,,,,,False,False,False,,,,,,,,,,,False,,,,,,,,,,,,False,0_unmatched,,,,,,
290220.0,27.0194049528,76.6109527089,R,RAJASTHAN,Dausa,NFHS4,Toorwara,8,109,533,78035,37034.0,Abhaneri,18,False,True,False,"{""37034"": 1.0}",True,37034,True,Toorwara,Dausa,Bandikui,37034,Abhaneri,True,37034,True,True,4_full_coverage,37034,Abhaneri,Dausa,Bandikui,abhaneri,dausa,bandikui,Abhaneri,abhaneri,dausa,dausa,abhaneri,dausa,1.0,1.0,bandikui,1.0,never,0.0,never,0.0,0.0,True,True,False,0.0,0.0,GEN,GEN,0.0,never,A_exact_gp_district_samiti,Abhaneri,Dausa,Bandikui,True,,,,,,,,,,,,False,1_original_gp_lgd_history_match,never,0.0,0.0,0.0,GEN,GEN
290222.0,27.2656443456,70.7422318807,R,RAJASTHAN,Jaisalmer,NFHS4,Parewar,8,114,574,85890,38736.0,Parewar,3,False,True,False,"{""38736"": 1.0}",True,38736,True,Parewar,Jaisalmer,Jaisalmer,38736,Parewar,True,38736,True,False,3_gp_no_reservation_history,38736,Parewar,Jaisalmer,Jaisalmer,parewar,jaisalmer,jaisalmer,Parewar,parewar,jaisalmer,jaisalmer,,,,,,,,,,,,False,False,False,,,,,,,,,,,False,,,,,,,,,,,,False,0_unmatched,,,,,,
290224.0,26.0970008968,72.3090410979,R,RAJASTHAN,Barmer,NFHS4,Khardi,8,115,579,87367,295322.0,Khardi,6,False,True,False,"{""295322"": 1.0}",True,295322,True,Khardi,Balotra,Patodi,295322,Khardi,True,295322,True,False,3_gp_no_reservation_history,295322,Khardi,Balotra,Patodi,khardi,balotra,patodi,Khardi,khardi,barmer,barmer,,,,,,,,,,,,False,False,False,,,,,,,,,,,False,,,,,,,,,,,,False,0_unmatched,,,,,,
290225.0,25.116854016,72.3029730945,R,RAJASTHAN,Jalor,NFHS4,Nasoli,8,116,588,89341,38876.0,Bhagal Septa,7,False,True,False,"{""38876"": 1.0}",True,38876,True,Nasoli,Jalore,Bhinmal,38876,Bhagal Septa,True,38876,True,False,3_gp_no_reservation_history,38876,Bhagal Septa,Jalore,Bhinmal,bhagalsepta,jalore,bhinmal,Bhagal Septa,bhagalsepta,jalore,jalore,,,,,,,,,,,,False,False,False,,,,,,,,,,,False,never,0.0,0.0,0.0,OBC,GEN,0.9565217391304348,1.0,high_confidence_gp_and_exact_samiti,bhagalsephta,BHINMAL,True,3_fuzzy_gpname_exact_or_close_samiti_match,never,0.0,0.0,0.0,OBC,GEN
290227.0,29.0162019712,75.1012287152,R,RAJASTHAN,Hanumangarh,NFHS4,DOONGRANA,8,100,472,68967,37982.0,Doongrana,6,False,True,False,"{""37982"": 1.0}",True,37982,True,Dungrana,Hanumangarh,Bhadra,37982,Doongrana,True,37982,True,False,3_gp_no_reservation_history,37982,Doongrana,Hanumangarh,Bhadra,doongrana,hanumangarh,bhadra,Doongrana,doongrana,hanumangarh,hanumangarh,,,,,,,,,,,,False,False,False,,,,,,,,,,,False,,,,,,,,,,,,False,0_unmatched,,,,,,
290228.0,25.56683139,76.3137691838,R,RAJASTHAN,Kota,NFHS4,Genta,8,127,665,101732,40191.0,Genta,6,False,True,False,"{""40191"": 1.0}",True,40191,True,Genta,Kota,Pipalda,40191,Genta,True,40191,True,False,3_gp_no_reservation_history,40191,Genta,Kota,Pipalda,genta,kota,pipalda,Genta,genta,kota,kota,,,,,,,,,,,,False,False,False,,,,,,,,,,,False,,,,,,,,,,,,False,0_unmatched,,,,,,
290229.0,26.8294489685,77.686625485,R,RAJASTHAN,Dhaulpur,NFHS4,Sahroli,8,106,517,75745,37359.0,Sahroli,12,False,True,False,"{""37359"": 1.0}",True,37359,True,Sahroli,Dholpur,Sepau,37359,Sahroli,True,37359,True,False,3_gp_no_reservation_history,37359,Sahroli,Dholpur,Sepau,sahroli,dholpur,sepau,Sahroli,sahroli,dholpur,dholpur,,,,,,,,,,,,False,False,False,,,,,,,,,,,False,,,,,,,,,,,,False,0_unmatched,,,,,,
290232.0,24.2776008783,76.6141026578,R,RAJASTHAN,Jhalawar,NFHS4,Neem Khera,8,129,680,104640,39265.0,Sar Khandiya,7,False,True,False,"{""39265"": 1.0}",True,39265,True,Neem Khera,Jhalawar,Aklera,39265,Sar Khandiya,True,39265,True,False,3_gp_no_reservation_history,39265,Sar Khandiya,Jhalawar,Aklera,sarkhandiya,jhalawar,aklera,Sar Khandiya,sarkhandiya,jhalawar,jhalawar,,,,,,,,,,,,False,False,False,,,,,,,,,,,False,,,,,,,,,,,,False,0_unmatched,,,,,,
290233.0,27.4604350472,76.3287781777,R,RAJASTHAN,Alwar,NFHS4,Bhoodiyawas,8,104,501,73090,34238.0,Bhoodiyawas,9,False,True,False,"{""34238"": 1.0}",True,34238,True,Bhoodiyawas,Alwar,Thanagazi,34238,Bhoodiyawas,True,34238,True,False,3_gp_no_reservation_history,34238,Bhoodiyawas,Alwar,Thanagazi,bhoodiyawas,alwar,thanagazi,Bhoodiyawas,bhoodiyawas,alwar,alwar,,,,,,,,,,,,False,False,False,,,,,,,,,,,False,,,,,,,,,,,,False,0_unmatched,,,,,,
290234.0,26.3435987746,73.271720464,R,RAJASTHAN,Jodhpur,NFHS4,Akthali,8,113,570,84986,295009.0,Akthali,9,False,True,False,"{""295009"": 1.0}",True,295009,True,Akthali,Jodhpur,Jodhpur,295009,Akthali,True,295009,True,False,3_gp_no_reservation_history,295009,Akthali,Jodhpur,Jodhpur,akthali,jodhpur,jodhpur,Akthali,akthali,jodhpur,jodhpur,,,,,,,,,,,,False,False,False,,,,,,,,,,,False,,,,,,,,,,,,False,0_unmatched,,,,,,
290235.0,29.1561690008,74.1489033567,R,RAJASTHAN,Ganganagar,NFHS4,BANGASAR,8,100,470,68508,38161.0,Dhandu Sar,3,False,True,False,"{""38161"": 1.0}",True,38161,True,Bangasar,Hanumangarh,Pallu,38161,Dhandu Sar,True,38161,True,False,3_gp_no_reservation_history,38161,Dhandu Sar,Hanumangarh,Pallu,dhandusar,hanumangarh,pallu,Dhandu Sar,dhandusar,ganganagar,hanumangarh,,,,,,,,,,,,False,False,False,,,,,,,,,,,False,,,,,,,,,,,,False,0_unmatched,,,,,,
290236.0,23.9868341779,74.2866756784,R,RAJASTHAN,Pratapgarh,NFHS4,Deola,8,131,696,107968,42323.0,Devla,6,False,True,False,"{""42323"": 1.0}",True,42323,True,Devla,Pratapgarh,Dhariawad,42323,Devla,True,42323,True,False,3_gp_no_reservation_history,42323,Devla,Pratapgarh,Dhariawad,devla,pratapgarh,dhariawad,Devla,devla,pratapgarh,pratapgarh,,,,,,,,,,,,False,False,False,,,,,,,,,,,False,once,1.0,0.0,1.0,ST,STW,0.9090909090909091,1.0,high_confidence_gp_and_exact_samiti,devala,DHARIAWAD,True,3_fuzzy_gpname_exact_or_close_samiti_match,once,1.0,0.0,1.0,ST,STW
290237.0,27.0831111763,76.5859119693,R,RAJASTHAN,Dausa,NFHS4,Chak Anandpura,8,109,533,77981,,,14,False,True,False,{},True,,False,Chak Anandpura,Dausa,Baswa,294516,Parla,True,294516,True,False,3_gp_no_reservation_history,294516,Parla,Dausa,Baswa,parla,dausa,baswa,Parla,parla,dausa,dausa,,,,,,,,,,,,False,False,False,,,,,,,,,,,False,,,,,,,,,,,,False,0_unmatched,,,,,,
290239.0,23.6034216156,74.0126749909,R,RAJASTHAN,Dungarpur,NFHS4,Surajgaon,8,124,648,98093,294884.0,Surajgaon,17,False,True,False,"{""294884"": 1.0}",True,294884,True,Surajgaon,Dungarpur,Sagwara,294884,Surajgaon,True,294884,True,False,3_gp_no_reservation_history,294884,Surajgaon,Dungarpur,Sagwara,surajgaon,dungarpur,sagwara,Surajgaon,surajgaon,dungarpur,dungarpur,,,,,,,,,,,,False,False,False,,,,,,,,,,,False,,,,,,,,,,,,False,0_unmatched,,,,,,
290240.0,27.9516588258,73.5954060848,R,RAJASTHAN,Bikaner,NFHS4,Seenthal,8,101,473,69115,36052.0,Sinthal,5,False,True,False,"{""36052"": 1.0}",True,36052,True,Sinthal,Bikaner,Bikaner,36052,Sinthal,True,36052,True,True,4_full_coverage,36052,Sinthal,Bikaner,Bikaner,sinthal,bikaner,bikaner,Sinthal,sinthal,bikaner,bikaner,sinthal,bikaner,1.0,1.0,bikaner,1.0,never,0.0,never,0.0,0.0,True,True,False,0.0,0.0,SC,GEN,0.0,never,A_exact_gp_district_samiti,Sinthal,Bikaner,Bikaner,True,,,,,,,,,,,,False,1_original_gp_lgd_history_match,never,0.0,0.0,0.0,SC,GEN
290241.0,24.8713487024,76.1631391483,R,RAJASTHAN,Kota,NFHS4,Bachhihera,8,127,669,102525,40280.0,Hingoniya,11,False,True,False,"{""40280"": 1.0}",True,40280,True,Bachhihera,Kota,Kanwas,40280,Hingoniya,True,40280,True,False,3_gp_no_reservation_history,40280,Hingoniya,Kota,Kanwas,hingoniya,kota,kanwas,Hingoniya,hingoniya,kota,kota,,,,,,,,,,,,False,False,False,,,,,,,,,,,False,,,,,,,,,,,,False,0_unmatched,,,,,,
290245.0,25.3718556334,74.5601467062,R,RAJASTHAN,Bhilwara,NFHS4,Suras,8,122,631,95319,35821.0,Suras,9,False,True,False,"{""35821"": 1.0}",True,35821,True,Suras,Bhilwara,Mandal,35821,Suras,True,35821,True,True,4_full_coverage,35821,Suras,Bhilwara,Mandal,suras,bhilwara,mandal,Suras,suras,bhilwara,bhilwara,suras,bhilwara,2.0,2.0,mandal | mandalgarh,1.0,once,1.0,once,0.0,1.0,True,True,False,1.0,0.0,OBC W,GEN,1.0,once,A_exact_gp_district_samiti,Suras,Bhilwara,Mandal,True,,,,,,,,,,,,False,1_original_gp_lgd_history_match,once,1.0,1.0,0.0,OBC W,GEN
290246.0,24.6540700483,76.2655253754,R,RAJASTHAN,Jhalawar,NFHS4,Harigarh,8,129,678,103859,39210.0,Harigarh,7,False,True,False,"{""39210"": 1.0}",True,39210,True,Harigarh,Jhalawar,Khanpur,39210,Harigarh,True,39210,True,True,4_full_coverage,39210,Harigarh,Jhalawar,Khanpur,harigarh,jhalawar,khanpur,Harigarh,harigarh,jhalawar,jhalawar,harigarh,jhalawar,1.0,1.0,khanpur,1.0,never,0.0,never,0.0,0.0,True,True,False,0.0,0.0,GEN,GEN,0.0,never,A_exact_gp_district_samiti,Harigarh,Jhalawar,Khanpur,True,,,,,,,,,,,,False,1_original_gp_lgd_history_match,never,0.0,0.0,0.0,GEN,GEN
290247.0,27.2784588948,74.8000880145,R,RAJASTHAN,Nagaur,NFHS4,Nimba Ka Bas,8,112,558,82639,40383.0,Bansa,9,False,True,False,"{""40383"": 1.0}",True,40383,True,Nimba Ka Bas,Didwana-Kuchaman,Maulasar,40383,Bansa,True,40383,True,False,3_gp_no_reservation_history,40383,Bansa,Didwana-Kuchaman,Maulasar,bansa,didwanakuchaman,maulasar,Bansa,bansa,nagaur,nagaur,,,,,,,,,,,,False,False,False,,,,,,,,,,,False,,,,,,,,,,,,False,0_unmatched,,,,,,
290248.0,24.27755666,76.2322234814,R,RAJASTHAN,Jhalawar,NFHS4,Bakani,8,129,679,104376,39070.0,Bakani,10,False,True,False,"{""39070"": 1.0}",True,39070,True,Bakani (Ct),Jhalawar,Bakani,39070,Bakani,True,39070,True,True,4_full_coverage,39070,Bakani,Jhalawar,Bakani,bakani,jhalawar,bakani,Bakani,bakani,jhalawar,jhalawar,bakani,jhalawar,2.0,1.0,bakani,1.0,never,0.0,never,0.0,0.0,True,True,False,0.0,0.0,GEN,GEN,0.0,never,A_exact_gp_district_samiti,Bakani,Jhalawar,Bakani,True,,,,,,,,,,,,False,1_original_gp_lgd_history_match,never,0.0,0.0,0.0,GEN,GEN
290250.0,29.5356037428,73.7469565044,R,RAJASTHAN,Ganganagar,NFHS4,66 LNP,8,99,460,65082,37834.0,Ridmalsar,9,False,True,False,"{""37834"": 1.0}",True,37834,True,66 Lnp,Ganganagar,Padampur,37834,Ridmalsar,True,37834,True,False,3_gp_no_reservation_history,37834,Ridmalsar,Ganganagar,Padampur,ridmalsar,ganganagar,padampur,Ridmalsar,ridmalsar,ganganagar,ganganagar,,,,,,,,,,,,False,False,False,,,,,,,,,,,False,,,,,,,,,,,,False,0_unmatched,,,,,,
290251.0,26.7810364415,76.6878419903,R,RAJASTHAN,Karauli,NFHS4,Gurha Chandraji,8,107,521,76358,40063.0,Gurha Chandraji,10,False,True,False,"{""40063"": 1.0}",True,40063,True,Gurha Chandraji,Gangapurcity,Nadoti,40063,Gurha Chandraji,True,40063,True,False,3_gp_no_reservation_history,40063,Gurha Chandraji,Gangapurcity,Nadoti,gurhachandraji,gangapurcity,nadoti,Gurha Chandraji,gurhachandraji,karauli,sawaimadhopur,,,,,,,,,,,,False,False,False,,,,,,,,,,,False,,,,,,,,,,,,False,0_unmatched,,,,,,
290253.0,25.5771540901,76.3914699448,R,RAJASTHAN,Kota,NFHS4,Fatehpur  (Rampura),8,127,665,101761,40209.0,Talav,13,False,True,False,"{""40209"": 1.0}",True,40209,True,Fatehhpur,Kota,Pipalda,40209,Talav,True,40209,True,False,3_gp_no_reservation_history,40209,Talav,Kota,Pipalda,talav,kota,pipalda,Talav,talav,kota,kota,,,,,,,,,,,,False,False,False,,,,,,,,,,,False,,,,,,,,,,,,False,0_unmatched,,,,,,
290254.0,26.1505399785,76.9277345361,R,RAJASTHAN,Karauli,NFHS4,Amarapur,8,107,525,77033,40124.0,Nanpur,5,False,True,False,"{""40124"": 1.0}",True,40124,True,Amarapur,Karauli,Sapotra,40124,Nanpur,True,40124,True,True,4_full_coverage,40124,Nanpur,Karauli,Sapotra,nanpur,karauli,sapotra,Nanpur,nanpur,karauli,karauli,nanpur,karauli,1.0,1.0,sapotra,1.0,once,1.0,once,0.0,1.0,True,True,False,0.0,1.0,GEN,STW,1.0,once,A_exact_gp_district_samiti,Nanpur,Karauli,Sapotra,True,,,,,,,,,,,,False,1_original_gp_lgd_history_match,once,1.0,0.0,1.0,GEN,STW
290255.0,24.4792641745,76.7168481459,R,RAJASTHAN,Baran,NFHS4,Dhamaniya,8,128,677,103753,34786.0,Banjari,6,False,True,False,"{""34786"": 1.0}",True,34786,True,Dhamaniya,Baran,Chhipabarod,34786,Banjari,True,34786,True,True,4_full_coverage,34786,Banjari,Baran,Chhipabarod,banjari,baran,chhipabarod,Banjari,banjari,baran,baran,banjari,baran,1.0,1.0,chhipabarod,1.0,never,0.0,never,0.0,0.0,True,True,False,0.0,0.0,GEN,SC,0.0,never,A_exact_gp_district_samiti,Banjari,Baran,Chhipabarod,True,,,,,,,,,,,,False,1_original_gp_lgd_history_match,never,0.0,0.0,0.0,GEN,SC
290256.0,24.9512663944,76.7846155309,R,RAJASTHAN,Baran,NFHS4,Neem Khera,8,128,674,103144,,,6,False,True,False,{},True,,False,Neem Khera,Baran,Kishanganj,34842,Simlod,True,34842,True,False,3_gp_no_reservation_history,34842,Simlod,Baran,Kishanganj,simlod,baran,kishanganj,Simlod,simlod,baran,baran,,,,,,,,,,,,False,False,False,,,,,,,,,,,False,,,,,,,,,,,,False,0_unmatched,,,,,,
290260.0,26.1036416826,74.150253062,R,RAJASTHAN,Pali,NFHS4,Birantiya Khurd,8,118,598,90553,40969.0,Biratiya Khurd,10,False,True,False,"{""40969"": 1.0}",True,40969,True,Birantiya Khurd,Beawar,Raipur,40969,Biratiya Khurd,True,40969,True,False,3_gp_no_reservation_history,40969,Biratiya Khurd,Beawar,Raipur,biratiyakhurd,beawar,raipur,Biratiya Khurd,biratiyakhurd,pali,ajmer,,,,,,,,,,,,False,False,False,,,,,,,,,,,False,never,0.0,0.0,0.0,OBC,SC,0.9629629629629629,1.0,high_confidence_gp_and_exact_samiti,birantiya khurd,RAIPUR,True,3_fuzzy_gpname_exact_or_close_samiti_match,never,0.0,0.0,0.0,OBC,SC
290262.0,24.9169836152,73.9840153646,R,RAJASTHAN,Rajsamand,NFHS4,Roopa Wali,8,123,645,97337,41216.0,Salor,5,False,True,False,"{""41216"": 1.0}",True,41216,True,Roopa Wali,Rajsamand,Nathdwara,41216,Salor,True,41216,True,True,4_full_coverage,41216,Salor,Rajsamand,Nathdwara,salor,rajsamand,nathdwara,Salor,salor,rajsamand,rajsamand,salor,rajsamand,2.0,1.0,khamnor,1.0,never,0.0,never,0.0,0.0,True,True,False,0.0,0.0,ST,SC,0.0,never,B_exact_gp_district,Salor,Rajsamand,Nathdwara,True,,,,,,,,,,,,False,1_original_gp_lgd_history_match,never,0.0,0.0,0.0,ST,SC
290263.0,27.7543509407,77.1064762508,R,RAJASTHAN,Bharatpur,NFHS4,Dheemri,8,105,505,73872,262824.0,Dheemri,12,False,True,False,"{""262824"": 1.0}",True,262824,True,Dheemri,Deeg,Pahari,262824,Dheemri,True,262824,True,False,3_gp_no_reservation_history,262824,Dheemri,Deeg,Pahari,dheemri,deeg,pahari,Dheemri,dheemri,bharatpur,bharatpur,,,,,,,,,,,,False,False,False,,,,,,,,,,,False,,,,,,,,,,,,False,0_unmatched,,,,,,
290264.0,26.8261611598,73.6434385868,R,RAJASTHAN,Nagaur,NFHS4,Diyawari,8,112,560,82973,40673.0,Senani,3,False,True,False,"{""40673"": 1.0}",True,40673,True,Diyawari,Nagaur,Mundwa,40673,Senani,True,40673,True,False,3_gp_no_reservation_history,40673,Senani,Nagaur,Mundwa,senani,nagaur,mundwa,Senani,senani,nagaur,nagaur,,,,,,,,,,,,False,False,False,,,,,,,,,,,False,,,,,,,,,,,,False,0_unmatched,,,,,,
290265.0,26.0995514677,74.2681720623,R,RAJASTHAN,Ajmer,NFHS4,Ramsar Balaiyan,8,119,609,91751,293932.0,Theekrana Mendratan,9,False,True,False,"{""293932"": 1.0}",True,293932,True,Ramsar Balaiyan,Beawar,Beawar,293932,Theekrana Mendratan,True,293932,True,False,3_gp_no_reservation_history,293932,Theekrana Mendratan,Beawar,Beawar,theekranamendratan,beawar,beawar,Theekrana Mendratan,theekranamendratan,ajmer,ajmer,,,,,,,,,,,,False,False,False,,,,,,,,,,,False,,,,,,,,,,,,False,0_unmatched,,,,,,
290266.0,25.1286296997,71.94631613,R,RAJASTHAN,Jalor,NFHS4,Naya Morseem,8,116,589,89459,262169.0,Naya Morseem,8,False,True,False,"{""262169"": 1.0}",True,262169,True,Naya Morseem,Sanchore,Bagora,262169,Naya Morseem,True,262169,True,False,3_gp_no_reservation_history,262169,Naya Morseem,Sanchore,Bagora,nayamorseem,sanchore,bagora,Naya Morseem,nayamorseem,jalore,jalore,,,,,,,,,,,,False,False,False,,,,,,,,,,,False,,,,,,,,,,,,False,0_unmatched,,,,,,
290268.0,27.9094527782,75.5661485972,R,RAJASTHAN,Jhunjhunun,NFHS4,Khatkar,8,103,492,71701,39588.0,Ked,8,False,True,False,"{""39588"": 1.0}",True,39588,True,Khatkar,Jhunjhunu,Gudhagorji,39588,Ked,True,39588,True,True,4_full_coverage,39588,Ked,Jhunjhunu,Gudhagorji,ked,jhunjhunu,gudhagorji,Ked,ked,jhunjhunu,jhunjhunu,ked,jhunjhunu,1.0,1.0,udaipurwati,1.0,never,0.0,never,0.0,0.0,True,True,False,0.0,0.0,SC,OBC,0.0,never,B_exact_gp_district,Ked,Jhunjhunu,Gudhagorji,True,,,,,,,,,,,,False,1_original_gp_lgd_history_match,never,0.0,0.0,0.0,SC,OBC
290269.0,26.8008111252,76.355638713,R,RAJASTHAN,Dausa,NFHS4,Alooda,8,109,536,78581,37076.0,Alooda,17,False,True,False,"{""37076"": 1.0}",True,37076,True,Alooda,Dausa,Paparda,37076,Alooda,True,37076,True,True,4_full_coverage,37076,Alooda,Dausa,Paparda,alooda,dausa,paparda,Alooda,alooda,dausa,dausa,alooda,dausa,1.0,1.0,dausa,1.0,never,0.0,never,0.0,0.0,True,True,False,0.0,0.0,GEN,ST,0.0,never,B_exact_gp_district,Alooda,Dausa,Paparda,True,,,,,,,,,,,,False,1_original_gp_lgd_history_match,never,0.0,0.0,0.0,GEN,ST
290273.0,24.7160960015,72.2252843077,R,RAJASTHAN,Jalor,NFHS4,Ajodar,8,116,591,89848,38966.0,Ajodar,11,False,True,False,"{""38966"": 1.0}",True,38966,True,Ajodar,Sanchore,Raniwara,38966,Ajodar,True,38966,True,False,3_gp_no_reservation_history,38966,Ajodar,Sanchore,Raniwara,ajodar,sanchore,raniwara,Ajodar,ajodar,jalore,jalore,,,,,,,,,,,,False,False,False,,,,,,,,,,,False,,,,,,,,,,,,False,0_unmatched,,,,,,
290279.0,25.5398079903,74.8499780128,R,RAJASTHAN,Bhilwara,NFHS4,Ragaspuriya,8,122,629,94988,35937.0,Dhikola,7,False,True,False,"{""35937"": 1.0}",True,35937,True,Ragaspuriya,Shahpura,Shahpura,35937,Dhikola,True,35937,True,True,4_full_coverage,35937,Dhikola,Shahpura,Phooliya Kalan,dhikola,shahpura,phooliyakalan,Dhikola,dhikola,bhilwara,bhilwara,dhikola,bhilwara,1.0,1.0,shahpura,1.0,once,1.0,once,0.0,1.0,True,True,False,0.0,1.0,OBC,STW,1.0,once,C_unique_gp_name_statewide,Dhikola,Shahpura,Phooliya Kalan,True,,,,,,,,,,,,False,1_original_gp_lgd_history_match,once,1.0,0.0,1.0,OBC,STW
290280.0,25.6679061933,75.9769737117,R,RAJASTHAN,Bundi,NFHS4,Medhakpura,8,121,623,93990,36324.0,Modsa,6,False,True,False,"{""36324"": 1.0}",True,36324,True,Medhakpura,Bundi,Nainwa,36324,Modsa,True,36324,True,True,4_full_coverage,36324,Modsa,Bundi,Nainwa,modsa,bundi,nainwa,Modsa,modsa,bundi,bundi,modsa,bundi,1.0,1.0,nainwa,1.0,never,0.0,never,0.0,0.0,True,True,False,0.0,0.0,ST,OBC,0.0,never,A_exact_gp_district_samiti,Modsa,Bundi,Nainwa,True,,,,,,,,,,,,False,1_original_gp_lgd_history_match,never,0.0,0.0,0.0,ST,OBC
290282.0,23.9241456874,74.7882986586,R,RAJASTHAN,Pratapgarh,NFHS4,Naya Khera,8,131,700,108710,36423.0,Veerawali,11,False,True,False,"{""36423"": 1.0}",True,36423,True,Naya Khera,Pratapgarh,Arnod,36423,Veerawali,True,36423,True,False,3_gp_no_reservation_history,36423,Veerawali,Pratapgarh,Arnod,veerawali,pratapgarh,arnod,Veerawali,veerawali,pratapgarh,pratapgarh,,,,,,,,,,,,False,False,False,,,,,,,,,,,False,,,,,,,,,,,,False,0_unmatched,,,,,,
290283.0,24.7480597095,76.4233091315,R,RAJASTHAN,Jhalawar,NFHS4,Baisar,8,129,678,103827,39200.0,Baisar,8,False,True,False,"{""39200"": 1.0}",True,39200,True,Baisar,Jhalawar,Khanpur,39200,Baisar,True,39200,True,True,4_full_coverage,39200,Baisar,Jhalawar,Khanpur,baisar,jhalawar,khanpur,Baisar,baisar,jhalawar,jhalawar,baisar,jhalawar,1.0,1.0,khanpur,1.0,once,1.0,once,0.0,1.0,True,True,False,0.0,1.0,GEN,GENW,1.0,once,A_exact_gp_district_samiti,Baisar,Jhalawar,Khanpur,True,,,,,,,,,,,,False,1_original_gp_lgd_history_match,once,1.0,0.0,1.0,GEN,GENW
290284.0,26.7838817473,71.9288178821,R,RAJASTHAN,Jaisalmer,NFHS4,Madwa,8,114,575,86330,38815.0,Madwa,5,False,True,False,"{""38815"": 1.0}",True,38815,True,Madwa,Jaisalmer,Bhaniyana,38815,Madwa,True,38815,True,False,3_gp_no_reservation_history,38815,Madwa,Jaisalmer,Bhaniyana,madwa,jaisalmer,bhaniyana,Madwa,madwa,jaisalmer,jaisalmer,,,,,,,,,,,,False,False,False,,,,,,,,,,,False,,,,,,,,,,,,False,0_unmatched,,,,,,
290285.0,26.2441110239,75.9014702976,R,RAJASTHAN,Tonk,NFHS4,Hatauna,8,120,618,93001,42170.0,Hathona,9,False,True,False,"{""42170"": 1.0}",True,42170,True,Hatauna,Tonk,Tonk,42170,Hathona,True,42170,True,True,4_full_coverage,42170,Hathona,Tonk,Tonk,hathona,tonk,tonk,Hathona,hathona,tonk,tonk,hathona,tonk,1.0,1.0,tonk,1.0,once,1.0,once,1.0,0.0,True,True,False,1.0,0.0,SC W,OBC,1.0,once,A_exact_gp_district_samiti,Hathona,Tonk,Tonk,True,,,,,,,,,,,,False,1_original_gp_lgd_history_match,once,1.0,1.0,0.0,SC W,OBC
290287.0,26.5789102574,70.4783125085,R,RAJASTHAN,Jaisalmer,NFHS4,Koriya,8,114,574,86139,294258.0,Phaledi,2,False,True,False,"{""294258"": 1.0}",True,294258,True,Koriya,Jaisalmer,Sam,294258,Phaledi,True,294258,True,False,3_gp_no_reservation_history,294258,Phaledi,Jaisalmer,Sam,phaledi,jaisalmer,sam,Phaledi,phaledi,jaisalmer,jaisalmer,,,,,,,,,,,,False,False,False,,,,,,,,,,,False,,,,,,,,,,,,False,0_unmatched,,,,,,
290288.0,26.6074186054,72.0626777873,R,RAJASTHAN,Jaisalmer,NFHS4,Khumsingh Nagar,8,114,575,86411,,,3,False,True,False,{},True,,False,Khumsingh Nagar,Jaisalmer,Bhaniyana,38807,Jhabra,True,38807,True,False,3_gp_no_reservation_history,38807,Jhabra,Jaisalmer,Bhaniyana,jhabra,jaisalmer,bhaniyana,Jhabra,jhabra,jaisalmer,jaisalmer,jhabra,jaisalmer,1.0,1.0,sankra,1.0,once,1.0,once,1.0,0.0,True,True,True,,,,,,,,,,,False,,,,,,,,,,,,False,2_direct_gpname_dhsdistrict_match,once,1.0,1.0,0.0,,
290290.0,26.8003860434,77.7335171781,R,RAJASTHAN,Dhaulpur,NFHS4,Kiledar Ka Nagla,8,106,517,75762,294081.0,Hajipur,17,False,True,False,"{""294081"": 1.0}",True,294081,True,Kiledar Ka Nagla,Dholpur,Sepau,294081,Hajipur,True,294081,True,False,3_gp_no_reservation_history,294081,Hajipur,Dholpur,Sepau,hajipur,dholpur,sepau,Hajipur,hajipur,dholpur,dholpur,,,,,,,,,,,,False,False,False,,,,,,,,,,,False,,,,,,,,,,,,False,0_unmatched,,,,,,
290292.0,26.6513233097,76.8806055402,R,RAJASTHAN,Sawai Madhopur,NFHS4,Nayagaon,8,108,526,77073,41429.0,Shiwala,7,False,True,False,"{""41429"": 1.0}",True,41429,True,Nayagaon,Gangapurcity,Wazeerpur,41429,Shiwala,True,41429,True,False,3_gp_no_reservation_history,41429,Shiwala,Gangapurcity,Wazeerpur,shiwala,gangapurcity,wazeerpur,Shiwala,shiwala,sawaimadhopur,sawaimadhopur,,,,,,,,,,,,False,False,False,,,,,,,,,,,False,,,,,,,,,,,,False,0_unmatched,,,,,,
290298.0,27.6423966346,75.685688019,R,RAJASTHAN,Sikar,NFHS4,Jassi Ka Bas,8,111,556,82181,41776.0,Theekariya,12,False,True,False,"{""41776"": 1.0}",True,41776,True,Jassi Ka Bas,Neem Ka Thana,Neem Ka Thana,41776,Theekariya,True,41776,True,False,3_gp_no_reservation_history,41776,Theekariya,Neem Ka Thana,Neem Ka Thana,theekariya,neemkathana,neemkathana,Theekariya,theekariya,sikar,sikar,,,,,,,,,,,,False,False,False,,,,,,,,,,,False,,,,,,,,,,,,False,0_unmatched,,,,,,
290300.0,27.1468485432,77.0080551952,R,RAJASTHAN,Bharatpur,NFHS4,Maharajpura,8,105,512,74854,35610.0,Naroli,7,False,True,False,"{""35610"": 1.0}",True,35610,True,Maharajpura,Bharatpur,Bhusawar,35610,Naroli,True,35610,True,False,3_gp_no_reservation_history,35610,Naroli,Bharatpur,Bhusawar,naroli,bharatpur,bhusawar,Naroli,naroli,bharatpur,bharatpur,,,,,,,,,,,,False,False,False,,,,,,,,,,,False,,,,,,,,,,,,False,0_unmatched,,,,,,
290303.0,23.1167369383,74.3166415456,R,RAJASTHAN,Banswara,NFHS4,Kasarwari,8,125,654,99799,34638.0,Kasarwari,13,False,True,False,"{""34638"": 1.0}",True,34638,True,Kasarwari,Banswara,Sajjangarh,34638,Kasarwari,True,34638,True,False,3_gp_no_reservation_history,34638,Kasarwari,Banswara,Sajjangarh,kasarwari,banswara,sajjangarh,Kasarwari,kasarwari,banswara,banswara,,,,,,,,,,,,False,False,False,,,,,,,,,,,False,,,,,,,,,,,,False,0_unmatched,,,,,,
290304.0,26.9947887883,75.9367864512,R,RAJASTHAN,Jaipur,NFHS4,Saipura,8,110,548,80564,38472.0,Saipura,10,False,True,False,"{""38472"": 1.0}",True,38472,True,Saipura,Jaipur (Gramin),Jamwaramgarh,38472,Saipura,True,38472,True,False,3_gp_no_reservation_history,38472,Saipura,Jaipur (Gramin),Jamwaramgarh,saipura,jaipurgramin,jamwaramgarh,Saipura,saipura,jaipur,jaipur,,,,,,,,,,,,False,False,False,,,,,,,,,,,False,,,,,,,,,,,,False,0_unmatched,,,,,,
290305.0,26.1237535108,74.2801677873,R,RAJASTHAN,Pali,NFHS4,Baripol,8,118,598,90570,40971.0,Chang,5,False,True,False,"{""40971"": 1.0}",True,40971,True,Baripol,Beawar,Raipur,40971,Chang,True,40971,True,True,4_full_coverage,40971,Chang,Beawar,Raipur,chang,beawar,raipur,Chang,chang,pali,ajmer,chang,pali,1.0,1.0,raipur,1.0,never,0.0,never,0.0,0.0,True,True,False,0.0,0.0,GEN,GEN,0.0,never,C_unique_gp_name_statewide,Chang,Beawar,Raipur,True,,,,,,,,,,,,False,1_original_gp_lgd_history_match,never,0.0,0.0,0.0,GEN,GEN
290306.0,26.9033782947,78.2328838121,R,RAJASTHAN,Dhaulpur,NFHS4,Babarpur,8,106,519,76092,37375.0,Deokhera,5,False,True,False,"{""37375"": 1.0}",True,37375,True,Babarpur,Dholpur,Rajakhera,37375,Deokhera,True,37375,True,False,3_gp_no_reservation_history,37375,Deokhera,Dholpur,Rajakhera,deokhera,dholpur,rajakhera,Deokhera,deokhera,dholpur,dholpur,,,,,,,,,,,,False,False,False,,,,,,,,,,,False,,,,,,,,,,,,False,0_unmatched,,,,,,
290307.0,25.9209874561,74.3344599902,R,RAJASTHAN,Rajsamand,NFHS4,Bariya Heera,8,123,639,96411,41141.0,Bar,4,False,True,False,"{""41141"": 1.0}",True,41141,True,Bariya Heera,Beawar,Beawar,41141,Bar,True,41141,True,False,3_gp_no_reservation_history,41141,Bar,Beawar,Beawar,bar,beawar,beawar,Bar,bar,rajsamand,ajmer,bar,rajsamand,3.0,1.0,bhim,1.0,never,0.0,never,0.0,0.0,True,True,True,,,,,,,,,,,False,,,,,,,,,,,,False,2_direct_gpname_dhsdistrict_match,never,0.0,0.0,0.0,,
290309.0,23.809943992,74.9024492368,R,RAJASTHAN,Pratapgarh,NFHS4,Sholi,8,131,700,108776,36414.0,Mowai,5,False,True,False,"{""36414"": 1.0}",True,36414,True,Sholi,Pratapgarh,Arnod,36414,Mowai,True,36414,True,False,3_gp_no_reservation_history,36414,Mowai,Pratapgarh,Arnod,mowai,pratapgarh,arnod,Mowai,mowai,pratapgarh,pratapgarh,mowai,pratapgarh,1.0,1.0,arnod,1.0,never,0.0,never,0.0,0.0,True,True,True,,,,,,,,,,,False,,,,,,,,,,,,False,2_direct_gpname_dhsdistrict_match,never,0.0,0.0,0.0,,
290313.0,27.8562560709,76.9384172923,R,RAJASTHAN,Alwar,NFHS4,Neemli,8,104,496,72390,34265.0,Baghor,3,False,True,False,"{""34265"": 1.0}",True,34265,True,Neemli,Khairthal-Tijara,Tijara,34265,Baghor,True,34265,True,False,3_gp_no_reservation_history,34265,Baghor,Khairthal-Tijara,Tijara,baghor,khairthaltijara,tijara,Baghor,baghor,alwar,alwar,,,,,,,,,,,,False,False,False,,,,,,,,,,,False,never,0.0,0.0,0.0,GEN,GEN,0.9230769230769231,1.0,high_confidence_gp_and_exact_samiti,baghour,TIJARA,True,3_fuzzy_gpname_exact_or_close_samiti_match,never,0.0,0.0,0.0,GEN,GEN
290315.0,27.7257736404,76.3861828382,R,RAJASTHAN,Alwar,NFHS4,Mothooka,8,104,500,72935,33892.0,Mothooka,12,False,True,False,"{""33892"": 1.0}",True,33892,True,Mothooka,Kotputli-Behror,Bansur,33892,Mothooka,True,33892,True,False,3_gp_no_reservation_history,33892,Mothooka,Kotputli-Behror,Bansur,mothooka,kotputlibehror,bansur,Mothooka,mothooka,alwar,jaipur,,,,,,,,,,,,False,False,False,,,,,,,,,,,False,,,,,,,,,,,,False,0_unmatched,,,,,,
290316.0,27.1306291459,75.5766180786,R,RAJASTHAN,Jaipur,NFHS4,Pratappura Kalan,8,110,547,80252,38236.0,Jaisinghpura Shekhawatan,16,False,True,False,"{""38236"": 1.0}",True,38236,True,Pratappura Kalan,Jaipur (Gramin),Jalsu,38236,Jaisinghpura Shekhawatan,True,38236,True,True,4_full_coverage,38236,Jaisinghpura Shekhawatan,Jaipur (Gramin),Jalsu,jaisinghpurashekhawatan,jaipurgramin,jalsu,Jaisinghpura Shekhawatan,jaisinghpurashekhawatan,jaipur,jaipur,jaisinghpurashekhawatan,jaipur,1.0,1.0,amber,1.0,never,0.0,never,0.0,0.0,True,True,False,0.0,0.0,OBC,GEN,0.0,never,C_unique_gp_name_statewide,Jaisinghpura Shekhawatan,Jaipur (Gramin),Jalsu,True,,,,,,,,,,,,False,1_original_gp_lgd_history_match,never,0.0,0.0,0.0,OBC,GEN
290318.0,28.1286581255,75.7204480372,R,RAJASTHAN,Jhunjhunun,NFHS4,Ghardana Kalan,8,103,489,71390,39363.0,Ghardana Kalan,13,False,True,False,"{""39363"": 1.0}",True,39363,True,Ghardana Kalan,Jhunjhunu,Buhana,39363,Ghardana Kalan,True,39363,True,True,4_full_coverage,39363,Ghardana Kalan,Jhunjhunu,Buhana,ghardanakalan,jhunjhunu,buhana,Ghardana Kalan,ghardanakalan,jhunjhunu,jhunjhunu,ghardanakalan,jhunjhunu,1.0,1.0,buhana,1.0,once,1.0,once,0.0,1.0,True,True,False,0.0,1.0,OBC,GENW,1.0,once,A_exact_gp_district_samiti,Ghardana Kalan,Jhunjhunu,Buhana,True,,,,,,,,,,,,False,1_original_gp_lgd_history_match,once,1.0,0.0,1.0,OBC,GENW
290319.0,26.6160060051,73.1435986402,R,RAJASTHAN,Jodhpur,NFHS4,Khari Kalan,8,113,568,84724,39849.0,Jur,7,False,True,False,"{""39849"": 1.0}",True,39849,True,Khari Kalan,Jodhpur (Gramin),Tinwari,39849,Jur,True,39849,True,False,3_gp_no_reservation_history,39849,Jur,Jodhpur (Gramin),Tinwari,jur,jodhpurgramin,tinwari,Jur,jur,jodhpur,jodhpur,,,,,,,,,,,,False,False,False,,,,,,,,,,,False,,,,,,,,,,,,False,0_unmatched,,,,,,
290320.0,25.5977325769,74.1981427611,R,RAJASTHAN,Bhilwara,NFHS4,Gordhanpura,8,122,631,95157,35783.0,Almas,11,False,True,False,"{""35783"": 1.0}",True,35783,True,Gordhanpura,Bhilwara,Mandal,35783,Almas,True,35783,True,False,3_gp_no_reservation_history,35783,Almas,Bhilwara,Mandal,almas,bhilwara,mandal,Almas,almas,bhilwara,bhilwara,,,,,,,,,,,,False,False,False,,,,,,,,,,,False,once,1.0,0.0,1.0,GEN,GENW,0.9090909090909091,1.0,high_confidence_gp_and_exact_samiti,aalmas,MANDAL,True,3_fuzzy_gpname_exact_or_close_samiti_match,once,1.0,0.0,1.0,GEN,GENW
290322.0,27.1544312579,77.0368426509,R,RAJASTHAN,Bharatpur,NFHS4,Khadraya,8,105,512,74869,35585.0,Bhaiseena,10,False,True,False,"{""35585"": 1.0}",True,35585,True,Khadraya,Bharatpur,Bhusawar,35585,Bhaiseena,True,35585,True,False,3_gp_no_reservation_history,35585,Bhaiseena,Bharatpur,Bhusawar,bhaiseena,bharatpur,bhusawar,Bhaiseena,bhaiseena,bharatpur,bharatpur,,,,,,,,,,,,False,False,False,,,,,,,,,,,False,,,,,,,,,,,,False,0_unmatched,,,,,,
290326.0,27.7559766837,76.0363034436,R,RAJASTHAN,Sikar,NFHS4,Jatwas,8,111,556,82323,41745.0,Hasampur,8,False,True,False,"{""41745"": 1.0}",True,41745,True,Jatwas,Neem Ka Thana,Patan,41745,Hasampur,True,41745,True,True,4_full_coverage,41745,Hasampur,Neem Ka Thana,Patan,hasampur,neemkathana,patan,Hasampur,hasampur,sikar,sikar,hasampur,sikar,1.0,1.0,neemkathana,1.0,once,1.0,once,0.0,1.0,True,True,False,0.0,1.0,OBC,GENW,1.0,once,C_unique_gp_name_statewide,Hasampur,Neem Ka Thana,Patan,True,,,,,,,,,,,,False,1_original_gp_lgd_history_match,once,1.0,0.0,1.0,OBC,GENW
290327.0,25.4659544398,76.4479321437,R,RAJASTHAN,Kota,NFHS4,Amarpura,8,127,665,101812,,,10,False,True,False,{},True,,False,Amarpura,Kota,Pipalda,40202,Luhawad,True,40202,True,False,3_gp_no_reservation_history,40202,Luhawad,Kota,Pipalda,luhawad,kota,pipalda,Luhawad,luhawad,kota,kota,,,,,,,,,,,,False,False,False,,,,,,,,,,,False,,,,,,,,,,,,False,0_unmatched,,,,,,
290329.0,23.7232618463,73.940138179,R,RAJASTHAN,Dungarpur,NFHS4,Nogama,8,124,648,98002,37575.0,Ranoli,13,False,True,False,"{""37575"": 1.0}",True,37575,True,Nogama,Dungarpur,Sagwara,37575,Ranoli,True,37575,True,True,4_full_coverage,37575,Ranoli,Dungarpur,Sagwara,ranoli,dungarpur,sagwara,Ranoli,ranoli,dungarpur,dungarpur,ranoli,dungarpur,1.0,1.0,sagwara,1.0,once,1.0,once,1.0,0.0,True,True,False,1.0,0.0,ST W,ST,1.0,once,A_exact_gp_district_samiti,Ranoli,Dungarpur,Sagwara,True,,,,,,,,,,,,False,1_original_gp_lgd_history_match,once,1.0,1.0,0.0,ST W,ST
290330.0,27.3700046526,77.0858739479,R,RAJASTHAN,Alwar,NFHS4,Tasai,8,104,504,73702,33964.0,Tasai,6,False,True,False,"{""33964"": 1.0}",True,33964,True,Tasai,Alwar,Kathumar,33964,Tasai,True,33964,True,True,4_full_coverage,33964,Tasai,Alwar,Kathumar,tasai,alwar,kathumar,Tasai,tasai,alwar,alwar,tasai,alwar,1.0,1.0,kathumar,1.0,twice,2.0,twice,1.0,1.0,True,True,False,1.0,1.0,GEN W,SCW,2.0,twice,A_exact_gp_district_samiti,Tasai,Alwar,Kathumar,True,,,,,,,,,,,,False,1_original_gp_lgd_history_match,twice,2.0,1.0,1.0,GEN W,SCW
290331.0,26.7677495961,77.9933670562,R,RAJASTHAN,Dhaulpur,NFHS4,Pathrora Kalan,8,106,518,75988,37405.0,Singhawali Bareh,18,False,True,False,"{""37405"": 1.0}",True,37405,True,Pathrora Kalan,Dholpur,Dholpur,37405,Singhawali Bareh,True,37405,True,False,3_gp_no_reservation_history,37405,Singhawali Bareh,Dholpur,Dholpur,singhawalibareh,dholpur,dholpur,Singhawali Bareh,singhawalibareh,dholpur,dholpur,,,,,,,,,,,,False,False,False,,,,,,,,,,,False,,,,,,,,,,,,False,0_unmatched,,,,,,
290332.0,26.2723312513,73.6850941699,R,RAJASTHAN,Jodhpur,NFHS4,Birawas,8,113,573,85769,39720.0,Ghanamagra,6,False,True,False,"{""39720"": 1.0}",True,39720,True,Birawas,Jodhpur (Gramin),Bilara,39720,Ghanamagra,True,39720,True,True,4_full_coverage,39720,Ghanamagra,Jodhpur (Gramin),Bilara,ghanamagra,jodhpurgramin,bilara,Ghanamagra,ghanamagra,jodhpur,jodhpur,ghanamagra,jodhpur,1.0,1.0,bilara,1.0,twice,2.0,twice,1.0,1.0,True,True,False,1.0,1.0,GEN W,OBCW,2.0,twice,C_unique_gp_name_statewide,Ghanamagra,Jodhpur (Gramin),Bilara,True,,,,,,,,,,,,False,1_original_gp_lgd_history_match,twice,2.0,1.0,1.0,GEN W,OBCW
290333.0,25.0339686543,74.2635725593,R,RAJASTHAN,Rajsamand,NFHS4,Gilund,8,123,644,97192,41270.0,Gilund,5,False,True,False,"{""41270"": 1.0}",True,41270,True,Gilund,Rajsamand,Railmagra,41270,Gilund,True,41270,True,True,4_full_coverage,41270,Gilund,Rajsamand,Railmagra,gilund,rajsamand,railmagra,Gilund,gilund,rajsamand,rajsamand,gilund,rajsamand,1.0,1.0,railmagra,1.0,once,1.0,once,1.0,0.0,True,True,False,1.0,0.0,GEN W,GEN,1.0,once,A_exact_gp_district_samiti,Gilund,Rajsamand,Railmagra,True,,,,,,,,,,,,False,1_original_gp_lgd_history_match,once,1.0,1.0,0.0,GEN W,GEN
290335.0,24.6109996929,74.0834326782,R,RAJASTHAN,Udaipur,NFHS4,Menar,8,130,690,106725,42288.0,Menar,11,False,True,False,"{""42288"": 1.0}",True,42288,True,Menar,Udaipur,Vallabhnagar,42288,Menar,True,42288,True,True,4_full_coverage,42288,Menar,Udaipur,Vallabhnagar,menar,udaipur,vallabhnagar,Menar,menar,udaipur,udaipur,menar,udaipur,1.0,1.0,bhindar,1.0,once,1.0,once,1.0,0.0,True,True,False,1.0,0.0,GEN W,GEN,1.0,once,B_exact_gp_district,Menar,Udaipur,Vallabhnagar,True,,,,,,,,,,,,False,1_original_gp_lgd_history_match,once,1.0,1.0,0.0,GEN W,GEN
290336.0,28.7105174352,75.433047062,R,RAJASTHAN,Churu,NFHS4,Paharsar,8,102,482,70114,36860.0,Paharsar,8,False,True,False,"{""36860"": 1.0}",True,36860,True,Paharsar,Churu,Sidhmukh,36860,Paharsar,True,36860,True,False,3_gp_no_reservation_history,36860,Paharsar,Churu,Sidhmukh,paharsar,churu,sidhmukh,Paharsar,paharsar,churu,churu,,,,,,,,,,,,False,False,False,,,,,,,,,,,False,,,,,,,,,,,,False,0_unmatched,,,,,,
290337.0,24.1053916265,74.8618927357,R,RAJASTHAN,Pratapgarh,NFHS4,Palthan,8,131,699,108579,295147.0,Magroda,10,False,True,False,"{""295147"": 1.0}",True,295147,True,Palthan,Pratapgarh,Pratapgarh,295147,Magroda,True,295147,True,False,3_gp_no_reservation_history,295147,Magroda,Pratapgarh,Pratapgarh,magroda,pratapgarh,pratapgarh,Magroda,magroda,pratapgarh,pratapgarh,,,,,,,,,,,,False,False,False,,,,,,,,,,,False,,,,,,,,,,,,False,0_unmatched,,,,,,
290338.0,24.2384776326,75.8378331794,R,RAJASTHAN,Jhalawar,NFHS4,Silehgarh,8,129,682,104940,39141.0,Silehgarh,8,False,True,False,"{""39141"": 1.0}",True,39141,True,Silehgarh,Jhalawar,Pachpahar,39141,Silehgarh,True,39141,True,False,3_gp_no_reservation_history,39141,Silehgarh,Jhalawar,Pachpahar,silehgarh,jhalawar,pachpahar,Silehgarh,silehgarh,jhalawar,jhalawar,,,,,,,,,,,,False,False,False,,,,,,,,,,,False,,,,,,,,,,,,False,0_unmatched,,,,,,
290341.0,24.6202867012,76.5971819912,R,RAJASTHAN,Baran,NFHS4,Laxmipura Kalan,8,128,677,103639,34804.0,Mokhampura,5,False,True,False,"{""34804"": 1.0}",True,34804,True,Laxmipura Kalan,Baran,Chhipabarod,34804,Mokhampura,True,34804,True,True,4_full_coverage,34804,Mokhampura,Baran,Chhipabarod,mokhampura,baran,chhipabarod,Mokhampura,mokhampura,baran,baran,mokhampura,baran,1.0,1.0,chhipabarod,1.0,never,0.0,never,0.0,0.0,True,True,False,0.0,0.0,GEN,SC,0.0,never,A_exact_gp_district_samiti,Mokhampura,Baran,Chhipabarod,True,,,,,,,,,,,,False,1_original_gp_lgd_history_match,never,0.0,0.0,0.0,GEN,SC
290342.0,24.4956923654,76.9307139219,R,RAJASTHAN,Baran,NFHS4,Neemkhera,8,128,676,103573,34767.0,Hana Heri,3,False,True,False,"{""34767"": 1.0}",True,34767,True,Neemkhera,Baran,Chhabra,34767,Hana Heri,True,34767,True,False,3_gp_no_reservation_history,34767,Hana Heri,Baran,Chhabra,hanaheri,baran,chhabra,Hana Heri,hanaheri,baran,baran,,,,,,,,,,,,False,False,False,,,,,,,,,,,False,,,,,,,,,,,,False,0_unmatched,,,,,,
290343.0,27.3123267337,76.5985128717,R,RAJASTHAN,Alwar,NFHS4,Ahirbas,8,104,499,72873,,,16,False,True,False,{},True,,False,Ahirbas,Alwar,Malakhera,34329,Poonkhar,True,34329,True,False,3_gp_no_reservation_history,34329,Poonkhar,Alwar,Malakhera,poonkhar,alwar,malakhera,Poonkhar,poonkhar,alwar,alwar,,,,,,,,,,,,False,False,False,,,,,,,,,,,False,,,,,,,,,,,,False,0_unmatched,,,,,,
290344.0,24.2945178791,74.5691582573,R,RAJASTHAN,Pratapgarh,NFHS4,Peeli Khera,8,131,698,108314,36561.0,Peeli Khera,6,False,True,False,"{""36561"": 1.0}",True,36561,True,Peeli Khera,Pratapgarh,Chhoti Sadri,36561,Peeli Khera,True,36561,True,False,3_gp_no_reservation_history,36561,Peeli Khera,Pratapgarh,Chhoti Sadri,peelikhera,pratapgarh,chhotisadri,Peeli Khera,peelikhera,pratapgarh,pratapgarh,,,,,,,,,,,,False,False,False,,,,,,,,,,,False,,,,,,,,,,,,False,0_unmatched,,,,,,
290345.0,25.8414241375,75.8137994499,R,RAJASTHAN,Bundi,NFHS4,Sunthli,8,121,623,93888,36331.0,Suwanya,2,False,True,False,"{""36331"": 1.0}",True,36331,True,Sunthli,Bundi,Nainwa,36331,Suwanya,True,36331,True,False,3_gp_no_reservation_history,36331,Suwanya,Bundi,Nainwa,suwanya,bundi,nainwa,Suwanya,suwanya,bundi,bundi,,,,,,,,,,,,False,False,False,,,,,,,,,,,False,,,,,,,,,,,,False,0_unmatched,,,,,,
290346.0,24.4404983809,74.0667128857,R,RAJASTHAN,Udaipur,NFHS4,Rawat Pura,8,130,689,106668,42399.0,Sulawas,12,False,True,False,"{""42399"": 1.0}",True,42399,True,Rawat Pura,Udaipur,Kurabar,42399,Sulawas,True,42399,True,True,4_full_coverage,42399,Sulawas,Udaipur,Kurabar,sulawas,udaipur,kurabar,Sulawas,sulawas,udaipur,udaipur,sulawas,udaipur,1.0,1.0,girwa,1.0,once,1.0,once,0.0,1.0,True,True,False,0.0,1.0,SC,GENW,1.0,once,B_exact_gp_district,Sulawas,Udaipur,Kurabar,True,,,,,,,,,,,,False,1_original_gp_lgd_history_match,once,1.0,0.0,1.0,SC,GENW
290348.0,28.1050054761,76.4378381397,R,RAJASTHAN,Alwar,NFHS4,Raisarana,8,104,493,71790,34134.0,Santo,10,False,True,False,"{""34134"": 1.0}",True,34134,True,Raisarana,Kotputli-Behror,Mandhan,34134,Santo,True,34134,True,True,4_full_coverage,34134,Santo,Kotputli-Behror,Mandhan,santo,kotputlibehror,mandhan,Santo,santo,alwar,jaipur,santo,alwar,1.0,1.0,neemrana,1.0,once,1.0,once,1.0,0.0,True,True,False,1.0,0.0,GEN W,GEN,1.0,once,C_unique_gp_name_statewide,Santo,Kotputli-Behror,Mandhan,True,,,,,,,,,,,,False,1_original_gp_lgd_history_match,once,1.0,1.0,0.0,GEN W,GEN
290349.0,26.5664115364,77.5382852934,R,RAJASTHAN,Dhaulpur,NFHS4,Naksauda,8,106,516,75583,37273.0,Naksauda,9,False,True,False,"{""37273"": 1.0}",True,37273,True,Naksauda,Dholpur,Bari,37273,Naksauda,True,37273,True,False,3_gp_no_reservation_history,37273,Naksauda,Dholpur,Bari,naksauda,dholpur,bari,Naksauda,naksauda,dholpur,dholpur,,,,,,,,,,,,False,False,False,,,,,,,,,,,False,,,,,,,,,,,,False,0_unmatched,,,,,,
290351.0,27.3146699692,77.4057734321,R,RAJASTHAN,Bharatpur,NFHS4,Adhaiya Khurd,8,105,510,74612,35393.0,Lakhan,16,False,True,False,"{""35393"": 1.0}",True,35393,True,Adhaiya Khurd,Deeg,Kumher,35393,Lakhan,True,35393,True,False,3_gp_no_reservation_history,35393,Lakhan,Deeg,Kumher,lakhan,deeg,kumher,Lakhan,lakhan,bharatpur,bharatpur,,,,,,,,,,,,False,False,False,,,,,,,,,,,False,twice,2.0,1.0,1.0,GEN W,GENW,1.0,1.0,high_confidence_gp_and_exact_samiti,lakhan,KUMHER,True,3_fuzzy_gpname_exact_or_close_samiti_match,twice,2.0,1.0,1.0,GEN W,GENW
290353.0,27.6717407181,75.7378593644,R,RAJASTHAN,Sikar,NFHS4,Bhagega,8,111,556,82187,41723.0,Bhagega,9,False,True,False,"{""41723"": 1.0}",True,41723,True,Bhagega,Neem Ka Thana,Neem Ka Thana,41723,Bhagega,True,41723,True,False,3_gp_no_reservation_history,41723,Bhagega,Neem Ka Thana,Neem Ka Thana,bhagega,neemkathana,neemkathana,Bhagega,bhagega,sikar,sikar,,,,,,,,,,,,False,False,False,,,,,,,,,,,False,,,,,,,,,,,,False,0_unmatched,,,,,,
290355.0,26.120152655,76.4357958832,R,RAJASTHAN,Sawai Madhopur,NFHS4,Makholi,8,108,531,77628,41501.0,Makholi,14,False,True,False,"{""41501"": 1.0}",True,41501,True,Makholi,Sawai Madhopur,Sawai Madhopur,41501,Makholi,True,41501,True,True,4_full_coverage,41501,Makholi,Sawai Madhopur,Sawai Madhopur,makholi,sawaimadhopur,sawaimadhopur,Makholi,makholi,sawaimadhopur,sawaimadhopur,makholi,sawaimadhopur,1.0,1.0,sawaimadhopur,1.0,once,1.0,once,1.0,0.0,True,True,False,1.0,0.0,GEN W,GEN,1.0,once,A_exact_gp_district_samiti,Makholi,Sawai Madhopur,Sawai Madhopur,True,,,,,,,,,,,,False,1_original_gp_lgd_history_match,once,1.0,1.0,0.0,GEN W,GEN
290359.0,26.7917931839,77.5801180033,R,RAJASTHAN,Dhaulpur,NFHS4,Jarga,8,106,515,75370,37302.0,Jarga,12,False,True,False,"{""37302"": 1.0}",True,37302,True,Jarga,Dholpur,Baseri,37302,Jarga,True,37302,True,True,4_full_coverage,37302,Jarga,Dholpur,Baseri,jarga,dholpur,baseri,Jarga,jarga,dholpur,dholpur,jarga,dholpur,1.0,1.0,baseri,1.0,once,1.0,once,0.0,1.0,True,True,False,0.0,1.0,GEN,GENW,1.0,once,A_exact_gp_district_samiti,Jarga,Dholpur,Baseri,True,,,,,,,,,,,,False,1_original_gp_lgd_history_match,once,1.0,0.0,1.0,GEN,GENW
290360.0,27.1459344114,72.7420937592,R,RAJASTHAN,Jodhpur,NFHS4,Denok,8,113,567,84327,39894.0,Denok,2,False,True,False,"{""39894"": 1.0}",True,39894,True,Denok,Phalodi,Aau,39894,Denok,True,39894,True,False,3_gp_no_reservation_history,39894,Denok,Phalodi,Aau,denok,phalodi,aau,Denok,denok,jodhpur,jodhpur,,,,,,,,,,,,False,False,False,,,,,,,,,,,False,,,,,,,,,,,,False,0_unmatched,,,,,,
290362.0,27.3443431507,76.0006481261,R,RAJASTHAN,Jaipur,NFHS4,Lakhni,8,110,540,79323,38656.0,Nithara Letkawas,14,False,True,False,"{""38656"": 1.0}",True,38656,True,Lakhni,Jaipur (Gramin),Shahpura,38656,Nithara Letkawas,True,38656,True,False,3_gp_no_reservation_history,38656,Nithara Letkawas,Jaipur (Gramin),Shahpura,nitharaletkawas,jaipurgramin,shahpura,Nithara Letkawas,nitharaletkawas,jaipur,jaipur,,,,,,,,,,,,False,False,False,,,,,,,,,,,False,,,,,,,,,,,,False,0_unmatched,,,,,,
290363.0,26.2874415928,73.4294369796,R,RAJASTHAN,Jodhpur,NFHS4,Chodha,8,113,573,85739,39719.0,Chodha,6,False,True,False,"{""39719"": 1.0}",True,39719,True,Chodha,Jodhpur (Gramin),Pipar Shahar,39719,Chodha,True,39719,True,False,3_gp_no_reservation_history,39719,Chodha,Jodhpur (Gramin),Pipar Shahar,chodha,jodhpurgramin,piparshahar,Chodha,chodha,jodhpur,jodhpur,,,,,,,,,,,,False,False,False,,,,,,,,,,,False,,,,,,,,,,,,False,0_unmatched,,,,,,
290364.0,26.6938321457,76.6170362848,R,RAJASTHAN,Karauli,NFHS4,Loda,8,107,521,76410,40064.0,Jeetkipur,10,False,True,False,"{""40064"": 1.0}",True,40064,True,Loda,Gangapurcity,Nadoti,40064,Jeetkipur,True,40064,True,True,4_full_coverage,40064,Jeetkipur,Gangapurcity,Nadoti,jeetkipur,gangapurcity,nadoti,Jeetkipur,jeetkipur,karauli,sawaimadhopur,jeetkipur,karauli,1.0,1.0,nadoti,1.0,once,1.0,once,0.0,1.0,True,True,False,0.0,1.0,ST,GENW,1.0,once,C_unique_gp_name_statewide,Jeetkipur,Gangapurcity,Nadoti,True,,,,,,,,,,,,False,1_original_gp_lgd_history_match,once,1.0,0.0,1.0,ST,GENW
290365.0,25.2626064492,74.8460472298,R,RAJASTHAN,Bhilwara,NFHS4,Karer,8,122,635,95819,35753.0,Badla,10,False,True,False,"{""35753"": 1.0}",True,35753,True,Karer,Shahpura,Kotri,35753,Badla,True,35753,True,False,3_gp_no_reservation_history,35753,Badla,Shahpura,Kotri,badla,shahpura,kotri,Badla,badla,bhilwara,bhilwara,,,,,,,,,,,,False,False,False,,,,,,,,,,,False,,,,,,,,,,,,False,0_unmatched,,,,,,
290366.0,26.4255172033,74.5569529064,R,RAJASTHAN,Ajmer,NFHS4,Kharekhari,8,119,607,91602,33826.0,Ajaysar,7,False,True,False,"{""33826"": 1.0}",True,33826,True,Kharekhadi,Ajmer,Ajmer,33826,Ajaysar,True,33826,True,True,4_full_coverage,33826,Ajaysar,Ajmer,Ajmer,ajaysar,ajmer,ajmer,Ajaysar,ajaysar,ajmer,ajmer,ajaysar,ajmer,1.0,1.0,srinagar,1.0,never,0.0,never,0.0,0.0,True,True,False,0.0,0.0,GEN,GEN,0.0,never,B_exact_gp_district,Ajaysar,Ajmer,Ajmer,True,,,,,,,,,,,,False,1_original_gp_lgd_history_match,never,0.0,0.0,0.0,GEN,GEN
290367.0,26.8286549953,78.0979646773,R,RAJASTHAN,Dhaulpur,NFHS4,Jarah,8,106,519,76123,37398.0,Sadapur,11,False,True,False,"{""37398"": 1.0}",True,37398,True,Jarah,Dholpur,Rajakhera,37398,Sadapur,True,37398,True,True,4_full_coverage,37398,Sadapur,Dholpur,Rajakhera,sadapur,dholpur,rajakhera,Sadapur,sadapur,dholpur,dholpur,sadapur,dholpur,2.0,1.0,rajakhera,1.0,once,1.0,once,0.0,1.0,True,True,False,0.0,1.0,GEN,GENW,1.0,once,A_exact_gp_district_samiti,Sadapur,Dholpur,Rajakhera,True,,,,,,,,,,,,False,1_original_gp_lgd_history_match,once,1.0,0.0,1.0,GEN,GENW
290368.0,24.8020866163,73.8983009833,R,RAJASTHAN,Udaipur,NFHS4,Palana Khurd,8,130,685,105405,42622.0,Palana Khurd,12,False,True,False,"{""42622"": 1.0}",True,42622,True,Palana Khurd,Udaipur,Ghasa,42622,Palana Khurd,True,42622,True,True,4_full_coverage,42622,Palana Khurd,Udaipur,Ghasa,palanakhurd,udaipur,ghasa,Palana Khurd,palanakhurd,udaipur,udaipur,palanakhurd,udaipur,1.0,1.0,mavli,1.0,once,1.0,once,0.0,1.0,True,True,False,0.0,1.0,GEN,OBCW,1.0,once,B_exact_gp_district,Palana Khurd,Udaipur,Ghasa,True,,,,,,,,,,,,False,1_original_gp_lgd_history_match,once,1.0,0.0,1.0,GEN,OBCW
290369.0,23.9326814439,74.6973092801,R,RAJASTHAN,Pratapgarh,NFHS4,Suhagpura,8,131,697,108210,36758.0,Suhag Pura,13,False,True,False,"{""36758"": 1.0}",True,36758,True,Suhagpura,Pratapgarh,Suhagpura,36758,Suhag Pura,True,36758,True,False,3_gp_no_reservation_history,36758,Suhag Pura,Pratapgarh,Suhagpura,suhagpura,pratapgarh,suhagpura,Suhag Pura,suhagpura,pratapgarh,pratapgarh,,,,,,,,,,,,False,False,False,,,,,,,,,,,False,,,,,,,,,,,,False,0_unmatched,,,,,,
290370.0,26.5730427551,76.256653857,R,RAJASTHAN,Dausa,NFHS4,Nirjharna,8,109,537,78897,37158.0,Nirjharna,13,False,True,False,"{""37158"": 1.0}",True,37158,True,Nirjharna,Dausa,Nirjharna,37158,Nirjharna,True,37158,True,True,4_full_coverage,37158,Nirjharna,Dausa,Nirjharna,nirjharna,dausa,nirjharna,Nirjharna,nirjharna,dausa,dausa,nirjharna,dausa,1.0,1.0,lalsot,1.0,once,1.0,once,0.0,1.0,True,True,False,0.0,1.0,SC,STW,1.0,once,B_exact_gp_district,Nirjharna,Dausa,Nirjharna,True,,,,,,,,,,,,False,1_original_gp_lgd_history_match,once,1.0,0.0,1.0,SC,STW
290374.0,26.5453609348,74.2882758574,R,RAJASTHAN,Nagaur,NFHS4,Kalni Kumaran,8,112,563,83452,40779.0,Kod,10,False,True,False,"{""40779"": 1.0}",True,40779,True,Kalni Kumaran,Nagaur,Riyan Bari,40779,Kod,True,40779,True,True,4_full_coverage,40779,Kod,Nagaur,Riyan Bari,kod,nagaur,riyanbari,Kod,kod,nagaur,nagaur,kod,nagaur,1.0,1.0,riyan,1.0,twice,2.0,twice,1.0,1.0,True,True,False,1.0,1.0,GEN W,OBCW,2.0,twice,B_exact_gp_district,Kod,Nagaur,Riyan Bari,True,,,,,,,,,,,,False,1_original_gp_lgd_history_match,twice,2.0,1.0,1.0,GEN W,OBCW
290375.0,26.0555635675,76.4514514216,R,RAJASTHAN,Sawai Madhopur,NFHS4,Khandoj,8,108,531,77666,41510.0,Ranwal,8,False,True,False,"{""41510"": 1.0}",True,41510,True,Khandoj,Sawai Madhopur,Sawai Madhopur,41510,Ranwal,True,41510,True,True,4_full_coverage,41510,Ranwal,Sawai Madhopur,Sawai Madhopur,ranwal,sawaimadhopur,sawaimadhopur,Ranwal,ranwal,sawaimadhopur,sawaimadhopur,ranwal,sawaimadhopur,1.0,1.0,sawaimadhopur,1.0,never,0.0,never,0.0,0.0,True,True,False,0.0,0.0,ST,GEN,0.0,never,A_exact_gp_district_samiti,Ranwal,Sawai Madhopur,Sawai Madhopur,True,,,,,,,,,,,,False,1_original_gp_lgd_history_match,never,0.0,0.0,0.0,ST,GEN
290376.0,28.8730902642,74.6663776026,R,RAJASTHAN,Hanumangarh,NFHS4,GIRAJSAR,8,100,471,68763,38198.0,Pandusar,3,False,True,False,"{""38198"": 1.0}",True,38198,True,Girajsar,Hanumangarh,Nohar,38198,Pandusar,True,38198,True,False,3_gp_no_reservation_history,38198,Pandusar,Hanumangarh,Nohar,pandusar,hanumangarh,nohar,Pandusar,pandusar,hanumangarh,hanumangarh,,,,,,,,,,,,False,False,False,,,,,,,,,,,False,,,,,,,,,,,,False,0_unmatched,,,,,,
290380.0,26.7926768437,76.9468074782,R,RAJASTHAN,Karauli,NFHS4,Dhahara,8,107,522,76465,39965.0,Dhahara,19,False,True,False,"{""39965"": 1.0}",True,39965,True,Dhahara,Karauli,Hindaun,39965,Dhahara,True,39965,True,False,3_gp_no_reservation_history,39965,Dhahara,Karauli,Hindaun,dhahara,karauli,hindaun,Dhahara,dhahara,karauli,karauli,,,,,,,,,,,,False,False,False,,,,,,,,,,,False,,,,,,,,,,,,False,0_unmatched,,,,,,
290382.0,26.5309055389,76.9868907798,R,RAJASTHAN,Karauli,NFHS4,Birwas,8,107,523,76653,40035.0,Manchi,9,False,True,False,"{""40035"": 1.0}",True,40035,True,Birwas,Karauli,Karauli,40035,Manchi,True,40035,True,False,3_gp_no_reservation_history,40035,Manchi,Karauli,Karauli,manchi,karauli,karauli,Manchi,manchi,karauli,karauli,,,,,,,,,,,,False,False,False,,,,,,,,,,,False,,,,,,,,,,,,False,0_unmatched,,,,,,
290383.0,27.3103736919,73.8373011325,R,RAJASTHAN,Nagaur,NFHS4,Jathera,8,112,560,82858,40702.0,Jhadisara,8,False,True,False,"{""40702"": 1.0}",True,40702,True,Jathera,Nagaur,Nagaur,40702,Jhadisara,True,40702,True,False,3_gp_no_reservation_history,40702,Jhadisara,Nagaur,Nagaur,jhadisara,nagaur,nagaur,Jhadisara,jhadisara,nagaur,nagaur,,,,,,,,,,,,False,False,False,,,,,,,,,,,False,,,,,,,,,,,,False,0_unmatched,,,,,,
290385.0,27.4068997011,70.513115595,R,RAJASTHAN,Jaisalmer,NFHS4,Ramgarh,8,114,574,85825,38779.0,Ramgarh,2,False,True,False,"{""38779"": 1.0}",True,38779,True,Ramgarh,Jaisalmer,Ramgarh,38779,Ramgarh,True,38779,True,True,4_full_coverage,38779,Ramgarh,Jaisalmer,Ramgarh,ramgarh,jaisalmer,ramgarh,Ramgarh,ramgarh,jaisalmer,jaisalmer,ramgarh,jaisalmer,1.0,1.0,sam,1.0,once,1.0,once,0.0,1.0,True,True,False,0.0,1.0,SC,OBCW,1.0,once,B_exact_gp_district,Ramgarh,Jaisalmer,Ramgarh,True,,,,,,,,,,,,False,1_original_gp_lgd_history_match,once,1.0,0.0,1.0,SC,OBCW
290389.0,25.3727531158,76.3842804379,R,RAJASTHAN,Baran,NFHS4,Rampuriya Barod,8,128,670,102558,34694.0,Tisaya,3,False,True,False,"{""34694"": 1.0}",True,34694,True,Rampuriya Barod,Baran,Mangrol,34694,Tisaya,True,34694,True,False,3_gp_no_reservation_history,34694,Tisaya,Baran,Mangrol,tisaya,baran,mangrol,Tisaya,tisaya,baran,baran,tisaya,baran,1.0,1.0,antah,1.0,once,1.0,once,1.0,0.0,True,True,True,,,,,,,,,,,False,,,,,,,,,,,,False,2_direct_gpname_dhsdistrict_match,once,1.0,1.0,0.0,,
290391.0,25.267531446,75.7884964116,R,RAJASTHAN,Bundi,NFHS4,Bhopat Pura,8,121,626,94499,36339.0,Ballop,13,False,True,False,"{""36339"": 1.0}",True,36339,True,Bhopat Pura,Bundi,Talera,36339,Ballop,True,36339,True,True,4_full_coverage,36339,Ballop,Bundi,Talera,ballop,bundi,talera,Ballop,ballop,bundi,bundi,ballop,bundi,1.0,1.0,talera,1.0,once,1.0,once,0.0,1.0,True,True,False,0.0,1.0,GEN,SCW,1.0,once,A_exact_gp_district_samiti,Ballop,Bundi,Talera,True,,,,,,,,,,,,False,1_original_gp_lgd_history_match,once,1.0,0.0,1.0,GEN,SCW
290392.0,25.9438754741,72.2186518491,R,RAJASTHAN,Barmer,NFHS4,Sambhra,8,115,579,87276,34916.0,Sambhra,5,False,True,False,"{""34916"": 1.0}",True,34916,True,Sambhra,Balotra,Patodi,34916,Sambhra,True,34916,True,False,3_gp_no_reservation_history,34916,Sambhra,Balotra,Pachpadra,sambhra,balotra,pachpadra,Sambhra,sambhra,barmer,barmer,,,,,,,,,,,,False,False,False,,,,,,,,,,,False,,,,,,,,,,,,False,0_unmatched,,,,,,
290394.0,23.7589799512,74.8620750381,R,RAJASTHAN,Pratapgarh,NFHS4,Barkheri,8,131,700,108771,36395.0,Achnara,12,False,True,False,"{""36395"": 1.0}",True,36395,True,Barkheri,Pratapgarh,Arnod,36395,Achnara,True,36395,True,True,4_full_coverage,36395,Achnara,Pratapgarh,Arnod,achnara,pratapgarh,arnod,Achnara,achnara,pratapgarh,pratapgarh,achnara,pratapgarh,1.0,1.0,arnod,1.0,once,1.0,once,0.0,1.0,True,True,False,0.0,1.0,ST,STW,1.0,once,A_exact_gp_district_samiti,Achnara,Pratapgarh,Arnod,True,,,,,,,,,,,,False,1_original_gp_lgd_history_match,once,1.0,0.0,1.0,ST,STW
290395.0,26.1404567582,76.6736929774,R,RAJASTHAN,Sawai Madhopur,NFHS4,Bhaopur,8,108,532,77775,262777.0,Khidarpur Jadaun,5,False,True,False,"{""262777"": 1.0}",True,262777,True,Bhaopur,Sawai Madhopur,Khandar,262777,Khidarpur Jadaun,True,262777,True,False,3_gp_no_reservation_history,262777,Khidarpur Jadaun,Sawai Madhopur,Khandar,khidarpurjadaun,sawaimadhopur,khandar,Khidarpur Jadaun,khidarpurjadaun,sawaimadhopur,sawaimadhopur,,,,,,,,,,,,False,False,False,,,,,,,,,,,False,,,,,,,,,,,,False,0_unmatched,,,,,,
290396.0,25.7766656634,71.7846858974,R,RAJASTHAN,Barmer,NFHS4,Sauon Ki Dhani,8,115,578,87222,295448.0,Bhojasar,7,False,True,False,"{""295448"": 1.0}",True,295448,True,Sauon Ki Dhani,Balotra,Baytoo,295448,Bhojasar,True,295448,True,False,3_gp_no_reservation_history,295448,Bhojasar,Balotra,Baytoo,bhojasar,balotra,baytoo,Bhojasar,bhojasar,barmer,barmer,,,,,,,,,,,,False,False,False,,,,,,,,,,,False,,,,,,,,,,,,False,0_unmatched,,,,,,
290399.0,24.8575481166,76.1410100761,R,RAJASTHAN,Kota,NFHS4,Kanwas,8,127,669,102526,40284.0,Kanwas,11,False,True,False,"{""40284"": 1.0}",True,40284,True,Kanwas,Kota,Kanwas,40284,Kanwas,True,40284,True,True,4_full_coverage,40284,Kanwas,Kota,Kanwas,kanwas,kota,kanwas,Kanwas,kanwas,kota,kota,kanwas,kota,1.0,1.0,sangod,1.0,once,1.0,once,0.0,1.0,True,True,False,0.0,1.0,OBC,GENW,1.0,once,B_exact_gp_district,Kanwas,Kota,Kanwas,True,,,,,,,,,,,,False,1_original_gp_lgd_history_match,once,1.0,0.0,1.0,OBC,GENW
290402.0,29.9087018173,74.4785207138,R,RAJASTHAN,Hanumangarh,NFHS4,2 STP  (Haripura),8,100,466,67127,38056.0,Haripura,6,False,True,False,"{""38056"": 1.0}",True,38056,True,2 Stp (Haripura),Hanumangarh,Sangaria,38056,Haripura,True,38056,True,False,3_gp_no_reservation_history,38056,Haripura,Hanumangarh,Sangaria,haripura,hanumangarh,sangaria,Haripura,haripura,hanumangarh,hanumangarh,,,,,,,,,,,,False,False,False,,,,,,,,,,,False,,,,,,,,,,,,False,0_unmatched,,,,,,
290404.0,28.0684234939,75.2201971908,R,RAJASTHAN,Jhunjhunun,NFHS4,Loomas,8,103,487,71020,39458.0,Wahidpura,11,False,True,False,"{""39458"": 1.0}",True,39458,True,Loomas,Jhunjhunu,Mandawa,39458,Wahidpura,True,39458,True,True,4_full_coverage,39458,Wahidpura,Jhunjhunu,Mandawa,wahidpura,jhunjhunu,mandawa,Wahidpura,wahidpura,jhunjhunu,jhunjhunu,wahidpura,jhunjhunu,1.0,1.0,jhunjhunu,1.0,never,0.0,never,0.0,0.0,True,True,False,0.0,0.0,SC,OBC,0.0,never,B_exact_gp_district,Wahidpura,Jhunjhunu,Mandawa,True,,,,,,,,,,,,False,1_original_gp_lgd_history_match,never,0.0,0.0,0.0,SC,OBC
290407.0,25.3207633809,75.6235861621,R,RAJASTHAN,Bundi,NFHS4,Namana,8,121,626,94443,36377.0,Namana,12,False,True,False,"{""36377"": 1.0}",True,36377,True,Namana,Bundi,Bundi,36377,Namana,True,36377,True,False,3_gp_no_reservation_history,36377,Namana,Bundi,Bundi,namana,bundi,bundi,Namana,namana,bundi,bundi,,,,,,,,,,,,False,False,False,,,,,,,,,,,False,,,,,,,,,,,,False,0_unmatched,,,,,,
290409.0,27.8669818442,73.0160032512,R,RAJASTHAN,Bikaner,NFHS4,Chani,8,101,476,69496,36069.0,Chani,6,False,True,False,"{""36069"": 1.0}",True,36069,True,Chani,Bikaner,Kolayat,36069,Chani,True,36069,True,True,4_full_coverage,36069,Chani,Bikaner,Kolayat,chani,bikaner,kolayat,Chani,chani,bikaner,bikaner,chani,bikaner,1.0,1.0,kolayat,1.0,once,1.0,once,0.0,1.0,True,True,False,0.0,1.0,GEN,GENW,1.0,once,A_exact_gp_district_samiti,Chani,Bikaner,Kolayat,True,,,,,,,,,,,,False,1_original_gp_lgd_history_match,once,1.0,0.0,1.0,GEN,GENW
290411.0,24.3138139455,76.2532314219,R,RAJASTHAN,Jhalawar,NFHS4,Karal Gaon,8,129,679,104319,39090.0,Karal Gaon,12,False,True,False,"{""39090"": 1.0}",True,39090,True,Karal Gaon,Jhalawar,Bakani,39090,Karal Gaon,True,39090,True,False,3_gp_no_reservation_history,39090,Karal Gaon,Jhalawar,Bakani,karalgaon,jhalawar,bakani,Karal Gaon,karalgaon,jhalawar,jhalawar,,,,,,,,,,,,False,False,False,,,,,,,,,,,False,,,,,,,,,,,,False,0_unmatched,,,,,,
290412.0,26.7144597284,76.2609502575,R,RAJASTHAN,Dausa,NFHS4,Gurha Sampatpura,8,109,537,78716,37146.0,Kaloowas,17,False,True,False,"{""37146"": 1.0}",True,37146,True,Gurha Sampatpura,Dausa,Rahuwas,37146,Kaloowas,True,37146,True,False,3_gp_no_reservation_history,37146,Kaloowas,Dausa,Rahuwas,kaloowas,dausa,rahuwas,Kaloowas,kaloowas,dausa,dausa,,,,,,,,,,,,False,False,False,,,,,,,,,,,False,,,,,,,,,,,,False,0_unmatched,,,,,,
290413.0,24.7871444799,72.9493955977,R,RAJASTHAN,Sirohi,NFHS4,Nandiya,8,117,594,90066,41892.0,Nandiya,7,False,True,False,"{""41892"": 1.0}",True,41892,True,Nandiya,Sirohi,Pindwara,41892,Nandiya,True,41892,True,False,3_gp_no_reservation_history,41892,Nandiya,Sirohi,Pindwara,nandiya,sirohi,pindwara,Nandiya,nandiya,sirohi,sirohi,,,,,,,,,,,,False,False,False,,,,,,,,,,,False,once,1.0,0.0,1.0,SC,STW,0.9230769230769231,1.0,high_confidence_gp_and_exact_samiti,nadiya,PINDWARA,True,3_fuzzy_gpname_exact_or_close_samiti_match,once,1.0,0.0,1.0,SC,STW
290415.0,26.6494313429,76.0890467861,R,RAJASTHAN,Jaipur,NFHS4,Kot Khawada,8,110,550,80961,38320.0,Kotkhawda,11,False,True,False,"{""38320"": 1.0}",True,38320,True,Kot Khawada,Jaipur (Gramin),Kotkhawda,38320,Kotkhawda,True,38320,True,False,3_gp_no_reservation_history,38320,Kotkhawda,Jaipur (Gramin),Kotkhawda,kotkhawda,jaipurgramin,kotkhawda,Kotkhawda,kotkhawda,jaipur,jaipur,,,,,,,,,,,,False,False,False,,,,,,,,,,,False,,,,,,,,,,,,False,0_unmatched,,,,,,
290416.0,29.8430951685,73.4255577813,R,RAJASTHAN,Ganganagar,NFHS4,6 FA,8,99,457,64221,37810.0,6 F A Radewala,8,False,True,False,"{""37810"": 1.0}",True,37810,True,6 Fa,Ganganagar,Karanpur,37810,6 F A Radewala,True,37810,True,True,4_full_coverage,37810,6 F A Radewala,Ganganagar,Karanpur,6faradewala,ganganagar,karanpur,6 F A Radewala,6faradewala,ganganagar,ganganagar,6faradewala,ganganagar,1.0,1.0,karanpur,1.0,once,1.0,once,1.0,0.0,True,True,False,1.0,0.0,GEN W,GEN,1.0,once,A_exact_gp_district_samiti,6 F A Radewala,Ganganagar,Karanpur,True,,,,,,,,,,,,False,1_original_gp_lgd_history_match,once,1.0,1.0,0.0,GEN W,GEN
290421.0,26.4117096237,71.690680668,R,RAJASTHAN,Jaisalmer,NFHS4,Deopalpura,8,114,575,86434,294274.0,Mekuba,2,False,True,False,"{""294274"": 1.0}",True,294274,True,Deopalpura,Jaisalmer,Phalsoond,294274,Mekuba,True,294274,True,False,3_gp_no_reservation_history,294274,Mekuba,Jaisalmer,Phalsoond,mekuba,jaisalmer,phalsoond,Mekuba,mekuba,jaisalmer,jaisalmer,,,,,,,,,,,,False,False,False,,,,,,,,,,,False,,,,,,,,,,,,False,0_unmatched,,,,,,
290422.0,26.1394077883,76.3702467393,R,RAJASTHAN,Sawai Madhopur,NFHS4,Koshali,8,108,531,77634,41489.0,Jarawata,12,False,True,False,"{""41489"": 1.0}",True,41489,True,Koshali,Sawai Madhopur,Sawai Madhopur,41489,Jarawata,True,41489,True,False,3_gp_no_reservation_history,41489,Jarawata,Sawai Madhopur,Sawai Madhopur,jarawata,sawaimadhopur,sawaimadhopur,Jarawata,jarawata,sawaimadhopur,sawaimadhopur,,,,,,,,,,,,False,False,False,,,,,,,,,,,False,,,,,,,,,,,,False,0_unmatched,,,,,,
290423.0,25.3558040975,74.3541420772,R,RAJASTHAN,Bhilwara,NFHS4,Baolas,8,122,631,95274,35788.0,Bawalas,10,False,True,False,"{""35788"": 1.0}",True,35788,True,Bawalas,Bhilwara,Mandal,35788,Bawalas,True,35788,True,False,3_gp_no_reservation_history,35788,Bawalas,Bhilwara,Mandal,bawalas,bhilwara,mandal,Bawalas,bawalas,bhilwara,bhilwara,,,,,,,,,,,,False,False,False,,,,,,,,,,,False,,,,,,,,,,,,False,0_unmatched,,,,,,
290425.0,25.5040698378,76.0726703953,R,RAJASTHAN,Bundi,NFHS4,Borda Kachhiyan,8,121,625,94194,36263.0,Borda Kachiyan,8,False,True,False,"{""36263"": 1.0}",True,36263,True,Borda Kachhiyan,Bundi,Keshoraipatan,36263,Borda Kachiyan,True,36263,True,True,4_full_coverage,36263,Borda Kachiyan,Bundi,Keshoraipatan,bordakachiyan,bundi,keshoraipatan,Borda Kachiyan,bordakachiyan,bundi,bundi,bordakachiyan,bundi,1.0,1.0,keshoraipatan,1.0,never,0.0,never,0.0,0.0,True,True,False,0.0,0.0,SC,ST,0.0,never,A_exact_gp_district_samiti,Borda Kachiyan,Bundi,Keshoraipatan,True,,,,,,,,,,,,False,1_original_gp_lgd_history_match,never,0.0,0.0,0.0,SC,ST
290428.0,28.3806096304,75.7670369014,R,RAJASTHAN,Jhunjhunun,NFHS4,Pilod,8,103,488,71224,39562.0,Pilod,10,False,True,False,"{""39562"": 1.0}",True,39562,True,Pilod,Jhunjhunu,Surajgarh,39562,Pilod,True,39562,True,True,4_full_coverage,39562,Pilod,Jhunjhunu,Surajgarh,pilod,jhunjhunu,surajgarh,Pilod,pilod,jhunjhunu,jhunjhunu,pilod,jhunjhunu,1.0,1.0,surajgarh,1.0,twice,2.0,twice,1.0,1.0,True,True,False,1.0,1.0,OBC W,GENW,2.0,twice,A_exact_gp_district_samiti,Pilod,Jhunjhunu,Surajgarh,True,,,,,,,,,,,,False,1_original_gp_lgd_history_match,twice,2.0,1.0,1.0,OBC W,GENW
290429.0,26.5885778863,77.035285364,R,RAJASTHAN,Karauli,NFHS4,Kotra Dhahar,8,107,522,76601,39994.0,Palanpur,14,False,True,False,"{""39994"": 1.0}",True,39994,True,Kotra Dhahar,Karauli,Hindaun,39994,Palanpur,True,39994,True,True,4_full_coverage,39994,Palanpur,Karauli,Hindaun,palanpur,karauli,hindaun,Palanpur,palanpur,karauli,karauli,palanpur,karauli,1.0,1.0,hindaun,1.0,never,0.0,never,0.0,0.0,True,True,False,0.0,0.0,GEN,ST,0.0,never,A_exact_gp_district_samiti,Palanpur,Karauli,Hindaun,True,,,,,,,,,,,,False,1_original_gp_lgd_history_match,never,0.0,0.0,0.0,GEN,ST
290433.0,29.7741813392,74.0270538349,R,RAJASTHAN,Ganganagar,NFHS4,13 SDP  (Jameetasinghwala),8,99,459,64770,37924.0,Sardarpura Jivan,8,False,True,False,"{""37924"": 1.0}",True,37924,True,13 Sdp (Jameetasinghwala),Ganganagar,Sadulshahar,37924,Sardarpura Jivan,True,37924,True,False,3_gp_no_reservation_history,37924,Sardarpura Jivan,Ganganagar,Sadulshahar,sardarpurajivan,ganganagar,sadulshahar,Sardarpura Jivan,sardarpurajivan,ganganagar,ganganagar,,,,,,,,,,,,False,False,False,,,,,,,,,,,False,once,1.0,0.0,1.0,GEN,GENW,0.9032258064516129,1.0,high_confidence_gp_and_exact_samiti,sardarpura jeevan,SADULSHAHAR,True,3_fuzzy_gpname_exact_or_close_samiti_match,once,1.0,0.0,1.0,GEN,GENW
290434.0,27.5777822026,75.6404143705,R,RAJASTHAN,Sikar,NFHS4,Bhadwari,8,111,555,82042,41645.0,Bhadwari,11,False,True,False,"{""41645"": 1.0}",True,41645,True,Bhadwari,Sikar,Khandela,41645,Bhadwari,True,41645,True,False,3_gp_no_reservation_history,41645,Bhadwari,Sikar,Khandela,bhadwari,sikar,khandela,Bhadwari,bhadwari,sikar,sikar,,,,,,,,,,,,False,False,False,,,,,,,,,,,False,,,,,,,,,,,,False,0_unmatched,,,,,,
290437.0,24.5105487033,72.996644837,R,RAJASTHAN,Sirohi,NFHS4,Bhoola,8,117,594,90132,41880.0,Bhoola,4,False,True,False,"{""41880"": 1.0}",True,41880,True,Bhoola,Sirohi,Pindwara,41880,Bhoola,True,41880,True,False,3_gp_no_reservation_history,41880,Bhoola,Sirohi,Pindwara,bhoola,sirohi,pindwara,Bhoola,bhoola,sirohi,sirohi,,,,,,,,,,,,False,False,False,,,,,,,,,,,False,,,,,,,,,,,,False,0_unmatched,,,,,,
290438.0,24.799847721,74.3869892099,R,RAJASTHAN,Chittaurgarh,NFHS4,Ramthali,8,126,660,101000,36663.0,Hathiyana,11,False,True,False,"{""36663"": 1.0}",True,36663,True,Ramthali,Chittorgarh,Kapasan,36663,Hathiyana,True,36663,True,True,4_full_coverage,36663,Hathiyana,Chittorgarh,Kapasan,hathiyana,chittorgarh,kapasan,Hathiyana,hathiyana,chittorgarh,chittorgarh,hathiyana,chittorgarh,1.0,1.0,kapasan,1.0,twice,2.0,twice,1.0,1.0,True,True,False,1.0,1.0,GEN W,GENW,2.0,twice,A_exact_gp_district_samiti,Hathiyana,Chittorgarh,Kapasan,True,,,,,,,,,,,,False,1_original_gp_lgd_history_match,twice,2.0,1.0,1.0,GEN W,GENW
290440.0,26.5290572309,75.4849086041,R,RAJASTHAN,Jaipur,NFHS4,Sirsya,8,110,544,79936,38551.0,Lasadiya,5,False,True,False,"{""38551"": 1.0}",True,38551,True,Sirsya,Dudu,Phagi,38551,Lasadiya,True,38551,True,False,3_gp_no_reservation_history,38551,Lasadiya,Dudu,Phagi,lasadiya,dudu,phagi,Lasadiya,lasadiya,jaipur,jaipur,lasadiya,jaipur,2.0,1.0,phagi,1.0,never,0.0,never,0.0,0.0,True,True,True,,,,,,,,,,,False,,,,,,,,,,,,False,2_direct_gpname_dhsdistrict_match,never,0.0,0.0,0.0,,
290442.0,26.4660492105,76.5968696135,R,RAJASTHAN,Sawai Madhopur,NFHS4,Goojar Barauda,8,108,527,77295,41337.0,Gurjar Baroda,12,False,True,False,"{""41337"": 1.0}",True,41337,True,Goojar Barauda,Gangapurcity,Bamanwas,41337,Gurjar Baroda,True,41337,True,False,3_gp_no_reservation_history,41337,Gurjar Baroda,Gangapurcity,Bamanwas,gurjarbaroda,gangapurcity,bamanwas,Gurjar Baroda,gurjarbaroda,sawaimadhopur,sawaimadhopur,,,,,,,,,,,,False,False,False,,,,,,,,,,,False,,,,,,,,,,,,False,0_unmatched,,,,,,
290444.0,24.9135104547,73.6116600248,R,RAJASTHAN,Rajsamand,NFHS4,Fatehpur,8,123,645,97265,41194.0,Fatehpur,6,False,True,False,"{""41194"": 1.0}",True,41194,True,Fatehpur,Rajsamand,Khamnor,41194,Fatehpur,True,41194,True,True,4_full_coverage,41194,Fatehpur,Rajsamand,Khamnor,fatehpur,rajsamand,khamnor,Fatehpur,fatehpur,rajsamand,rajsamand,fatehpur,rajsamand,1.0,1.0,khamnor,1.0,once,1.0,once,0.0,1.0,True,True,False,0.0,1.0,GEN,GENW,1.0,once,A_exact_gp_district_samiti,Fatehpur,Rajsamand,Khamnor,True,,,,,,,,,,,,False,1_original_gp_lgd_history_match,once,1.0,0.0,1.0,GEN,GENW
290446.0,26.332108868,72.954452374,R,RAJASTHAN,Jodhpur,NFHS4,Jakharo Ki Dhani,8,113,570,84937,39812.0,Narwa Khichiya,6,False,True,False,"{""39812"": 1.0}",True,39812,True,Jakharo Ki Dhani,Jodhpur,Jodhpur,39812,Narwa Khichiya,True,39812,True,False,3_gp_no_reservation_history,39812,Narwa Khichiya,Jodhpur,Jodhpur,narwakhichiya,jodhpur,jodhpur,Narwa Khichiya,narwakhichiya,jodhpur,jodhpur,,,,,,,,,,,,False,False,False,,,,,,,,,,,False,,,,,,,,,,,,False,0_unmatched,,,,,,
290447.0,28.0890462697,75.7795463614,R,RAJASTHAN,Jhunjhunun,NFHS4,Kuthaniya,8,103,489,71395,295060.0,Moi Bharu,17,False,True,False,"{""295060"": 1.0}",True,295060,True,Kuthaniya,Jhunjhunu,Buhana,295060,Moi Bharu,True,295060,True,False,3_gp_no_reservation_history,295060,Moi Bharu,Jhunjhunu,Buhana,moibharu,jhunjhunu,buhana,Moi Bharu,moibharu,jhunjhunu,jhunjhunu,,,,,,,,,,,,False,False,False,,,,,,,,,,,False,,,,,,,,,,,,False,0_unmatched,,,,,,
290448.0,24.2694567725,73.3480240369,R,RAJASTHAN,Udaipur,NFHS4,Dhala,8,130,688,106263,42445.0,Amiwara,13,False,True,False,"{""42445"": 1.0}",True,42445,True,Dhala,Udaipur,Phalasiyan,42445,Amiwara,True,42445,True,True,4_full_coverage,42445,Amiwara,Udaipur,Phalasiyan,amiwara,udaipur,phalasiyan,Amiwara,amiwara,udaipur,udaipur,amiwara,udaipur,1.0,1.0,jhadol,1.0,once,1.0,once,1.0,0.0,True,True,False,1.0,0.0,ST W,ST,1.0,once,B_exact_gp_district,Amiwara,Udaipur,Phalasiyan,True,,,,,,,,,,,,False,1_original_gp_lgd_history_match,once,1.0,1.0,0.0,ST W,ST
290450.0,26.7595097594,76.9073925504,R,RAJASTHAN,Karauli,NFHS4,Bhopur,8,107,520,76332,40141.0,Bhopur,17,False,True,False,"{""40141"": 1.0}",True,40141,True,Bhopur,Gangapurcity,Balghat,40141,Bhopur,True,40141,True,True,4_full_coverage,40141,Bhopur,Gangapurcity,Balghat,bhopur,gangapurcity,balghat,Bhopur,bhopur,karauli,sawaimadhopur,bhopur,karauli,1.0,1.0,todabhim,1.0,twice,2.0,twice,1.0,1.0,True,True,False,1.0,1.0,SC W,STW,2.0,twice,C_unique_gp_name_statewide,Bhopur,Gangapurcity,Balghat,True,,,,,,,,,,,,False,1_original_gp_lgd_history_match,twice,2.0,1.0,1.0,SC W,STW
290451.0,27.8800053989,75.4291137414,R,RAJASTHAN,Jhunjhunun,NFHS4,Doodi Nagar,8,103,492,71710,,,7,False,True,False,{},True,,False,Doodi Nagar,Jhunjhunu,Gudhagorji,262661,Dhania Bhorki,True,262661,True,False,3_gp_no_reservation_history,262661,Dhania Bhorki,Jhunjhunu,Gudhagorji,dhaniabhorki,jhunjhunu,gudhagorji,Dhania Bhorki,dhaniabhorki,jhunjhunu,jhunjhunu,,,,,,,,,,,,False,False,False,,,,,,,,,,,False,,,,,,,,,,,,False,0_unmatched,,,,,,
290452.0,24.9489187157,73.8624123635,R,RAJASTHAN,Rajsamand,NFHS4,Kothariya Chak-B,8,123,645,97351,41204.0,Kothariya Chak Or Kothariya,11,False,True,False,"{""41204"": 1.0}",True,41204,True,Kothariya Chak - B,Rajsamand,Nathdwara,41204,Kothariya Chak Or Kothariya,True,41204,True,False,3_gp_no_reservation_history,41204,Kothariya Chak Or Kothariya,Rajsamand,Nathdwara,kothariyachakorkothariya,rajsamand,nathdwara,Kothariya Chak Or Kothariya,kothariyachakorkothariya,rajsamand,rajsamand,,,,,,,,,,,,False,False,False,,,,,,,,,,,False,,,,,,,,,,,,False,0_unmatched,,,,,,
290455.0,27.922427907,76.7239848832,R,RAJASTHAN,Alwar,NFHS4,Khera,8,104,497,72406,295142.0,Kheda,18,False,True,False,"{""295142"": 1.0}",True,295142,True,Khera Palpur,Khairthal-Tijara,Kishangarhbas,295142,Kheda,True,295142,True,False,3_gp_no_reservation_history,295142,Kheda,Khairthal-Tijara,Kishangarhbas,kheda,khairthaltijara,kishangarhbas,Kheda,kheda,alwar,alwar,kheda,alwar,1.0,1.0,bansur,1.0,twice,2.0,twice,1.0,1.0,True,True,True,,,,,,,,,,,False,,,,,,,,,,,,False,2_direct_gpname_dhsdistrict_match,twice,2.0,1.0,1.0,,
290456.0,27.5754741202,75.9156142096,R,RAJASTHAN,Sikar,NFHS4,Kishanpura,8,111,556,82348,41772.0,Sanwalpura (Tanwran),8,False,True,False,"{""41772"": 1.0}",True,41772,True,Kishanpura,Neem Ka Thana,Shrimadhopur,41772,Sanwalpura (Tanwran),True,41772,True,False,3_gp_no_reservation_history,41772,Sanwalpura (Tanwran),Neem Ka Thana,Shrimadhopur,sanwalpuratanwran,neemkathana,shrimadhopur,Sanwalpura (Tanwran),sanwalpuratanwran,sikar,sikar,,,,,,,,,,,,False,False,False,,,,,,,,,,,False,,,,,,,,,,,,False,0_unmatched,,,,,,
290458.0,27.9110144718,74.9998272667,R,RAJASTHAN,Sikar,NFHS4,Harsawa Chhota,8,111,551,81298,294985.0,Harsava Bara,7,False,True,False,"{""294985"": 1.0}",True,294985,True,Harsawa Chhota,Sikar,Fatehpur,294985,Harsava Bara,True,294985,True,False,3_gp_no_reservation_history,294985,Harsava Bara,Sikar,Fatehpur,harsavabara,sikar,fatehpur,Harsava Bara,harsavabara,sikar,sikar,,,,,,,,,,,,False,False,False,,,,,,,,,,,False,,,,,,,,,,,,False,0_unmatched,,,,,,
290460.0,25.5126869374,73.1729904285,R,RAJASTHAN,Pali,NFHS4,Beethura,8,118,604,91204,41088.0,Anoppura,5,False,True,False,"{""41088"": 1.0}",True,41088,True,Beethura,Pali,Sumerpur,41088,Anoppura,True,41088,True,True,4_full_coverage,41088,Anoppura,Pali,Sumerpur,anoppura,pali,sumerpur,Anoppura,anoppura,pali,pali,anoppura,pali,1.0,1.0,sumerpur,1.0,never,0.0,never,0.0,0.0,True,True,False,0.0,0.0,ST,GEN,0.0,never,A_exact_gp_district_samiti,Anoppura,Pali,Sumerpur,True,,,,,,,,,,,,False,1_original_gp_lgd_history_match,never,0.0,0.0,0.0,ST,GEN
290461.0,25.0999034846,76.2741214233,R,RAJASTHAN,Baran,NFHS4,Bamuliya Mataji,8,128,671,102685,34661.0,Bamooliya Mataji,9,False,True,False,"{""34661"": 1.0}",True,34661,True,Bamuliya Mataji,Baran,Anta,34661,Bamooliya Mataji,True,34661,True,False,3_gp_no_reservation_history,34661,Bamooliya Mataji,Baran,Anta,bamooliyamataji,baran,anta,Bamooliya Mataji,bamooliyamataji,baran,baran,,,,,,,,,,,,False,False,False,,,,,,,,,,,False,,,,,,,,,,,,False,0_unmatched,,,,,,
290462.0,25.3632123651,73.4877727894,R,RAJASTHAN,Pali,NFHS4,Nadol,8,118,603,91144,40855.0,Nadol,7,False,True,False,"{""40855"": 1.0}",True,40855,True,Nadol,Pali,Desuri,40855,Nadol,True,40855,True,False,3_gp_no_reservation_history,40855,Nadol,Pali,Desuri,nadol,pali,desuri,Nadol,nadol,pali,pali,,,,,,,,,,,,False,False,False,,,,,,,,,,,False,twice,2.0,1.0,1.0,OBC W,SCW,1.0,1.0,high_confidence_gp_and_exact_samiti,nadol,DESURI,True,3_fuzzy_gpname_exact_or_close_samiti_match,twice,2.0,1.0,1.0,OBC W,SCW
290463.0,24.6777856333,72.9420243537,R,RAJASTHAN,Sirohi,NFHS4,Kodarla,8,117,594,90110,41882.0,Adarsh,10,False,True,False,"{""41882"": 1.0}",True,41882,True,Kodarla,Sirohi,Pindwara,41882,Adarsh,True,41882,True,False,3_gp_no_reservation_history,41882,Adarsh,Sirohi,Pindwara,adarsh,sirohi,pindwara,Adarsh,adarsh,sirohi,sirohi,,,,,,,,,,,,False,False,False,,,,,,,,,,,False,,,,,,,,,,,,False,0_unmatched,,,,,,
290465.0,29.8341938274,74.1869902571,R,RAJASTHAN,Ganganagar,NFHS4,30 PTP  (Pratappura),8,99,459,64746,37920.0,Narayangarh,6,False,True,False,"{""37920"": 1.0}",True,37920,True,30 Ptp (Pratappura),Ganganagar,Sadulshahar,37920,Narayangarh,True,37920,True,True,4_full_coverage,37920,Narayangarh,Ganganagar,Sadulshahar,narayangarh,ganganagar,sadulshahar,Narayangarh,narayangarh,ganganagar,ganganagar,narayangarh,ganganagar,1.0,1.0,sadulshahar,1.0,once,1.0,once,0.0,1.0,True,True,False,0.0,1.0,GEN,SCW,1.0,once,A_exact_gp_district_samiti,Narayangarh,Ganganagar,Sadulshahar,True,,,,,,,,,,,,False,1_original_gp_lgd_history_match,once,1.0,0.0,1.0,GEN,SCW
290466.0,23.9363773682,74.4507573915,R,RAJASTHAN,Pratapgarh,NFHS4,Sewanagar,8,131,696,108009,42311.0,Ant,9,False,True,False,"{""42311"": 1.0}",True,42311,True,Sewanagar,Pratapgarh,Dhariawad,42311,Ant,True,42311,True,False,3_gp_no_reservation_history,42311,Ant,Pratapgarh,Dhariawad,ant,pratapgarh,dhariawad,Ant,ant,pratapgarh,pratapgarh,,,,,,,,,,,,False,False,False,,,,,,,,,,,False,,,,,,,,,,,,False,0_unmatched,,,,,,
290468.0,23.7304459038,74.700728101,R,RAJASTHAN,Pratapgarh,NFHS4,Nalpara,8,131,697,108137,,,11,False,True,False,{},True,,False,Nalpara,Pratapgarh,Peepalkhoont,262223,Nalpara,True,262223,True,False,3_gp_no_reservation_history,262223,Nalpara,Pratapgarh,Peepalkhoont,nalpara,pratapgarh,peepalkhoont,Nalpara,nalpara,pratapgarh,pratapgarh,,,,,,,,,,,,False,False,False,,,,,,,,,,,False,,,,,,,,,,,,False,0_unmatched,,,,,,
290469.0,26.4947448409,74.7014138769,R,RAJASTHAN,Ajmer,NFHS4,Rasoolpura,8,119,607,91613,33856.0,Rasoolpura,10,False,True,False,"{""33856"": 1.0}",True,33856,True,Rasoolpura,Ajmer,Ajmer,33856,Rasoolpura,True,33856,True,False,3_gp_no_reservation_history,33856,Rasoolpura,Ajmer,Ajmer,rasoolpura,ajmer,ajmer,Rasoolpura,rasoolpura,ajmer,ajmer,,,,,,,,,,,,False,False,False,,,,,,,,,,,False,,,,,,,,,,,,False,0_unmatched,,,,,,
290472.0,25.8850409055,75.4389420488,R,RAJASTHAN,Tonk,NFHS4,Rawta,8,120,620,93304,42014.0,Ganwari,6,False,True,False,"{""42014"": 1.0}",True,42014,True,Rawta,Tonk,Deoli,42014,Ganwari,True,42014,True,False,3_gp_no_reservation_history,42014,Ganwari,Tonk,Deoli,ganwari,tonk,deoli,Ganwari,ganwari,tonk,tonk,,,,,,,,,,,,False,False,False,,,,,,,,,,,False,,,,,,,,,,,,False,0_unmatched,,,,,,
290473.0,25.0359380379,75.9832663914,R,RAJASTHAN,Kota,NFHS4,Barodiya,8,127,667,102082,40253.0,Gandi Falee,9,False,True,False,"{""40253"": 1.0}",True,40253,True,Barodiya,Kota,Ladpura,40253,Gandi Falee,True,40253,True,False,3_gp_no_reservation_history,40253,Gandi Falee,Kota,Ladpura,gandifalee,kota,ladpura,Gandi Falee,gandifalee,kota,kota,,,,,,,,,,,,False,False,False,,,,,,,,,,,False,,,,,,,,,,,,False,0_unmatched,,,,,,
290475.0,27.6992444419,76.573730711,R,RAJASTHAN,Alwar,NFHS4,Chandoli,8,104,499,72703,34307.0,Chandoli,10,False,True,False,"{""34307"": 1.0}",True,34307,True,Chandoli,Alwar,Alwar,34307,Chandoli,True,34307,True,True,4_full_coverage,34307,Chandoli,Alwar,Alwar,chandoli,alwar,alwar,Chandoli,chandoli,alwar,alwar,chandoli,alwar,2.0,1.0,umren,1.0,never,0.0,never,0.0,0.0,True,True,False,0.0,0.0,GEN,GEN,0.0,never,B_exact_gp_district,Chandoli,Alwar,Alwar,True,,,,,,,,,,,,False,1_original_gp_lgd_history_match,never,0.0,0.0,0.0,GEN,GEN
290476.0,28.8237636098,74.9436139881,R,RAJASTHAN,Churu,NFHS4,Jhadsar Ganjiya,8,102,481,69955,37022.0,Meghsar,7,False,True,False,"{""37022"": 1.0}",True,37022,True,Jhadsar Ganjiya,Churu,Taranagar,37022,Meghsar,True,37022,True,True,4_full_coverage,37022,Meghsar,Churu,Taranagar,meghsar,churu,taranagar,Meghsar,meghsar,churu,churu,meghsar,churu,1.0,1.0,taranagar,1.0,twice,2.0,twice,1.0,1.0,True,True,False,1.0,1.0,GEN W,GENW,2.0,twice,A_exact_gp_district_samiti,Meghsar,Churu,Taranagar,True,,,,,,,,,,,,False,1_original_gp_lgd_history_match,twice,2.0,1.0,1.0,GEN W,GENW
290477.0,26.9980769766,71.3496920239,R,RAJASTHAN,Jaisalmer,NFHS4,Karmon Ki Dhani,8,114,574,86091,38716.0,Chandhan,4,False,True,False,"{""38716"": 1.0}",True,38716,True,Karmon Ki Dhani,Jaisalmer,Jaisalmer,38716,Chandhan,True,38716,True,False,3_gp_no_reservation_history,38716,Chandhan,Jaisalmer,Jaisalmer,chandhan,jaisalmer,jaisalmer,Chandhan,chandhan,jaisalmer,jaisalmer,,,,,,,,,,,,False,False,False,,,,,,,,,,,False,once,1.0,0.0,1.0,OBC,SCW,0.9333333333333333,1.0,high_confidence_gp_and_exact_samiti,chandan,JAISALMER,True,3_fuzzy_gpname_exact_or_close_samiti_match,once,1.0,0.0,1.0,OBC,SCW
290478.0,26.479623205,73.8137737371,R,RAJASTHAN,Jodhpur,NFHS4,Boroonda,8,113,573,85714,39714.0,Boroonda,2,False,True,False,"{""39714"": 1.0}",True,39714,True,Boroonda,Jodhpur (Gramin),Pipar Shahar,39714,Boroonda,True,39714,True,False,3_gp_no_reservation_history,39714,Boroonda,Jodhpur (Gramin),Pipar Shahar,boroonda,jodhpurgramin,piparshahar,Boroonda,boroonda,jodhpur,jodhpur,,,,,,,,,,,,False,False,False,,,,,,,,,,,False,,,,,,,,,,,,False,0_unmatched,,,,,,
290480.0,26.2371809785,76.0397959706,R,RAJASTHAN,Sawai Madhopur,NFHS4,Peeplya,8,108,530,77536,41500.0,Mahapura,2,False,True,False,"{""41500"": 1.0}",True,41500,True,Peeplya,Sawai Madhopur,Chauth Ka Barwara,41500,Mahapura,True,41500,True,True,4_full_coverage,41500,Mahapura,Sawai Madhopur,Chauth Ka Barwara,mahapura,sawaimadhopur,chauthkabarwara,Mahapura,mahapura,sawaimadhopur,sawaimadhopur,mahapura,sawaimadhopur,2.0,1.0,sawaimadhopur,1.0,twice,2.0,twice,1.0,1.0,True,True,False,1.0,1.0,ST W,GENW,2.0,twice,B_exact_gp_district,Mahapura,Sawai Madhopur,Chauth Ka Barwara,True,,,,,,,,,,,,False,1_original_gp_lgd_history_match,twice,2.0,1.0,1.0,ST W,GENW
290481.0,25.9069459693,76.2466278324,R,RAJASTHAN,Sawai Madhopur,NFHS4,Peepalwara,8,108,531,77696,41467.0,Rawanjna Chaur,7,False,True,False,"{""41467"": 1.0}",True,41467,True,Peepalwara,Sawai Madhopur,Sawai Madhopur,41467,Rawanjna Chaur,True,41467,True,False,3_gp_no_reservation_history,41467,Rawanjna Chaur,Sawai Madhopur,Sawai Madhopur,rawanjnachaur,sawaimadhopur,sawaimadhopur,Rawanjna Chaur,rawanjnachaur,sawaimadhopur,sawaimadhopur,,,,,,,,,,,,False,False,False,,,,,,,,,,,False,,,,,,,,,,,,False,0_unmatched,,,,,,
290483.0,25.00949075,71.6625423488,R,RAJASTHAN,Barmer,NFHS4,Meghawa,8,116,590,89574,294414.0,Meghawa,4,False,True,False,"{""294414"": 1.0}",True,294414,True,Meghawa,Sanchore,Chitalwana,294414,Meghawa,True,294414,True,False,3_gp_no_reservation_history,294414,Meghawa,Sanchore,Chitalwana,meghawa,sanchore,chitalwana,Meghawa,meghawa,barmer,jalore,,,,,,,,,,,,False,False,False,,,,,,,,,,,False,,,,,,,,,,,,False,0_unmatched,,,,,,
290484.0,28.2375588969,75.0097343377,R,RAJASTHAN,Churu,NFHS4,Ramsara,8,102,484,70547,,,4,False,True,False,{},True,,False,Ramsara,Churu,Churu,36804,Khansoli,True,36804,True,True,4_full_coverage,36804,Khansoli,Churu,Churu,khansoli,churu,churu,Khansoli,khansoli,churu,churu,khansoli,churu,1.0,1.0,churu,1.0,once,1.0,once,0.0,1.0,True,True,False,0.0,1.0,GEN,SCW,1.0,once,A_exact_gp_district_samiti,Khansoli,Churu,Churu,True,,,,,,,,,,,,False,1_original_gp_lgd_history_match,once,1.0,0.0,1.0,GEN,SCW
290485.0,25.6445151677,75.4153535826,R,RAJASTHAN,Bhilwara,NFHS4,Manohargarh,8,122,636,95891,35732.0,Itunda,4,False,True,False,"{""35732"": 1.0}",True,35732,True,Manohargarh,Shahpura,Jahazpur,35732,Itunda,True,35732,True,True,4_full_coverage,35732,Itunda,Shahpura,Jahazpur,itunda,shahpura,jahazpur,Itunda,itunda,bhilwara,bhilwara,itunda,bhilwara,1.0,1.0,jahazpur,1.0,never,0.0,never,0.0,0.0,True,True,False,0.0,0.0,GEN,ST,0.0,never,C_unique_gp_name_statewide,Itunda,Shahpura,Jahazpur,True,,,,,,,,,,,,False,1_original_gp_lgd_history_match,never,0.0,0.0,0.0,GEN,ST
290487.0,27.3833924344,76.2495990851,R,RAJASTHAN,Alwar,NFHS4,Jhankri,8,104,501,73117,34254.0,Nangal Bani,10,False,True,False,"{""34254"": 1.0}",True,34254,True,Jhankri,Alwar,Thanagazi,34254,Nangal Bani,True,34254,True,True,4_full_coverage,34254,Nangal Bani,Alwar,Thanagazi,nangalbani,alwar,thanagazi,Nangal Bani,nangalbani,alwar,alwar,nangalbani,alwar,1.0,1.0,thanagazi,1.0,once,1.0,once,1.0,0.0,True,True,False,1.0,0.0,GEN W,OBC,1.0,once,A_exact_gp_district_samiti,Nangal Bani,Alwar,Thanagazi,True,,,,,,,,,,,,False,1_original_gp_lgd_history_match,once,1.0,1.0,0.0,GEN W,OBC
290490.0,26.6279294252,77.8170412065,R,RAJASTHAN,Dhaulpur,NFHS4,Nagla Moroli,8,106,518,76051,,,6,False,True,False,{},True,,False,Nagla Moroli,Dholpur,Dholpur,37347,Moroli,True,37347,True,True,4_full_coverage,37347,Moroli,Dholpur,Dholpur,moroli,dholpur,dholpur,Moroli,moroli,dholpur,dholpur,moroli,dholpur,1.0,1.0,dholpur,1.0,never,0.0,never,0.0,0.0,True,True,False,0.0,0.0,OBC,GEN,0.0,never,A_exact_gp_district_samiti,Moroli,Dholpur,Dholpur,True,,,,,,,,,,,,False,1_original_gp_lgd_history_match,never,0.0,0.0,0.0,OBC,GEN
290491.0,26.9863168997,76.4072459413,R,RAJASTHAN,Dausa,NFHS4,Bhedoli,8,109,536,78455,294550.0,Neemali,15,False,True,False,"{""294550"": 1.0}",True,294550,True,Bhedoli,Dausa,Kundal,294550,Neemali,True,294550,True,False,3_gp_no_reservation_history,294550,Neemali,Dausa,Kundal,neemali,dausa,kundal,Neemali,neemali,dausa,dausa,,,,,,,,,,,,False,False,False,,,,,,,,,,,False,,,,,,,,,,,,False,0_unmatched,,,,,,
290492.0,27.4505895901,73.3597219079,R,RAJASTHAN,Bikaner,NFHS4,Hansasar,8,101,477,69667,36144.0,Hansasar,4,False,True,False,"{""36144"": 1.0}",True,36144,True,Hansasar,Bikaner,Nokha,36144,Hansasar,True,36144,True,True,4_full_coverage,36144,Hansasar,Bikaner,Nokha,hansasar,bikaner,nokha,Hansasar,hansasar,bikaner,bikaner,hansasar,bikaner,1.0,1.0,nokha,1.0,never,0.0,never,0.0,0.0,True,True,False,0.0,0.0,SC,GEN,0.0,never,A_exact_gp_district_samiti,Hansasar,Bikaner,Nokha,True,,,,,,,,,,,,False,1_original_gp_lgd_history_match,never,0.0,0.0,0.0,SC,GEN
290494.0,26.9012157977,74.2355227293,R,RAJASTHAN,Nagaur,NFHS4,Jalsoo Khurd,8,112,563,83365,40354.0,Jalsoo Khurd,8,False,True,False,"{""40354"": 1.0}",True,40354,True,Jalsoo Khurd,Nagaur,Degana,40354,Jalsoo Khurd,True,40354,True,False,3_gp_no_reservation_history,40354,Jalsoo Khurd,Nagaur,Degana,jalsookhurd,nagaur,degana,Jalsoo Khurd,jalsookhurd,nagaur,nagaur,,,,,,,,,,,,False,False,False,,,,,,,,,,,False,,,,,,,,,,,,False,0_unmatched,,,,,,
290495.0,23.4092355015,74.1280996092,R,RAJASTHAN,Banswara,NFHS4,Sundrao,8,125,653,99297,34357.0,Sundrao,17,False,True,False,"{""34357"": 1.0}",True,34357,True,Sundrao,Banswara,Anandpuri,34357,Sundrao,True,34357,True,False,3_gp_no_reservation_history,34357,Sundrao,Banswara,Anandpuri,sundrao,banswara,anandpuri,Sundrao,sundrao,banswara,banswara,,,,,,,,,,,,False,False,False,,,,,,,,,,,False,,,,,,,,,,,,False,0_unmatched,,,,,,
290496.0,24.9829128114,72.4038473962,R,RAJASTHAN,Jalor,NFHS4,Munthla Kaba,8,116,588,89375,38937.0,Bharudi,8,False,True,False,"{""38937"": 1.0}",True,38937,True,Munthla Kaba,Jalore,Jaswantpura,38937,Bharudi,True,38937,True,True,4_full_coverage,38937,Bharudi,Jalore,Jaswantpura,bharudi,jalore,jaswantpura,Bharudi,bharudi,jalore,jalore,bharudi,jalore,1.0,1.0,jaswantpura,1.0,never,0.0,never,0.0,0.0,True,True,False,0.0,0.0,ST,SC,0.0,never,A_exact_gp_district_samiti,Bharudi,Jalore,Jaswantpura,True,,,,,,,,,,,,False,1_original_gp_lgd_history_match,never,0.0,0.0,0.0,ST,SC
290497.0,28.3354223203,75.5243213245,R,RAJASTHAN,Jhunjhunun,NFHS4,Ghumansar Kalan,8,103,488,71145,39547.0,Ghumansar Kalan,8,False,True,False,"{""39547"": 1.0}",True,39547,True,Ghumansar Kalan,Jhunjhunu,Pilani,39547,Ghumansar Kalan,True,39547,True,True,4_full_coverage,39547,Ghumansar Kalan,Jhunjhunu,Pilani,ghumansarkalan,jhunjhunu,pilani,Ghumansar Kalan,ghumansarkalan,jhunjhunu,jhunjhunu,ghumansarkalan,jhunjhunu,1.0,1.0,surajgarh,1.0,twice,2.0,twice,1.0,1.0,True,True,False,1.0,1.0,GEN W,SCW,2.0,twice,B_exact_gp_district,Ghumansar Kalan,Jhunjhunu,Pilani,True,,,,,,,,,,,,False,1_original_gp_lgd_history_match,twice,2.0,1.0,1.0,GEN W,SCW
290498.0,24.8109341765,71.4148237358,R,RAJASTHAN,Jalor,NFHS4,Surachand,8,116,590,89523,246069.0,Surachand,4,False,True,False,"{""246069"": 1.0}",True,246069,True,Surachand,Sanchore,Chitalwana,246069,Surachand,True,246069,True,False,3_gp_no_reservation_history,246069,Surachand,Sanchore,Chitalwana,surachand,sanchore,chitalwana,Surachand,surachand,jalore,jalore,,,,,,,,,,,,False,False,False,,,,,,,,,,,False,,,,,,,,,,,,False,0_unmatched,,,,,,
290501.0,26.6001533362,72.478956113,R,RAJASTHAN,Jodhpur,NFHS4,Saheed Jorsingh Nagar,8,113,571,85245,,,6,False,True,False,{},True,,False,Saheed Jorsingh Nagar,Jodhpur (Gramin),Sekhala,39613,Bhaloo Anopgarh,True,39613,True,False,3_gp_no_reservation_history,39613,Bhaloo Anopgarh,Jodhpur (Gramin),Sekhala,bhalooanopgarh,jodhpurgramin,sekhala,Bhaloo Anopgarh,bhalooanopgarh,jodhpur,jodhpur,,,,,,,,,,,,False,False,False,,,,,,,,,,,False,,,,,,,,,,,,False,0_unmatched,,,,,,
290502.0,25.0452175728,73.7237021111,R,RAJASTHAN,Rajsamand,NFHS4,Chikalwas,8,123,645,97243,41217.0,Saya Ka Khera,9,False,True,False,"{""41217"": 1.0}",True,41217,True,Chikalwas,Rajsamand,Nathdwara,41217,Saya Ka Khera,True,41217,True,False,3_gp_no_reservation_history,41217,Saya Ka Khera,Rajsamand,Nathdwara,sayakakhera,rajsamand,nathdwara,Saya Ka Khera,sayakakhera,rajsamand,rajsamand,,,,,,,,,,,,False,False,False,,,,,,,,,,,False,,,,,,,,,,,,False,0_unmatched,,,,,,
290504.0,24.080419298,73.6080479321,R,RAJASTHAN,Udaipur,NFHS4,Laxmipura,8,130,695,107741,,,15,False,True,False,{},True,,False,Laxmipura,Udaipur,Kherwara,42529,Larathi,True,42529,True,True,4_full_coverage,42529,Larathi,Udaipur,Kherwara,larathi,udaipur,kherwara,Larathi,larathi,udaipur,udaipur,larathi,udaipur,1.0,1.0,kherwara,1.0,never,0.0,never,0.0,0.0,True,True,False,0.0,0.0,ST,ST,0.0,never,A_exact_gp_district_samiti,Larathi,Udaipur,Kherwara,True,,,,,,,,,,,,False,1_original_gp_lgd_history_match,never,0.0,0.0,0.0,ST,ST
290506.0,29.1901216329,73.3373405914,R,RAJASTHAN,Ganganagar,NFHS4,65 GB,8,99,462,65690,37709.0,65 Gb,9,False,True,False,"{""37709"": 1.0}",True,37709,True,65 Gb,Anupgarh,Anupgarh,37709,65 Gb,True,37709,True,False,3_gp_no_reservation_history,37709,65 Gb,Anupgarh,Anupgarh,65gb,anupgarh,anupgarh,65 Gb,65gb,ganganagar,ganganagar,,,,,,,,,,,,False,False,False,,,,,,,,,,,False,twice,2.0,1.0,1.0,GEN W,GENW,1.0,1.0,high_confidence_gp_and_exact_samiti,65 gb,ANUPGARH,True,3_fuzzy_gpname_exact_or_close_samiti_match,twice,2.0,1.0,1.0,GEN W,GENW
290507.0,24.8913559865,72.5607953517,R,RAJASTHAN,Sirohi,NFHS4,Nimbora,8,117,593,89982,41978.0,Jaila,7,False,True,False,"{""41978"": 1.0}",True,41978,True,Nimbora,Sirohi,Sirohi,41978,Jaila,True,41978,True,False,3_gp_no_reservation_history,41978,Jaila,Sirohi,Sirohi,jaila,sirohi,sirohi,Jaila,jaila,sirohi,sirohi,,,,,,,,,,,,False,False,False,,,,,,,,,,,False,once,1.0,0.0,1.0,GEN,SCW,1.0,1.0,high_confidence_gp_and_exact_samiti,jaila,SIROHI,True,3_fuzzy_gpname_exact_or_close_samiti_match,once,1.0,0.0,1.0,GEN,SCW
290508.0,23.6492533037,73.8360048235,R,RAJASTHAN,Dungarpur,NFHS4,Dencha,8,124,648,98075,37549.0,Decha,10,False,True,False,"{""37549"": 1.0}",True,37549,True,Dencha,Dungarpur,Obri,37549,Decha,True,37549,True,True,4_full_coverage,37549,Decha,Dungarpur,Obri,decha,dungarpur,obri,Decha,decha,dungarpur,dungarpur,decha,dungarpur,1.0,1.0,sagwara,1.0,never,0.0,never,0.0,0.0,True,True,False,0.0,0.0,ST,ST,0.0,never,B_exact_gp_district,Decha,Dungarpur,Obri,True,,,,,,,,,,,,False,1_original_gp_lgd_history_match,never,0.0,0.0,0.0,ST,ST
290510.0,28.0114693519,74.5452374566,R,RAJASTHAN,Churu,NFHS4,Noonwa,8,102,485,70619,36896.0,Noowa,7,False,True,False,"{""36896"": 1.0}",True,36896,True,Noonwa,Churu,Rajaldesar,36896,Noowa,True,36896,True,False,3_gp_no_reservation_history,36896,Noowa,Churu,Rajaldesar,noowa,churu,rajaldesar,Noowa,noowa,churu,churu,,,,,,,,,,,,False,False,False,,,,,,,,,,,False,,,,,,,,,,,,False,0_unmatched,,,,,,
290511.0,25.7403593694,76.139149093,R,RAJASTHAN,Bundi,NFHS4,Heerapur,8,121,623,94008,36322.0,Mani,6,False,True,False,"{""36322"": 1.0}",True,36322,True,Heerapur,Bundi,Nainwa,36322,Mani,True,36322,True,True,4_full_coverage,36322,Mani,Bundi,Nainwa,mani,bundi,nainwa,Mani,mani,bundi,bundi,mani,bundi,3.0,1.0,nainwa,1.0,once,1.0,once,0.0,1.0,True,True,False,0.0,1.0,OBC,GENW,1.0,once,A_exact_gp_district_samiti,Mani,Bundi,Nainwa,True,,,,,,,,,,,,False,1_original_gp_lgd_history_match,once,1.0,0.0,1.0,OBC,GENW
290512.0,27.1579111744,77.0244690545,R,RAJASTHAN,Bharatpur,NFHS4,Naroli,8,105,512,74856,35610.0,Naroli,7,False,True,False,"{""35610"": 1.0}",True,35610,True,Naroli,Bharatpur,Bhusawar,35610,Naroli,True,35610,True,False,3_gp_no_reservation_history,35610,Naroli,Bharatpur,Bhusawar,naroli,bharatpur,bhusawar,Naroli,naroli,bharatpur,bharatpur,,,,,,,,,,,,False,False,False,,,,,,,,,,,False,,,,,,,,,,,,False,0_unmatched,,,,,,
290514.0,28.5913716424,74.8228774675,R,RAJASTHAN,Churu,NFHS4,Togawas,8,102,481,70002,294350.0,Togawas,5,False,True,False,"{""294350"": 1.0}",True,294350,True,Togawas,Churu,Taranagar,294350,Togawas,True,294350,True,False,3_gp_no_reservation_history,294350,Togawas,Churu,Taranagar,togawas,churu,taranagar,Togawas,togawas,churu,churu,,,,,,,,,,,,False,False,False,,,,,,,,,,,False,,,,,,,,,,,,False,0_unmatched,,,,,,
290515.0,26.1634598516,74.2398285252,R,RAJASTHAN,Pali,NFHS4,Ratdiya,8,118,598,90580,40993.0,Ratdiya,9,False,True,False,"{""40993"": 1.0}",True,40993,True,Ratdiya,Beawar,Raipur,40993,Ratdiya,True,40993,True,False,3_gp_no_reservation_history,40993,Ratdiya,Beawar,Raipur,ratdiya,beawar,raipur,Ratdiya,ratdiya,pali,ajmer,,,,,,,,,,,,False,False,False,,,,,,,,,,,False,once,1.0,0.0,1.0,GEN,GENW,0.9333333333333333,1.0,high_confidence_gp_and_exact_samiti,raatdiya,RAIPUR,True,3_fuzzy_gpname_exact_or_close_samiti_match,once,1.0,0.0,1.0,GEN,GENW
290518.0,25.636092822,74.2638821922,R,RAJASTHAN,Bhilwara,NFHS4,Jhalra,8,122,627,94685,35659.0,Raghunathpura,11,False,True,False,"{""35659"": 1.0}",True,35659,True,Jhalra,Bhilwara,Asind,35659,Raghunathpura,True,35659,True,True,4_full_coverage,35659,Raghunathpura,Bhilwara,Asind,raghunathpura,bhilwara,asind,Raghunathpura,raghunathpura,bhilwara,bhilwara,raghunathpura,bhilwara,1.0,1.0,asind,1.0,never,0.0,never,0.0,0.0,True,True,False,0.0,0.0,SC,OBC,0.0,never,A_exact_gp_district_samiti,Raghunathpura,Bhilwara,Asind,True,,,,,,,,,,,,False,1_original_gp_lgd_history_match,never,0.0,0.0,0.0,SC,OBC
290519.0,23.6646571345,73.9961677685,R,RAJASTHAN,Dungarpur,NFHS4,Madkola,8,124,648,97930,37557.0,Gowadi,16,False,True,False,"{""37557"": 1.0}",True,37557,True,Madkola,Dungarpur,Sagwara,37557,Gowadi,True,37557,True,False,3_gp_no_reservation_history,37557,Gowadi,Dungarpur,Sagwara,gowadi,dungarpur,sagwara,Gowadi,gowadi,dungarpur,dungarpur,,,,,,,,,,,,False,False,False,,,,,,,,,,,False,,,,,,,,,,,,False,0_unmatched,,,,,,
290520.0,23.4335383934,74.3854585276,R,RAJASTHAN,Banswara,NFHS4,Sukhaniya,8,125,652,99138,34448.0,Surwaniya,17,False,True,False,"{""34448"": 1.0}",True,34448,True,Surwaniya,Banswara,Banswara,34448,Surwaniya,True,34448,True,False,3_gp_no_reservation_history,34448,Surwaniya,Banswara,Banswara,surwaniya,banswara,banswara,Surwaniya,surwaniya,banswara,banswara,,,,,,,,,,,,False,False,False,,,,,,,,,,,False,,,,,,,,,,,,False,0_unmatched,,,,,,
290521.0,25.4987370056,75.0963725121,R,RAJASTHAN,Bhilwara,NFHS4,Meera Nagar,8,122,635,95678,35774.0,Paroli,7,False,True,False,"{""35774"": 1.0}",True,35774,True,Meera Nagar,Shahpura,Kotri,35774,Paroli,True,35774,True,True,4_full_coverage,35774,Paroli,Shahpura,Kotri,paroli,shahpura,kotri,Paroli,paroli,bhilwara,bhilwara,paroli,bhilwara,1.0,1.0,kotri,1.0,once,1.0,once,0.0,1.0,True,True,False,0.0,1.0,GEN,SCW,1.0,once,C_unique_gp_name_statewide,Paroli,Shahpura,Kotri,True,,,,,,,,,,,,False,1_original_gp_lgd_history_match,once,1.0,0.0,1.0,GEN,SCW
290522.0,24.9997300219,76.0842209083,R,RAJASTHAN,Kota,NFHS4,Banda,8,127,669,102360,40290.0,Kurad,9,False,True,False,"{""40290"": 1.0}",True,40290,True,Banda,Kota,Kanwas,40290,Kurad,True,40290,True,True,4_full_coverage,40290,Kurad,Kota,Kanwas,kurad,kota,kanwas,Kurad,kurad,kota,kota,kurad,kota,1.0,1.0,sangod,1.0,never,0.0,never,0.0,0.0,True,True,False,0.0,0.0,ST,OBC,0.0,never,B_exact_gp_district,Kurad,Kota,Kanwas,True,,,,,,,,,,,,False,1_original_gp_lgd_history_match,never,0.0,0.0,0.0,ST,OBC
290523.0,24.9274507101,75.6241388829,R,RAJASTHAN,Chittaurgarh,NFHS4,Jhalar Baori,8,126,658,100443,262608.0,Jhalar Baori,7,False,True,False,"{""262608"": 1.0}",True,262608,True,Jhalar Baori,Chittorgarh,Rawatbhata,262608,Jhalar Baori,True,262608,True,False,3_gp_no_reservation_history,262608,Jhalar Baori,Chittorgarh,Rawatbhata,jhalarbaori,chittorgarh,rawatbhata,Jhalar Baori,jhalarbaori,chittorgarh,chittorgarh,,,,,,,,,,,,False,False,False,,,,,,,,,,,False,,,,,,,,,,,,False,0_unmatched,,,,,,
290524.0,24.7672704287,73.0103067602,R,RAJASTHAN,Sirohi,NFHS4,Janapur,8,117,594,90064,41885.0,Janapur,10,False,True,False,"{""41885"": 1.0}",True,41885,True,Janapur,Sirohi,Pindwara,41885,Janapur,True,41885,True,True,4_full_coverage,41885,Janapur,Sirohi,Pindwara,janapur,sirohi,pindwara,Janapur,janapur,sirohi,sirohi,janapur,sirohi,1.0,1.0,pindwara,1.0,once,1.0,once,0.0,1.0,True,True,False,0.0,1.0,ST,GENW,1.0,once,A_exact_gp_district_samiti,Janapur,Sirohi,Pindwara,True,,,,,,,,,,,,False,1_original_gp_lgd_history_match,once,1.0,0.0,1.0,ST,GENW
290527.0,26.5889812653,76.0942599518,R,RAJASTHAN,Jaipur,NFHS4,Barh Shyampura,8,110,550,81130,,,13,False,True,False,{},True,,False,Barh Shyampura,Jaipur (Gramin),Kotkhawda,38310,Ajayrajpura Dehlala,True,38310,True,False,3_gp_no_reservation_history,38310,Ajayrajpura Dehlala,Jaipur (Gramin),Kotkhawda,ajayrajpuradehlala,jaipurgramin,kotkhawda,Ajayrajpura Dehlala,ajayrajpuradehlala,jaipur,jaipur,,,,,,,,,,,,False,False,False,,,,,,,,,,,False,,,,,,,,,,,,False,0_unmatched,,,,,,
290528.0,24.8329749682,73.6813286824,R,RAJASTHAN,Rajsamand,NFHS4,Barawa,8,123,645,97409,41199.0,Kaliwas,5,False,True,False,"{""41199"": 1.0}",True,41199,True,Barawa,Rajsamand,Delwara,41199,Kaliwas,True,41199,True,True,4_full_coverage,41199,Kaliwas,Rajsamand,Delwara,kaliwas,rajsamand,delwara,Kaliwas,kaliwas,rajsamand,rajsamand,kaliwas,rajsamand,1.0,1.0,khamnor,1.0,once,1.0,once,1.0,0.0,True,True,False,1.0,0.0,GEN W,GEN,1.0,once,B_exact_gp_district,Kaliwas,Rajsamand,Delwara,True,,,,,,,,,,,,False,1_original_gp_lgd_history_match,once,1.0,1.0,0.0,GEN W,GEN
290532.0,26.6849214909,78.0872402386,R,RAJASTHAN,Dhaulpur,NFHS4,Kathoomra,8,106,519,76178,37391.0,Mahadpura,3,False,True,False,"{""37391"": 1.0}",True,37391,True,Kathoomra,Dholpur,Rajakhera,37391,Mahadpura,True,37391,True,False,3_gp_no_reservation_history,37391,Mahadpura,Dholpur,Rajakhera,mahadpura,dholpur,rajakhera,Mahadpura,mahadpura,dholpur,dholpur,,,,,,,,,,,,False,False,False,,,,,,,,,,,False,,,,,,,,,,,,False,0_unmatched,,,,,,
290533.0,27.3913178369,70.5778393777,R,RAJASTHAN,Jaisalmer,NFHS4,Raghwa,8,114,574,85821,38776.0,Raghwa,2,False,True,False,"{""38776"": 1.0}",True,38776,True,Raghwa,Jaisalmer,Ramgarh,38776,Raghwa,True,38776,True,False,3_gp_no_reservation_history,38776,Raghwa,Jaisalmer,Ramgarh,raghwa,jaisalmer,ramgarh,Raghwa,raghwa,jaisalmer,jaisalmer,,,,,,,,,,,,False,False,False,,,,,,,,,,,False,,,,,,,,,,,,False,0_unmatched,,,,,,
290538.0,24.9556798245,71.8510229597,R,RAJASTHAN,Jalor,NFHS4,Bhadroona,8,116,590,89678,39000.0,Bhadroona,9,False,True,False,"{""39000"": 1.0}",True,39000,True,Bhadroona,Sanchore,Sanchore,39000,Bhadroona,True,39000,True,False,3_gp_no_reservation_history,39000,Bhadroona,Sanchore,Sanchore,bhadroona,sanchore,sanchore,Bhadroona,bhadroona,jalore,jalore,,,,,,,,,,,,False,False,False,,,,,,,,,,,False,,,,,,,,,,,,False,0_unmatched,,,,,,
290539.0,24.400182574,74.4204395842,R,RAJASTHAN,Chittaurgarh,NFHS4,Deodan,8,126,664,101579,36429.0,Binayka,9,False,True,False,"{""36429"": 1.0}",True,36429,True,Deodan,Chittorgarh,Bari Sadri,36429,Binayka,True,36429,True,False,3_gp_no_reservation_history,36429,Binayka,Chittorgarh,Bari Sadri,binayka,chittorgarh,barisadri,Binayka,binayka,chittorgarh,chittorgarh,,,,,,,,,,,,False,False,False,,,,,,,,,,,False,,,,,,,,,,,,False,0_unmatched,,,,,,
290540.0,27.7146704195,77.1112088475,R,RAJASTHAN,Bharatpur,NFHS4,Jasoti,8,105,505,73892,35336.0,Bhainseda,14,False,True,False,"{""35336"": 1.0}",True,35336,True,Jasoti,Deeg,Pahari,35336,Bhainseda,True,35336,True,False,3_gp_no_reservation_history,35336,Bhainseda,Deeg,Pahari,bhainseda,deeg,pahari,Bhainseda,bhainseda,bharatpur,bharatpur,,,,,,,,,,,,False,False,False,,,,,,,,,,,False,,,,,,,,,,,,False,0_unmatched,,,,,,
290542.0,28.0999278745,72.4506389511,R,RAJASTHAN,Bikaner,NFHS4,Gokal,8,101,476,69372,36078.0,Gokul,3,False,True,False,"{""36078"": 1.0}",True,36078,True,Gokal,Bikaner,Bajju,36078,Gokul,True,36078,True,True,4_full_coverage,36078,Gokul,Bikaner,Bajju,gokul,bikaner,bajju,Gokul,gokul,bikaner,bikaner,gokul,bikaner,2.0,1.0,kolayat,1.0,never,0.0,never,0.0,0.0,True,True,False,0.0,0.0,GEN,SC,0.0,never,B_exact_gp_district,Gokul,Bikaner,Bajju,True,,,,,,,,,,,,False,1_original_gp_lgd_history_match,never,0.0,0.0,0.0,GEN,SC
290543.0,26.7245914685,71.6174550782,R,RAJASTHAN,Jaisalmer,NFHS4,Sankra,8,114,575,86325,38828.0,Sankra,3,False,True,False,"{""38828"": 1.0}",True,38828,True,Sankra,Jaisalmer,Pokaran,38828,Sankra,True,38828,True,False,3_gp_no_reservation_history,38828,Sankra,Jaisalmer,Pokaran,sankra,jaisalmer,pokaran,Sankra,sankra,jaisalmer,jaisalmer,,,,,,,,,,,,False,False,False,,,,,,,,,,,False,,,,,,,,,,,,False,0_unmatched,,,,,,
290544.0,24.7176880707,71.9621513842,R,RAJASTHAN,Jalor,NFHS4,Teetop,8,116,590,89766,39026.0,Surawa,7,False,True,False,"{""39026"": 1.0}",True,39026,True,Teetop,Sanchore,Sanchore,39026,Surawa,True,39026,True,False,3_gp_no_reservation_history,39026,Surawa,Sanchore,Sanchore,surawa,sanchore,sanchore,Surawa,surawa,jalore,jalore,,,,,,,,,,,,False,False,False,,,,,,,,,,,False,,,,,,,,,,,,False,0_unmatched,,,,,,
290548.0,26.9232967898,77.4804678182,R,RAJASTHAN,Bharatpur,NFHS4,Bansi,8,105,514,75347,35535.0,Paharpur,9,False,True,False,"{""35535"": 1.0}",True,35535,True,Bansi,Bharatpur,Rupbas,35535,Paharpur,True,35535,True,False,3_gp_no_reservation_history,35535,Paharpur,Bharatpur,Rupbas,paharpur,bharatpur,rupbas,Paharpur,paharpur,bharatpur,bharatpur,,,,,,,,,,,,False,False,False,,,,,,,,,,,False,,,,,,,,,,,,False,0_unmatched,,,,,,
290549.0,24.6407175117,72.8709203542,R,RAJASTHAN,Sirohi,NFHS4,Kachholi,8,117,594,90093,41886.0,Kachholi,8,False,True,False,"{""41886"": 1.0}",True,41886,True,Kachholi,Sirohi,Pindwara,41886,Kachholi,True,41886,True,True,4_full_coverage,41886,Kachholi,Sirohi,Pindwara,kachholi,sirohi,pindwara,Kachholi,kachholi,sirohi,sirohi,kachholi,sirohi,1.0,1.0,pindwara,1.0,once,1.0,once,1.0,0.0,True,True,False,1.0,0.0,GEN W,SC,1.0,once,A_exact_gp_district_samiti,Kachholi,Sirohi,Pindwara,True,,,,,,,,,,,,False,1_original_gp_lgd_history_match,once,1.0,1.0,0.0,GEN W,SC
290550.0,24.9867786393,74.7549996774,R,RAJASTHAN,Chittaurgarh,NFHS4,Ghosondi,8,126,659,100693,36583.0,Ghosondi,9,False,True,False,"{""36583"": 1.0}",True,36583,True,Ghosondi,Chittorgarh,Bassi,36583,Ghosondi,True,36583,True,False,3_gp_no_reservation_history,36583,Ghosondi,Chittorgarh,Bassi,ghosondi,chittorgarh,bassi,Ghosondi,ghosondi,chittorgarh,chittorgarh,,,,,,,,,,,,False,False,False,,,,,,,,,,,False,,,,,,,,,,,,False,0_unmatched,,,,,,
290551.0,26.8431731344,77.0960827991,R,RAJASTHAN,Karauli,NFHS4,Vijaypura,8,107,522,76450,40006.0,Vijaypura,10,False,True,False,"{""40006"": 1.0}",True,40006,True,Vijaypura,Karauli,Suroth,40006,Vijaypura,True,40006,True,True,4_full_coverage,40006,Vijaypura,Karauli,Suroth,vijaypura,karauli,suroth,Vijaypura,vijaypura,karauli,karauli,vijaypura,karauli,1.0,1.0,hindaun,1.0,twice,2.0,twice,1.0,1.0,True,True,False,1.0,1.0,GEN W,GENW,2.0,twice,B_exact_gp_district,Vijaypura,Karauli,Suroth,True,,,,,,,,,,,,False,1_original_gp_lgd_history_match,twice,2.0,1.0,1.0,GEN W,GENW
290552.0,23.7200072431,74.383930498,R,RAJASTHAN,Banswara,NFHS4,Kanela,8,125,650,98569,,,17,False,True,False,{},True,,False,Kanela,Banswara,Ghatol,262178,Kadva Aamri,True,262178,True,False,3_gp_no_reservation_history,262178,Kadva Aamri,Banswara,Ghatol,kadvaaamri,banswara,ghatol,Kadva Aamri,kadvaaamri,banswara,banswara,,,,,,,,,,,,False,False,False,,,,,,,,,,,False,,,,,,,,,,,,False,0_unmatched,,,,,,
290553.0,26.0641674203,76.3728673928,R,RAJASTHAN,Sawai Madhopur,NFHS4,Soorwal,8,108,531,77660,41516.0,Soorwal,11,False,True,False,"{""41516"": 1.0}",True,41516,True,Soorwal,Sawai Madhopur,Sawai Madhopur,41516,Soorwal,True,41516,True,True,4_full_coverage,41516,Soorwal,Sawai Madhopur,Sawai Madhopur,soorwal,sawaimadhopur,sawaimadhopur,Soorwal,soorwal,sawaimadhopur,sawaimadhopur,soorwal,sawaimadhopur,1.0,1.0,sawaimadhopur,1.0,never,0.0,never,0.0,0.0,True,True,False,0.0,0.0,GEN,GEN,0.0,never,A_exact_gp_district_samiti,Soorwal,Sawai Madhopur,Sawai Madhopur,True,,,,,,,,,,,,False,1_original_gp_lgd_history_match,never,0.0,0.0,0.0,GEN,GEN
290555.0,26.2454622193,75.8301590487,R,RAJASTHAN,Tonk,NFHS4,Hadi Kalan,8,120,616,92741,42168.0,Hadi Kalan,6,False,True,False,"{""42168"": 1.0}",True,42168,True,Hadi Kalan,Tonk,Peeplu,42168,Hadi Kalan,True,42168,True,True,4_full_coverage,42168,Hadi Kalan,Tonk,Peeplu,hadikalan,tonk,peeplu,Hadi Kalan,hadikalan,tonk,tonk,hadikalan,tonk,1.0,1.0,tonk,1.0,twice,2.0,twice,1.0,1.0,True,True,False,1.0,1.0,SC W,GENW,2.0,twice,B_exact_gp_district,Hadi Kalan,Tonk,Peeplu,True,,,,,,,,,,,,False,1_original_gp_lgd_history_match,twice,2.0,1.0,1.0,SC W,GENW
290556.0,27.3254045724,74.6784774289,R,RAJASTHAN,Nagaur,NFHS4,Chugni,8,112,558,82569,40392.0,Chhapri Khurd,13,False,True,False,"{""40392"": 1.0}",True,40392,True,Chugni,Didwana-Kuchaman,Maulasar,40392,Chhapri Khurd,True,40392,True,False,3_gp_no_reservation_history,40392,Chhapri Khurd,Didwana-Kuchaman,Maulasar,chhaprikhurd,didwanakuchaman,maulasar,Chhapri Khurd,chhaprikhurd,nagaur,nagaur,,,,,,,,,,,,False,False,False,,,,,,,,,,,False,,,,,,,,,,,,False,0_unmatched,,,,,,
290557.0,25.8631024553,71.6201531099,R,RAJASTHAN,Barmer,NFHS4,Lapla,8,115,578,86985,295464.0,Lapla,11,False,True,False,"{""295464"": 1.0}",True,295464,True,Lapla,Balotra,Baytoo,295464,Lapla,True,295464,True,False,3_gp_no_reservation_history,295464,Lapla,Balotra,Baytoo,lapla,balotra,baytoo,Lapla,lapla,barmer,barmer,,,,,,,,,,,,False,False,False,,,,,,,,,,,False,,,,,,,,,,,,False,0_unmatched,,,,,,
290558.0,29.4020989333,74.4244643137,R,RAJASTHAN,Hanumangarh,NFHS4,7 NDR-B,8,100,468,67873,294705.0,Mohan Magriya,9,False,True,False,"{""294705"": 1.0}",True,294705,True,7 Ndr-B,Hanumangarh,Hanumangarh,294705,Mohan Magriya,True,294705,True,False,3_gp_no_reservation_history,294705,Mohan Magriya,Hanumangarh,Hanumangarh,mohanmagriya,hanumangarh,hanumangarh,Mohan Magriya,mohanmagriya,hanumangarh,hanumangarh,,,,,,,,,,,,False,False,False,,,,,,,,,,,False,,,,,,,,,,,,False,0_unmatched,,,,,,
290560.0,27.9842545233,72.5866204211,R,RAJASTHAN,Bikaner,NFHS4,Bangarsar,8,101,476,69391,36060.0,Bangadsr,3,False,True,False,"{""36060"": 1.0}",True,36060,True,Bangarsar,Bikaner,Bajju,36060,Bangadsr,True,36060,True,False,3_gp_no_reservation_history,36060,Bangadsr,Bikaner,Bajju,bangadsr,bikaner,bajju,Bangadsr,bangadsr,bikaner,bikaner,,,,,,,,,,,,False,False,False,,,,,,,,,,,False,,,,,,,,,,,,False,0_unmatched,,,,,,
290561.0,25.8688713957,75.8767246875,R,RAJASTHAN,Tonk,NFHS4,Raipura,8,120,621,93573,42210.0,Kacharawata,7,False,True,False,"{""42210"": 1.0}",True,42210,True,Raipura,Tonk,Nagarfort,42210,Kacharawata,True,42210,True,False,3_gp_no_reservation_history,42210,Kacharawata,Tonk,Nagarfort,kacharawata,tonk,nagarfort,Kacharawata,kacharawata,tonk,tonk,,,,,,,,,,,,False,False,False,,,,,,,,,,,False,,,,,,,,,,,,False,0_unmatched,,,,,,
290563.0,29.300802891,74.7495797758,R,RAJASTHAN,Hanumangarh,NFHS4,6 RPM,8,100,471,68623,38201.0,Pichkarai(6barani),6,False,True,False,"{""38201"": 1.0}",True,38201,True,6 Rpm,Hanumangarh,Nohar,38201,Pichkarai(6barani),True,38201,True,False,3_gp_no_reservation_history,38201,Pichkarai(6barani),Hanumangarh,Nohar,pichkarai6barani,hanumangarh,nohar,Pichkarai(6barani),pichkarai6barani,hanumangarh,hanumangarh,,,,,,,,,,,,False,False,False,,,,,,,,,,,False,,,,,,,,,,,,False,0_unmatched,,,,,,
290564.0,26.5507202802,71.9311450849,R,RAJASTHAN,Jaisalmer,NFHS4,Dantal,8,114,575,86419,38802.0,Dantal,5,False,True,False,"{""38802"": 1.0}",True,38802,True,Dantal,Jaisalmer,Phalsoond,38802,Dantal,True,38802,True,True,4_full_coverage,38802,Dantal,Jaisalmer,Bhaniyana,dantal,jaisalmer,bhaniyana,Dantal,dantal,jaisalmer,jaisalmer,dantal,jaisalmer,1.0,1.0,sankra,1.0,never,0.0,never,0.0,0.0,True,True,False,0.0,0.0,GEN,SC,0.0,never,B_exact_gp_district,Dantal,Jaisalmer,Bhaniyana,True,,,,,,,,,,,,False,1_original_gp_lgd_history_match,never,0.0,0.0,0.0,GEN,SC
290567.0,26.8109625803,77.8150825429,R,RAJASTHAN,Dhaulpur,NFHS4,Norangabad,8,106,517,75815,294076.0,Chaura Khera,19,False,True,False,"{""294076"": 1.0}",True,294076,True,Norangabad,Dholpur,Sepau,294076,Chaura Khera,True,294076,True,False,3_gp_no_reservation_history,294076,Chaura Khera,Dholpur,Sepau,chaurakhera,dholpur,sepau,Chaura Khera,chaurakhera,dholpur,dholpur,,,,,,,,,,,,False,False,False,,,,,,,,,,,False,,,,,,,,,,,,False,0_unmatched,,,,,,
290569.0,24.8976757373,76.1240339242,R,RAJASTHAN,Kota,NFHS4,Sawan Bhadon,8,127,669,102461,40300.0,Sawan Bhado,12,False,True,False,"{""40300"": 1.0}",True,40300,True,Sawan Bhadon,Kota,Kanwas,40300,Sawan Bhado,True,40300,True,True,4_full_coverage,40300,Sawan Bhado,Kota,Kanwas,sawanbhado,kota,kanwas,Sawan Bhado,sawanbhado,kota,kota,sawanbhado,kota,1.0,1.0,sangod,1.0,never,0.0,never,0.0,0.0,True,True,False,0.0,0.0,SC,GEN,0.0,never,B_exact_gp_district,Sawan Bhado,Kota,Kanwas,True,,,,,,,,,,,,False,1_original_gp_lgd_history_match,never,0.0,0.0,0.0,SC,GEN
290570.0,24.4409839808,76.5113073633,R,RAJASTHAN,Jhalawar,NFHS4,Kookal Wara,8,129,680,104402,39258.0,Methoon,8,False,True,False,"{""39258"": 1.0}",True,39258,True,Kookal Wara,Jhalawar,Aklera,39258,Methoon,True,39258,True,False,3_gp_no_reservation_history,39258,Methoon,Jhalawar,Aklera,methoon,jhalawar,aklera,Methoon,methoon,jhalawar,jhalawar,,,,,,,,,,,,False,False,False,,,,,,,,,,,False,,,,,,,,,,,,False,0_unmatched,,,,,,
290573.0,28.0650311112,76.0250192618,R,RAJASTHAN,Jhunjhunun,NFHS4,Dhosi,8,103,490,71502,39494.0,Thathwari,2,False,True,False,"{""39494"": 1.0}",True,39494,True,Dhosi,Neem Ka Thana,Khetri,39494,Thathwari,True,39494,True,True,4_full_coverage,39494,Thathwari,Neem Ka Thana,Khetri,thathwari,neemkathana,khetri,Thathwari,thathwari,jhunjhunu,sikar,thathwari,jhunjhunu,1.0,1.0,khetri,1.0,never,0.0,never,0.0,0.0,True,True,False,0.0,0.0,SC,OBC,0.0,never,C_unique_gp_name_statewide,Thathwari,Neem Ka Thana,Khetri,True,,,,,,,,,,,,False,1_original_gp_lgd_history_match,never,0.0,0.0,0.0,SC,OBC
290574.0,24.2748799302,76.4789965122,R,RAJASTHAN,Jhalawar,NFHS4,Garda,8,129,680,104565,39068.0,Asal Pur,10,False,True,False,"{""39068"": 1.0}",True,39068,True,Garda,Jhalawar,Aklera,39068,Asal Pur,True,39068,True,True,4_full_coverage,39068,Asal Pur,Jhalawar,Aklera,asalpur,jhalawar,aklera,Asal Pur,asalpur,jhalawar,jhalawar,asalpur,jhalawar,1.0,1.0,bakani,1.0,twice,2.0,twice,1.0,1.0,True,True,False,1.0,1.0,SC W,OBCW,2.0,twice,B_exact_gp_district,Asal Pur,Jhalawar,Aklera,True,,,,,,,,,,,,False,1_original_gp_lgd_history_match,twice,2.0,1.0,1.0,SC W,OBCW
290575.0,25.6759848783,76.1146321109,R,RAJASTHAN,Bundi,NFHS4,Arnetha,8,121,623,94016,36300.0,Antarda,7,False,True,False,"{""36300"": 1.0}",True,36300,True,Arnetha,Bundi,Nainwa,36300,Antarda,True,36300,True,False,3_gp_no_reservation_history,36300,Antarda,Bundi,Nainwa,antarda,bundi,nainwa,Antarda,antarda,bundi,bundi,,,,,,,,,,,,False,False,False,,,,,,,,,,,False,once,1.0,0.0,1.0,OBC,STW,0.9333333333333333,1.0,high_confidence_gp_and_exact_samiti,aantarda,NAINWA,True,3_fuzzy_gpname_exact_or_close_samiti_match,once,1.0,0.0,1.0,OBC,STW
290576.0,27.0619484459,76.7873381408,R,RAJASTHAN,Dausa,NFHS4,Balahera,8,109,533,78116,37040.0,Balahera,13,False,True,False,"{""37040"": 1.0}",True,37040,True,Balahera,Dausa,Baijupara,37040,Balahera,True,37040,True,False,3_gp_no_reservation_history,37040,Balahera,Dausa,Baijupara,balahera,dausa,baijupara,Balahera,balahera,dausa,dausa,,,,,,,,,,,,False,False,False,,,,,,,,,,,False,,,,,,,,,,,,False,0_unmatched,,,,,,
290577.0,24.7154012665,73.4752426959,R,RAJASTHAN,Udaipur,NFHS4,Undri,8,130,686,105706,42412.0,Dadiya,9,False,True,False,"{""42412"": 1.0}",True,42412,True,Undri,Udaipur,Gogunda,42412,Dadiya,True,42412,True,False,3_gp_no_reservation_history,42412,Dadiya,Udaipur,Gogunda,dadiya,udaipur,gogunda,Dadiya,dadiya,udaipur,udaipur,,,,,,,,,,,,False,False,False,,,,,,,,,,,False,never,0.0,0.0,0.0,ST,GEN,1.0,1.0,high_confidence_gp_and_exact_samiti,dadiya,GOGUNDA,True,3_fuzzy_gpname_exact_or_close_samiti_match,never,0.0,0.0,0.0,ST,GEN
290578.0,27.7408934052,75.6495949785,R,RAJASTHAN,Jhunjhunun,NFHS4,Adwana,8,103,492,71755,39591.0,Manaksas,7,False,True,False,"{""39591"": 1.0}",True,39591,True,Adwana,Neem Ka Thana,Udaipurwati,39591,Manaksas,True,39591,True,True,4_full_coverage,39591,Manaksas,Neem Ka Thana,Udaipurwati,manaksas,neemkathana,udaipurwati,Manaksas,manaksas,jhunjhunu,sikar,manaksas,jhunjhunu,1.0,1.0,udaipurwati,1.0,twice,2.0,twice,1.0,1.0,True,True,False,1.0,1.0,OBC W,GENW,2.0,twice,C_unique_gp_name_statewide,Manaksas,Neem Ka Thana,Udaipurwati,True,,,,,,,,,,,,False,1_original_gp_lgd_history_match,twice,2.0,1.0,1.0,OBC W,GENW
290579.0,23.8117265618,74.8329012903,R,RAJASTHAN,Pratapgarh,NFHS4,Ramnagar,8,131,700,108742,36404.0,Choopna,8,False,True,False,"{""36404"": 1.0}",True,36404,True,Ramnagar,Pratapgarh,Arnod,36404,Choopna,True,36404,True,False,3_gp_no_reservation_history,36404,Choopna,Pratapgarh,Arnod,choopna,pratapgarh,arnod,Choopna,choopna,pratapgarh,pratapgarh,,,,,,,,,,,,False,False,False,,,,,,,,,,,False,,,,,,,,,,,,False,0_unmatched,,,,,,
290580.0,27.6501603093,75.7197057497,R,RAJASTHAN,Sikar,NFHS4,Bhomgarh,8,111,556,82185,,,9,False,True,False,{},True,,False,Bhomgarh,Neem Ka Thana,Neem Ka Thana,41723,Bhagega,True,41723,True,False,3_gp_no_reservation_history,41723,Bhagega,Neem Ka Thana,Neem Ka Thana,bhagega,neemkathana,neemkathana,Bhagega,bhagega,sikar,sikar,,,,,,,,,,,,False,False,False,,,,,,,,,,,False,,,,,,,,,,,,False,0_unmatched,,,,,,
290585.0,27.0475840213,75.4456892568,R,RAJASTHAN,Jaipur,NFHS4,Thakursi Ka Bas,8,110,542,79582,38603.0,Murlipura,11,False,True,False,"{""38603"": 1.0}",True,38603,True,Thakursi Ka Bas,Jaipur (Gramin),Jobner,38603,Murlipura,True,38603,True,False,3_gp_no_reservation_history,38603,Murlipura,Jaipur (Gramin),Jobner,murlipura,jaipurgramin,jobner,Murlipura,murlipura,jaipur,jaipur,murlipura,jaipur,1.0,1.0,shahpura,1.0,never,0.0,never,0.0,0.0,True,True,True,,,,,,,,,,,False,,,,,,,,,,,,False,2_direct_gpname_dhsdistrict_match,never,0.0,0.0,0.0,,
290586.0,24.2242635352,76.1073280329,R,RAJASTHAN,Jhalawar,NFHS4,Himmatgarh,8,129,683,105090,39290.0,Himmatgarh,6,False,True,False,"{""39290"": 1.0}",True,39290,True,Himmatgarh,Jhalawar,Raipur,39290,Himmatgarh,True,39290,True,True,4_full_coverage,39290,Himmatgarh,Jhalawar,Raipur,himmatgarh,jhalawar,raipur,Himmatgarh,himmatgarh,jhalawar,jhalawar,himmatgarh,jhalawar,1.0,1.0,pirawa,1.0,once,1.0,once,0.0,1.0,True,True,False,0.0,1.0,OBC,GENW,1.0,once,B_exact_gp_district,Himmatgarh,Jhalawar,Raipur,True,,,,,,,,,,,,False,1_original_gp_lgd_history_match,once,1.0,0.0,1.0,OBC,GENW
290588.0,26.4781983091,76.4689580642,R,RAJASTHAN,Sawai Madhopur,NFHS4,Sarsali,8,108,527,77284,41333.0,Dabar,10,False,True,False,"{""41333"": 1.0}",True,41333,True,Sarsali,Gangapurcity,Bamanwas,41333,Dabar,True,41333,True,True,4_full_coverage,41333,Dabar,Gangapurcity,Bamanwas,dabar,gangapurcity,bamanwas,Dabar,dabar,sawaimadhopur,sawaimadhopur,dabar,sawaimadhopur,1.0,1.0,bamanwas,1.0,twice,2.0,twice,1.0,1.0,True,True,False,1.0,1.0,GEN W,STW,2.0,twice,C_unique_gp_name_statewide,Dabar,Gangapurcity,Bamanwas,True,,,,,,,,,,,,False,1_original_gp_lgd_history_match,twice,2.0,1.0,1.0,GEN W,STW
290589.0,23.6642258017,74.5492534978,R,RAJASTHAN,Pratapgarh,NFHS4,Chauki,8,131,697,108116,34626.0,Tamtiya,4,False,True,False,"{""34626"": 1.0}",True,34626,True,Chauki,Pratapgarh,Peepalkhoont,34626,Tamtiya,True,34626,True,False,3_gp_no_reservation_history,34626,Tamtiya,Pratapgarh,Peepalkhoont,tamtiya,pratapgarh,peepalkhoont,Tamtiya,tamtiya,pratapgarh,pratapgarh,,,,,,,,,,,,False,False,False,,,,,,,,,,,False,,,,,,,,,,,,False,0_unmatched,,,,,,
290590.0,26.6391928335,76.2395773677,R,RAJASTHAN,Dausa,NFHS4,Beechha,8,109,537,78710,37130.0,Beechha,13,False,True,False,"{""37130"": 1.0}",True,37130,True,Beechha,Dausa,Ramgarh Pachwara,37130,Beechha,True,37130,True,False,3_gp_no_reservation_history,37130,Beechha,Dausa,Ramgarh Pachwara,beechha,dausa,ramgarhpachwara,Beechha,beechha,dausa,dausa,,,,,,,,,,,,False,False,False,,,,,,,,,,,False,,,,,,,,,,,,False,0_unmatched,,,,,,
290591.0,24.5181808154,72.5131663467,R,RAJASTHAN,Sirohi,NFHS4,Bhatana,8,117,596,90341,41909.0,Bhatana,8,False,True,False,"{""41909"": 1.0}",True,41909,True,Bhatana,Sirohi,Reodar,41909,Bhatana,True,41909,True,True,4_full_coverage,41909,Bhatana,Sirohi,Reodar,bhatana,sirohi,reodar,Bhatana,bhatana,sirohi,sirohi,bhatana,sirohi,1.0,1.0,reodar,1.0,never,0.0,never,0.0,0.0,True,True,False,0.0,0.0,ST,GEN,0.0,never,A_exact_gp_district_samiti,Bhatana,Sirohi,Reodar,True,,,,,,,,,,,,False,1_original_gp_lgd_history_match,never,0.0,0.0,0.0,ST,GEN
290594.0,28.3552455725,74.0064216328,R,RAJASTHAN,Bikaner,NFHS4,Nakodesar,8,101,475,69340,294071.0,Nakodesar,3,False,True,False,"{""294071"": 1.0}",True,294071,True,Nakodesar,Bikaner,Lunkaransar,294071,Nakodesar,True,294071,True,False,3_gp_no_reservation_history,294071,Nakodesar,Bikaner,Lunkaransar,nakodesar,bikaner,lunkaransar,Nakodesar,nakodesar,bikaner,bikaner,,,,,,,,,,,,False,False,False,,,,,,,,,,,False,,,,,,,,,,,,False,0_unmatched,,,,,,
290596.0,24.6941541915,75.9321077676,R,RAJASTHAN,Kota,NFHS4,Budhkhan,8,127,668,102234,40213.0,Budhkhan,11,False,True,False,"{""40213"": 1.0}",True,40213,True,Budhkhan,Kota,Chechat,40213,Budhkhan,True,40213,True,False,3_gp_no_reservation_history,40213,Budhkhan,Kota,Chechat,budhkhan,kota,chechat,Budhkhan,budhkhan,kota,kota,,,,,,,,,,,,False,False,False,,,,,,,,,,,False,,,,,,,,,,,,False,0_unmatched,,,,,,
290597.0,25.8450747199,75.2349635563,R,RAJASTHAN,Ajmer,NFHS4,Tankawas,8,119,614,92456,33717.0,Tankawas,10,False,True,False,"{""33717"": 1.0}",True,33717,True,Tankawas,Kekri,Sawar,33717,Tankawas,True,33717,True,True,4_full_coverage,33717,Tankawas,Kekri,Sawar,tankawas,kekri,sawar,Tankawas,tankawas,ajmer,ajmer,tankawas,ajmer,1.0,1.0,kekri,1.0,once,1.0,once,0.0,1.0,True,True,False,0.0,1.0,GEN,SCW,1.0,once,C_unique_gp_name_statewide,Tankawas,Kekri,Sawar,True,,,,,,,,,,,,False,1_original_gp_lgd_history_match,once,1.0,0.0,1.0,GEN,SCW
290598.0,26.2837979374,76.7205715645,R,RAJASTHAN,Karauli,NFHS4,Dhoolwas,8,107,525,76980,40093.0,Bookana,12,False,True,False,"{""40093"": 1.0}",True,40093,True,Dhoolwas,Karauli,Sapotra,40093,Bookana,True,40093,True,False,3_gp_no_reservation_history,40093,Bookana,Karauli,Sapotra,bookana,karauli,sapotra,Bookana,bookana,karauli,karauli,,,,,,,,,,,,False,False,False,,,,,,,,,,,False,,,,,,,,,,,,False,0_unmatched,,,,,,
290599.0,28.0947726961,74.2330919679,R,RAJASTHAN,Bikaner,NFHS4,Dheerdesar Chotiyan,8,101,480,69880,36191.0,Dheerdesar Chotiyan,6,False,True,False,"{""36191"": 1.0}",True,36191,True,Dhirdesar Chotiyan,Bikaner,Sridungargarh,36191,Dheerdesar Chotiyan,True,36191,True,False,3_gp_no_reservation_history,36191,Dheerdesar Chotiyan,Bikaner,Sridungargarh,dheerdesarchotiyan,bikaner,sridungargarh,Dheerdesar Chotiyan,dheerdesarchotiyan,bikaner,bikaner,,,,,,,,,,,,False,False,False,,,,,,,,,,,False,never,0.0,0.0,0.0,GEN,GEN,0.9142857142857143,0.8695652173913043,high_confidence_gp_and_close_samiti,dhirdesar chotiyan,DUNGARGARH,True,3_fuzzy_gpname_exact_or_close_samiti_match,never,0.0,0.0,0.0,GEN,GEN
290600.0,25.128294677,76.2838935161,R,RAJASTHAN,Baran,NFHS4,Thikariya,8,128,671,102675,34693.0,Theekariya,11,False,True,False,"{""34693"": 1.0}",True,34693,True,Thikariya,Baran,Anta,34693,Theekariya,True,34693,True,False,3_gp_no_reservation_history,34693,Theekariya,Baran,Anta,theekariya,baran,anta,Theekariya,theekariya,baran,baran,,,,,,,,,,,,False,False,False,,,,,,,,,,,False,,,,,,,,,,,,False,0_unmatched,,,,,,
290602.0,26.9693884178,77.3061204707,R,RAJASTHAN,Bharatpur,NFHS4,Nagla Jhamra,8,105,513,75065,35290.0,Seedpur,17,False,True,False,"{""35290"": 1.0}",True,35290,True,Nagla Jhamra,Bharatpur,Bayana,35290,Seedpur,True,35290,True,True,4_full_coverage,35290,Seedpur,Bharatpur,Bayana,seedpur,bharatpur,bayana,Seedpur,seedpur,bharatpur,bharatpur,seedpur,bharatpur,1.0,1.0,bayana,1.0,twice,2.0,twice,1.0,1.0,True,True,False,1.0,1.0,SC W,OBCW,2.0,twice,A_exact_gp_district_samiti,Seedpur,Bharatpur,Bayana,True,,,,,,,,,,,,False,1_original_gp_lgd_history_match,twice,2.0,1.0,1.0,SC W,OBCW
290603.0,26.891528886,77.9983356087,R,RAJASTHAN,Dhaulpur,NFHS4,Inchhapura,8,106,518,75877,37400.0,Shahpura,5,False,True,False,"{""37400"": 1.0}",True,37400,True,Inchhapura,Dholpur,Maniya,37400,Shahpura,True,37400,True,True,4_full_coverage,37400,Shahpura,Dholpur,Maniya,shahpura,dholpur,maniya,Shahpura,shahpura,dholpur,dholpur,shahpura,dholpur,1.0,1.0,rajakhera,1.0,once,1.0,once,0.0,1.0,True,True,False,0.0,1.0,GEN,SCW,1.0,once,B_exact_gp_district,Shahpura,Dholpur,Maniya,True,,,,,,,,,,,,False,1_original_gp_lgd_history_match,once,1.0,0.0,1.0,GEN,SCW
290604.0,27.2965575207,71.1640758124,R,RAJASTHAN,Jaisalmer,NFHS4,Goderasar,8,114,574,85943,,,2,False,True,False,{},True,,False,Goderasar,Jaisalmer,Jaisalmer,295367,Mandau,True,295367,True,False,3_gp_no_reservation_history,295367,Mandau,Jaisalmer,Jaisalmer,mandau,jaisalmer,jaisalmer,Mandau,mandau,jaisalmer,jaisalmer,,,,,,,,,,,,False,False,False,,,,,,,,,,,False,,,,,,,,,,,,False,0_unmatched,,,,,,
290605.0,26.7902105827,77.2227059687,R,RAJASTHAN,Bharatpur,NFHS4,Kapoora Malooka,8,105,513,75171,35270.0,Kapoora Malooka,4,False,True,False,"{""35270"": 1.0}",True,35270,True,Kapoora Malooka,Bharatpur,Bayana,35270,Kapoora Malooka,True,35270,True,False,3_gp_no_reservation_history,35270,Kapoora Malooka,Bharatpur,Bayana,kapooramalooka,bharatpur,bayana,Kapoora Malooka,kapooramalooka,bharatpur,bharatpur,,,,,,,,,,,,False,False,False,,,,,,,,,,,False,,,,,,,,,,,,False,0_unmatched,,,,,,
290606.0,23.7040526677,74.3048208342,R,RAJASTHAN,Banswara,NFHS4,Sundani,8,125,651,98709,34504.0,Sundani,17,False,True,False,"{""34504"": 1.0}",True,34504,True,Sundani,Banswara,Garhi,34504,Sundani,True,34504,True,False,3_gp_no_reservation_history,34504,Sundani,Banswara,Garhi,sundani,banswara,garhi,Sundani,sundani,banswara,banswara,,,,,,,,,,,,False,False,False,,,,,,,,,,,False,once,1.0,0.0,1.0,ST,STW,0.9230769230769231,1.0,high_confidence_gp_and_exact_samiti,sundni,GARHI,True,3_fuzzy_gpname_exact_or_close_samiti_match,once,1.0,0.0,1.0,ST,STW
290607.0,27.6847331776,76.9018501677,R,RAJASTHAN,Alwar,NFHS4,Hajipur,8,104,498,72611,34181.0,Hajipur,6,False,True,False,"{""34181"": 1.0}",True,34181,True,Hajipur,Alwar,Nauganwa,34181,Hajipur,True,34181,True,False,3_gp_no_reservation_history,34181,Hajipur,Alwar,Nauganwa,hajipur,alwar,nauganwa,Hajipur,hajipur,alwar,alwar,hajipur,alwar,1.0,1.0,ramgarh,1.0,once,1.0,once,0.0,1.0,True,True,True,,,,,,,,,,,False,,,,,,,,,,,,False,2_direct_gpname_dhsdistrict_match,once,1.0,0.0,1.0,,
290609.0,25.7302737601,74.0722207677,R,RAJASTHAN,Rajsamand,NFHS4,Godaji Ka Gaon,8,123,639,96457,262173.0,Doongaji Ka Gaon,5,False,True,False,"{""262173"": 1.0}",True,262173,True,Godaji Ka Gaon,Rajsamand,Bhim,262173,Doongaji Ka Gaon,True,262173,True,False,3_gp_no_reservation_history,262173,Doongaji Ka Gaon,Rajsamand,Bhim,doongajikagaon,rajsamand,bhim,Doongaji Ka Gaon,doongajikagaon,rajsamand,rajsamand,,,,,,,,,,,,False,False,False,,,,,,,,,,,False,,,,,,,,,,,,False,0_unmatched,,,,,,
290610.0,28.2120736822,73.1090758082,R,RAJASTHAN,Bikaner,NFHS4,Kawni,8,101,473,69141,36026.0,Kawni,3,False,True,False,"{""36026"": 1.0}",True,36026,True,Kawani May Chak 22 To 28 Jmd,Bikaner,Bikaner,36026,Kawni,True,36026,True,False,3_gp_no_reservation_history,36026,Kawni,Bikaner,Bikaner,kawni,bikaner,bikaner,Kawni,kawni,bikaner,bikaner,,,,,,,,,,,,False,False,False,,,,,,,,,,,False,,,,,,,,,,,,False,0_unmatched,,,,,,
290611.0,24.9047537343,75.9220115705,R,RAJASTHAN,Kota,NFHS4,Bakshpura,8,127,667,102147,40262.0,Mandliya,6,False,True,False,"{""40262"": 1.0}",True,40262,True,Bakshpura,Kota,Ladpura,40262,Mandliya,True,40262,True,False,3_gp_no_reservation_history,40262,Mandliya,Kota,Ladpura,mandliya,kota,ladpura,Mandliya,mandliya,kota,kota,,,,,,,,,,,,False,False,False,,,,,,,,,,,False,never,0.0,0.0,0.0,SC,GEN,0.9411764705882353,1.0,high_confidence_gp_and_exact_samiti,mandaliya,LADPURA,True,3_fuzzy_gpname_exact_or_close_samiti_match,never,0.0,0.0,0.0,SC,GEN
290613.0,25.1279839744,75.9501593977,R,RAJASTHAN,Kota,NFHS4,Bhimpura,8,127,667,102044,40250.0,Bhimpura,7,False,True,False,"{""40250"": 1.0}",True,40250,True,Bhimpura,Kota,Ladpura,40250,Bhimpura,True,40250,True,False,3_gp_no_reservation_history,40250,Bhimpura,Kota,Ladpura,bhimpura,kota,ladpura,Bhimpura,bhimpura,kota,kota,,,,,,,,,,,,False,False,False,,,,,,,,,,,False,,,,,,,,,,,,False,0_unmatched,,,,,,
290616.0,25.3671700914,71.3897880899,R,RAJASTHAN,Barmer,NFHS4,Megwalon Ka Tala,8,115,581,87654,262795.0,Meghwalon Ka Tala,11,False,True,False,"{""262795"": 1.0}",True,262795,True,Megwalon Ka Tala,Barmer,Dhorimanna,262795,Meghwalon Ka Tala,True,262795,True,False,3_gp_no_reservation_history,262795,Meghwalon Ka Tala,Barmer,Dhorimanna,meghwalonkatala,barmer,dhorimanna,Meghwalon Ka Tala,meghwalonkatala,barmer,barmer,,,,,,,,,,,,False,False,False,,,,,,,,,,,False,,,,,,,,,,,,False,0_unmatched,,,,,,
290618.0,26.2106650246,71.8496626945,R,RAJASTHAN,Barmer,NFHS4,Legon Ki Dhani,8,115,578,87034,295433.0,Manpura Kharda,8,False,True,False,"{""295433"": 1.0}",True,295433,True,Legon Ki Dhani,Balotra,Gida,295433,Manpura Kharda,True,295433,True,False,3_gp_no_reservation_history,295433,Manpura Kharda,Balotra,Gida,manpurakharda,balotra,gida,Manpura Kharda,manpurakharda,barmer,barmer,,,,,,,,,,,,False,False,False,,,,,,,,,,,False,,,,,,,,,,,,False,0_unmatched,,,,,,
290619.0,26.443262086,76.7255652616,R,RAJASTHAN,Sawai Madhopur,NFHS4,Chooli  (Rural),8,108,526,77127,41406.0,Chooli,9,False,True,False,"{""41406"": 1.0}",True,41406,True,Chooli (Rural),Gangapurcity,Gangapur,41406,Chooli,True,41406,True,False,3_gp_no_reservation_history,41406,Chooli,Gangapurcity,Gangapur,chooli,gangapurcity,gangapur,Chooli,chooli,sawaimadhopur,sawaimadhopur,,,,,,,,,,,,False,False,False,,,,,,,,,,,False,,,,,,,,,,,,False,0_unmatched,,,,,,
290620.0,26.7074025763,77.7563036889,R,RAJASTHAN,Dhaulpur,NFHS4,Aruva,8,106,516,75669,37269.0,Marholi,17,False,True,False,"{""37269"": 1.0}",True,37269,True,Aruva,Dholpur,Bari,37269,Marholi,True,37269,True,False,3_gp_no_reservation_history,37269,Marholi,Dholpur,Bari,marholi,dholpur,bari,Marholi,marholi,dholpur,dholpur,,,,,,,,,,,,False,False,False,,,,,,,,,,,False,,,,,,,,,,,,False,0_unmatched,,,,,,
290621.0,23.9303337939,73.5909328807,R,RAJASTHAN,Dungarpur,NFHS4,Garduna,8,124,646,97451,37496.0,Shisod,10,False,True,False,"{""37496"": 1.0}",True,37496,True,Garduna,Dungarpur,Paldewal,37496,Shisod,True,37496,True,False,3_gp_no_reservation_history,37496,Shisod,Dungarpur,Paldewal,shisod,dungarpur,paldewal,Shisod,shisod,dungarpur,dungarpur,,,,,,,,,,,,False,False,False,,,,,,,,,,,False,,,,,,,,,,,,False,0_unmatched,,,,,,
290622.0,24.2412833967,76.4413324755,R,RAJASTHAN,Jhalawar,NFHS4,Khar Khera,8,129,680,104603,39078.0,Borkheri Goojran,6,False,True,False,"{""39078"": 1.0}",True,39078,True,Khar Khera,Jhalawar,Aklera,39078,Borkheri Goojran,True,39078,True,False,3_gp_no_reservation_history,39078,Borkheri Goojran,Jhalawar,Aklera,borkherigoojran,jhalawar,aklera,Borkheri Goojran,borkherigoojran,jhalawar,jhalawar,,,,,,,,,,,,False,False,False,,,,,,,,,,,False,,,,,,,,,,,,False,0_unmatched,,,,,,
290623.0,24.6230160209,76.3950290006,R,RAJASTHAN,Jhalawar,NFHS4,Kankarda,8,129,678,103932,39220.0,Leemi,11,False,True,False,"{""39220"": 1.0}",True,39220,True,Kankarda,Jhalawar,Khanpur,39220,Leemi,True,39220,True,False,3_gp_no_reservation_history,39220,Leemi,Jhalawar,Khanpur,leemi,jhalawar,khanpur,Leemi,leemi,jhalawar,jhalawar,,,,,,,,,,,,False,False,False,,,,,,,,,,,False,,,,,,,,,,,,False,0_unmatched,,,,,,
290624.0,28.1848295432,73.6844863254,R,RAJASTHAN,Bikaner,NFHS4,Anandpura,8,101,473,69070,262129.0,Rajera,5,False,True,False,"{""262129"": 1.0}",True,262129,True,Anandpura,Bikaner,Bikaner,262129,Rajera,True,262129,True,False,3_gp_no_reservation_history,262129,Rajera,Bikaner,Bikaner,rajera,bikaner,bikaner,Rajera,rajera,bikaner,bikaner,,,,,,,,,,,,False,False,False,,,,,,,,,,,False,,,,,,,,,,,,False,0_unmatched,,,,,,
290626.0,25.7901992299,75.8887365019,R,RAJASTHAN,Bundi,NFHS4,Rajlawata,8,121,623,93881,36326.0,Rajlawata,5,False,True,False,"{""36326"": 1.0}",True,36326,True,Rajlawata,Bundi,Nainwa,36326,Rajlawata,True,36326,True,False,3_gp_no_reservation_history,36326,Rajlawata,Bundi,Nainwa,rajlawata,bundi,nainwa,Rajlawata,rajlawata,bundi,bundi,,,,,,,,,,,,False,False,False,,,,,,,,,,,False,,,,,,,,,,,,False,0_unmatched,,,,,,
290627.0,24.3531391189,74.5137958298,R,RAJASTHAN,Chittaurgarh,NFHS4,Borundi,8,126,664,101598,36442.0,Parsoli,6,False,True,False,"{""36442"": 1.0}",True,36442,True,Borundi,Chittorgarh,Bari Sadri,36442,Parsoli,True,36442,True,True,4_full_coverage,36442,Parsoli,Chittorgarh,Bari Sadri,parsoli,chittorgarh,barisadri,Parsoli,parsoli,chittorgarh,chittorgarh,parsoli,chittorgarh,2.0,2.0,barisadri | begun,1.0,once,1.0,once,1.0,0.0,True,True,False,1.0,0.0,OBC W,GEN,1.0,once,A_exact_gp_district_samiti,Parsoli,Chittorgarh,Bari Sadri,True,,,,,,,,,,,,False,1_original_gp_lgd_history_match,once,1.0,1.0,0.0,OBC W,GEN
290628.0,27.4824200631,75.3788626817,R,RAJASTHAN,Sikar,NFHS4,Palsana,8,111,554,81777,41799.0,Palsana,13,False,True,False,"{""41799"": 1.0}",True,41799,True,Palsana,Sikar,Danta Ramgarh,41799,Palsana,True,41799,True,True,4_full_coverage,41799,Palsana,Sikar,Danta Ramgarh,palsana,sikar,dantaramgarh,Palsana,palsana,sikar,sikar,palsana,sikar,2.0,1.0,piprali,1.0,once,1.0,once,0.0,1.0,True,True,False,0.0,1.0,OBC,GENW,1.0,once,B_exact_gp_district,Palsana,Sikar,Danta Ramgarh,True,,,,,,,,,,,,False,1_original_gp_lgd_history_match,once,1.0,0.0,1.0,OBC,GENW
290630.0,26.5896080632,76.3228283802,R,RAJASTHAN,Dausa,NFHS4,Didwana,8,109,537,78784,37138.0,Didwana,12,False,True,False,"{""37138"": 1.0}",True,37138,True,Didwana,Dausa,Lalsot,37138,Didwana,True,37138,True,True,4_full_coverage,37138,Didwana,Dausa,Lalsot,didwana,dausa,lalsot,Didwana,didwana,dausa,dausa,didwana,dausa,1.0,1.0,lalsot,1.0,once,1.0,once,0.0,1.0,True,True,False,0.0,1.0,GEN,GENW,1.0,once,A_exact_gp_district_samiti,Didwana,Dausa,Lalsot,True,,,,,,,,,,,,False,1_original_gp_lgd_history_match,once,1.0,0.0,1.0,GEN,GENW
290631.0,26.9990980142,75.6069429553,R,RAJASTHAN,Jaipur,NFHS4,Kalwar,8,110,546,80180,38484.0,Kalwar,11,False,True,False,"{""38484"": 1.0}",True,38484,True,Kalwar,Jaipur,Kalwar,38484,Kalwar,True,38484,True,True,4_full_coverage,38484,Kalwar,Jaipur,Kalwar,kalwar,jaipur,kalwar,Kalwar,kalwar,jaipur,jaipur,kalwar,jaipur,1.0,1.0,jhotwara,1.0,never,0.0,never,0.0,0.0,True,True,False,0.0,0.0,GEN,OBC,0.0,never,B_exact_gp_district,Kalwar,Jaipur,Kalwar,True,,,,,,,,,,,,False,1_original_gp_lgd_history_match,never,0.0,0.0,0.0,GEN,OBC
290633.0,23.6719572472,74.0937817757,R,RAJASTHAN,Dungarpur,NFHS4,Kailashpuri,8,124,648,98029,37582.0,Vageri,11,False,True,False,"{""37582"": 1.0}",True,37582,True,Kailashpuri,Dungarpur,Sagwara,37582,Vageri,True,37582,True,True,4_full_coverage,37582,Vageri,Dungarpur,Sagwara,vageri,dungarpur,sagwara,Vageri,vageri,dungarpur,dungarpur,vageri,dungarpur,1.0,1.0,sagwara,1.0,once,1.0,once,0.0,1.0,True,True,False,0.0,1.0,ST,STW,1.0,once,A_exact_gp_district_samiti,Vageri,Dungarpur,Sagwara,True,,,,,,,,,,,,False,1_original_gp_lgd_history_match,once,1.0,0.0,1.0,ST,STW
290634.0,25.1918702406,76.9748809728,R,RAJASTHAN,Baran,NFHS4,Ajrora,8,128,675,103300,294153.0,Ajroda,7,False,True,False,"{""294153"": 1.0}",True,294153,True,Ajrora,Baran,Shahbad,294153,Ajroda,True,294153,True,False,3_gp_no_reservation_history,294153,Ajroda,Baran,Shahbad,ajroda,baran,shahbad,Ajroda,ajroda,baran,baran,,,,,,,,,,,,False,False,False,,,,,,,,,,,False,,,,,,,,,,,,False,0_unmatched,,,,,,
290636.0,25.8507473009,74.8521220248,R,RAJASTHAN,Bhilwara,NFHS4,Baori,8,122,629,94855,35943.0,Eitdiya,6,False,True,False,"{""35943"": 1.0}",True,35943,True,Baori,Shahpura,Phooliya Kalan,35943,Eitdiya,True,35943,True,False,3_gp_no_reservation_history,35943,Eitdiya,Shahpura,Phooliya Kalan,eitdiya,shahpura,phooliyakalan,Eitdiya,eitdiya,bhilwara,bhilwara,,,,,,,,,,,,False,False,False,,,,,,,,,,,False,,,,,,,,,,,,False,0_unmatched,,,,,,
290638.0,27.5916462531,75.0077968551,R,RAJASTHAN,Sikar,NFHS4,Tajsar Khejdoliyan,8,111,553,81531,294966.0,Tajsar Khejdoliyan,11,False,True,False,"{""294966"": 1.0}",True,294966,True,Tajsar Khejdoliyan,Sikar,Sikar Gramin,294966,Tajsar Khejdoliyan,True,294966,True,False,3_gp_no_reservation_history,294966,Tajsar Khejdoliyan,Sikar,Sikar Gramin,tajsarkhejdoliyan,sikar,sikargramin,Tajsar Khejdoliyan,tajsarkhejdoliyan,sikar,sikar,,,,,,,,,,,,False,False,False,,,,,,,,,,,False,,,,,,,,,,,,False,0_unmatched,,,,,,
290639.0,24.0442641175,74.3894199304,R,RAJASTHAN,Pratapgarh,NFHS4,Rathoron Ka Semaliya,8,131,696,107977,42312.0,Vajpura,14,False,True,False,"{""42312"": 1.0}",True,42312,True,Rathoron Ka Semaliya,Pratapgarh,Dhariawad,42312,Vajpura,True,42312,True,True,4_full_coverage,42312,Vajpura,Pratapgarh,Dhariawad,vajpura,pratapgarh,dhariawad,Vajpura,vajpura,pratapgarh,pratapgarh,vajpura,pratapgarh,1.0,1.0,dhariawad,1.0,once,1.0,once,0.0,1.0,True,True,False,0.0,1.0,ST,STW,1.0,once,A_exact_gp_district_samiti,Vajpura,Pratapgarh,Dhariawad,True,,,,,,,,,,,,False,1_original_gp_lgd_history_match,once,1.0,0.0,1.0,ST,STW
290641.0,24.9758432348,74.0936684268,R,RAJASTHAN,Rajsamand,NFHS4,Mahenduriya,8,123,644,97219,41281.0,Mehanduriya,10,False,True,False,"{""41281"": 1.0}",True,41281,True,Mahenduriya,Rajsamand,Railmagra,41281,Mehanduriya,True,41281,True,False,3_gp_no_reservation_history,41281,Mehanduriya,Rajsamand,Railmagra,mehanduriya,rajsamand,railmagra,Mehanduriya,mehanduriya,rajsamand,rajsamand,,,,,,,,,,,,False,False,False,,,,,,,,,,,False,once,1.0,1.0,0.0,GEN W,GEN,0.9090909090909091,1.0,high_confidence_gp_and_exact_samiti,mehinduriya,RAILMAGRA,True,3_fuzzy_gpname_exact_or_close_samiti_match,once,1.0,1.0,0.0,GEN W,GEN
290646.0,28.1674415884,74.7133165955,R,RAJASTHAN,Churu,NFHS4,Gorisar,8,102,485,70591,36885.0,Gorisar,5,False,True,False,"{""36885"": 1.0}",True,36885,True,Gorisar,Churu,Ratangarh,36885,Gorisar,True,36885,True,True,4_full_coverage,36885,Gorisar,Churu,Ratangarh,gorisar,churu,ratangarh,Gorisar,gorisar,churu,churu,gorisar,churu,3.0,1.0,ratangarh,1.0,never,0.0,never,0.0,0.0,True,True,False,0.0,0.0,SC,GEN,0.0,never,A_exact_gp_district_samiti,Gorisar,Churu,Ratangarh,True,,,,,,,,,,,,False,1_original_gp_lgd_history_match,never,0.0,0.0,0.0,SC,GEN
290653.0,26.2584132685,75.7004473615,R,RAJASTHAN,Tonk,NFHS4,Mohammad Nagar,8,120,616,92733,42184.0,Nathadi,8,False,True,False,"{""42184"": 1.0}",True,42184,True,Mohammad Nagar,Tonk,Peeplu,42184,Nathadi,True,42184,True,False,3_gp_no_reservation_history,42184,Nathadi,Tonk,Peeplu,nathadi,tonk,peeplu,Nathadi,nathadi,tonk,tonk,,,,,,,,,,,,False,False,False,,,,,,,,,,,False,,,,,,,,,,,,False,0_unmatched,,,,,,
290655.0,23.421477722,73.9641566504,R,RAJASTHAN,Dungarpur,NFHS4,Kesharpura,8,124,648,98169,37614.0,Jesala,12,False,True,False,"{""37614"": 1.0}",True,37614,True,Kesharpura,Dungarpur,Galiyakot,37614,Jesala,True,37614,True,False,3_gp_no_reservation_history,37614,Jesala,Dungarpur,Galiyakot,jesala,dungarpur,galiyakot,Jesala,jesala,dungarpur,dungarpur,,,,,,,,,,,,False,False,False,,,,,,,,,,,False,,,,,,,,,,,,False,0_unmatched,,,,,,
290657.0,23.6445352133,73.9424494296,R,RAJASTHAN,Dungarpur,NFHS4,Saiyo Ka Talab,8,124,648,98088,37574.0,Piplagunj,18,False,True,False,"{""37574"": 1.0}",True,37574,True,Saiyo Ka Talab,Dungarpur,Obri,37574,Piplagunj,True,37574,True,False,3_gp_no_reservation_history,37574,Piplagunj,Dungarpur,Obri,piplagunj,dungarpur,obri,Piplagunj,piplagunj,dungarpur,dungarpur,,,,,,,,,,,,False,False,False,,,,,,,,,,,False,,,,,,,,,,,,False,0_unmatched,,,,,,
290658.0,26.0909088551,73.422788878,R,RAJASTHAN,Pali,NFHS4,Chopra,8,118,599,90609,41059.0,Chopra,4,False,True,False,"{""41059"": 1.0}",True,41059,True,Chopra,Pali,Sojat,41059,Chopra,True,41059,True,True,4_full_coverage,41059,Chopra,Pali,Sojat,chopra,pali,sojat,Chopra,chopra,pali,pali,chopra,pali,1.0,1.0,sojat,1.0,once,1.0,once,0.0,1.0,True,True,False,0.0,1.0,GEN,SCW,1.0,once,A_exact_gp_district_samiti,Chopra,Pali,Sojat,True,,,,,,,,,,,,False,1_original_gp_lgd_history_match,once,1.0,0.0,1.0,GEN,SCW
290659.0,23.5619773206,74.3858970442,R,RAJASTHAN,Banswara,NFHS4,Kupra,8,125,652,98961,34430.0,Kupda,18,False,True,False,"{""34430"": 1.0}",True,34430,True,Kupda,Banswara,Banswara,34430,Kupda,True,34430,True,False,3_gp_no_reservation_history,34430,Kupda,Banswara,Banswara,kupda,banswara,banswara,Kupda,kupda,banswara,banswara,,,,,,,,,,,,False,False,False,,,,,,,,,,,False,,,,,,,,,,,,False,0_unmatched,,,,,,
290660.0,25.0178754044,72.5155932838,R,RAJASTHAN,Jalor,NFHS4,Ramseen,8,116,588,89387,38957.0,Ramseen,7,False,True,False,"{""38957"": 1.0}",True,38957,True,Ramseen,Jalore,Jaswantpura,38957,Ramseen,True,38957,True,False,3_gp_no_reservation_history,38957,Ramseen,Jalore,Jaswantpura,ramseen,jalore,jaswantpura,Ramseen,ramseen,jalore,jalore,,,,,,,,,,,,False,False,False,,,,,,,,,,,False,,,,,,,,,,,,False,0_unmatched,,,,,,
290661.0,29.7322720703,73.4246823853,R,RAJASTHAN,Ganganagar,NFHS4,5 FFA,8,99,457,64302,37780.0,2 Ff A,9,False,True,False,"{""37780"": 1.0}",True,37780,True,5 Ffa,Ganganagar,Karanpur,37780,2 Ff A,True,37780,True,True,4_full_coverage,37780,2 Ff A,Ganganagar,Karanpur,2ffa,ganganagar,karanpur,2 Ff A,2ffa,ganganagar,ganganagar,2ffa,ganganagar,1.0,1.0,karanpur,1.0,twice,2.0,twice,1.0,1.0,True,True,False,1.0,1.0,SC W,GENW,2.0,twice,A_exact_gp_district_samiti,2 Ff A,Ganganagar,Karanpur,True,,,,,,,,,,,,False,1_original_gp_lgd_history_match,twice,2.0,1.0,1.0,SC W,GENW
290663.0,26.4790351614,75.3491983187,R,RAJASTHAN,Tonk,NFHS4,Pachewar,8,120,615,92506,42065.0,Pachewar,4,False,True,False,"{""42065"": 1.0}",True,42065,True,Pachewar,Tonk,Malpura,42065,Pachewar,True,42065,True,False,3_gp_no_reservation_history,42065,Pachewar,Tonk,Malpura,pachewar,tonk,malpura,Pachewar,pachewar,tonk,tonk,,,,,,,,,,,,False,False,False,,,,,,,,,,,False,,,,,,,,,,,,False,0_unmatched,,,,,,
290664.0,25.0945473994,73.5495619959,R,RAJASTHAN,Rajsamand,NFHS4,Bardara,8,123,642,96912,41263.0,Bardara,8,False,True,False,"{""41263"": 1.0}",True,41263,True,Bardara,Rajsamand,Kumbhalgarh,41263,Bardara,True,41263,True,False,3_gp_no_reservation_history,41263,Bardara,Rajsamand,Kumbhalgarh,bardara,rajsamand,kumbhalgarh,Bardara,bardara,rajsamand,rajsamand,,,,,,,,,,,,False,False,False,,,,,,,,,,,False,,,,,,,,,,,,False,0_unmatched,,,,,,
290665.0,24.6474573386,71.9336285997,R,RAJASTHAN,Jalor,NFHS4,Nageshwar Nagar,8,116,590,89763,,,4,False,True,False,{},True,,False,Nageshwar Nagar,Sanchore,Sanchore,262151,Dugawa,True,262151,True,False,3_gp_no_reservation_history,262151,Dugawa,Sanchore,Sanchore,dugawa,sanchore,sanchore,Dugawa,dugawa,jalore,jalore,,,,,,,,,,,,False,False,False,,,,,,,,,,,False,,,,,,,,,,,,False,0_unmatched,,,,,,
290666.0,27.3522055102,76.7224824016,R,RAJASTHAN,Alwar,NFHS4,Chhilodi,8,104,502,73269,34212.0,Chhilodi,15,False,True,False,"{""34212"": 1.0}",True,34212,True,Chhilodi,Alwar,Reni,34212,Chhilodi,True,34212,True,True,4_full_coverage,34212,Chhilodi,Alwar,Reni,chhilodi,alwar,reni,Chhilodi,chhilodi,alwar,alwar,chhilodi,alwar,1.0,1.0,raini,1.0,once,1.0,once,0.0,1.0,True,True,False,0.0,1.0,GEN,GENW,1.0,once,B_exact_gp_district,Chhilodi,Alwar,Reni,True,,,,,,,,,,,,False,1_original_gp_lgd_history_match,once,1.0,0.0,1.0,GEN,GENW
290668.0,26.7621522476,77.8672663316,R,RAJASTHAN,Dhaulpur,NFHS4,Odi,8,106,518,75971,37351.0,Odi,18,False,True,False,"{""37351"": 1.0}",True,37351,True,Odi,Dholpur,Dholpur,37351,Odi,True,37351,True,False,3_gp_no_reservation_history,37351,Odi,Dholpur,Dholpur,odi,dholpur,dholpur,Odi,odi,dholpur,dholpur,,,,,,,,,,,,False,False,False,,,,,,,,,,,False,,,,,,,,,,,,False,0_unmatched,,,,,,
290670.0,27.2105442942,72.7318339232,R,RAJASTHAN,Jodhpur,NFHS4,Khenchado Ki Dhani,8,113,567,84177,,,3,False,True,False,{},True,,False,Khenchado Ki Dhani,Phalodi,Phalodi,294967,Asolai,True,294967,True,False,3_gp_no_reservation_history,294967,Asolai,Phalodi,Phalodi,asolai,phalodi,phalodi,Asolai,asolai,jodhpur,jodhpur,,,,,,,,,,,,False,False,False,,,,,,,,,,,False,,,,,,,,,,,,False,0_unmatched,,,,,,
290673.0,26.2783488223,72.0928275813,R,RAJASTHAN,Barmer,NFHS4,Khokhar East,8,115,578,87052,262772.0,Khokhsar Purv,6,False,True,False,"{""262772"": 1.0}",True,262772,True,Khokhar Purv,Balotra,Gida,262772,Khokhsar Purv,True,262772,True,False,3_gp_no_reservation_history,262772,Khokhsar Purv,Balotra,Gida,khokhsarpurv,balotra,gida,Khokhsar Purv,khokhsarpurv,barmer,barmer,,,,,,,,,,,,False,False,False,,,,,,,,,,,False,,,,,,,,,,,,False,0_unmatched,,,,,,
290674.0,27.436604243,77.2981472248,R,RAJASTHAN,Bharatpur,NFHS4,Khohri,8,105,508,74358,35316.0,Khohri,11,False,True,False,"{""35316"": 1.0}",True,35316,True,Khohri,Deeg,Janoothar,35316,Khohri,True,35316,True,False,3_gp_no_reservation_history,35316,Khohri,Deeg,Janoothar,khohri,deeg,janoothar,Khohri,khohri,bharatpur,bharatpur,,,,,,,,,,,,False,False,False,,,,,,,,,,,False,,,,,,,,,,,,False,0_unmatched,,,,,,
290676.0,27.069024953,72.279603642,R,RAJASTHAN,Jodhpur,NFHS4,Beethri,8,113,567,84220,262568.0,Beethari,6,False,True,False,"{""262568"": 1.0}",True,262568,True,Beethri,Phalodi,Phalodi,262568,Beethari,True,262568,True,False,3_gp_no_reservation_history,262568,Beethari,Phalodi,Phalodi,beethari,phalodi,phalodi,Beethari,beethari,jodhpur,jodhpur,,,,,,,,,,,,False,False,False,,,,,,,,,,,False,,,,,,,,,,,,False,0_unmatched,,,,,,
290678.0,27.047173866,76.7449474116,R,RAJASTHAN,Dausa,NFHS4,Dhigariya Bhim,8,109,533,78102,37048.0,Dhigariyabhim,12,False,True,False,"{""37048"": 1.0}",True,37048,True,Dhigariya Bhim,Dausa,Baijupara,37048,Dhigariyabhim,True,37048,True,False,3_gp_no_reservation_history,37048,Dhigariyabhim,Dausa,Baijupara,dhigariyabhim,dausa,baijupara,Dhigariyabhim,dhigariyabhim,dausa,dausa,,,,,,,,,,,,False,False,False,,,,,,,,,,,False,,,,,,,,,,,,False,0_unmatched,,,,,,
290679.0,24.9622717518,76.377308007,R,RAJASTHAN,Kota,NFHS4,Relawad,8,127,669,102427,40285.0,Khadiya,6,False,True,False,"{""40285"": 1.0}",True,40285,True,Relawad,Kota,Sangod,40285,Khadiya,True,40285,True,True,4_full_coverage,40285,Khadiya,Kota,Sangod,khadiya,kota,sangod,Khadiya,khadiya,kota,kota,khadiya,kota,1.0,1.0,sangod,1.0,twice,2.0,twice,1.0,1.0,True,True,False,1.0,1.0,OBC W,SCW,2.0,twice,A_exact_gp_district_samiti,Khadiya,Kota,Sangod,True,,,,,,,,,,,,False,1_original_gp_lgd_history_match,twice,2.0,1.0,1.0,OBC W,SCW
290681.0,23.2518950589,74.2948317065,R,RAJASTHAN,Banswara,NFHS4,Dungripara,8,125,654,99578,,,17,False,True,False,{},True,,False,Dungripara,Banswara,Sajjangarh,34648,Rath Dhan Raj,True,34648,True,True,4_full_coverage,34648,Rath Dhan Raj,Banswara,Sajjangarh,rathdhanraj,banswara,sajjangarh,Rath Dhan Raj,rathdhanraj,banswara,banswara,rathdhanraj,banswara,1.0,1.0,sajjangarh,1.0,once,1.0,once,0.0,1.0,True,True,False,0.0,1.0,ST,STW,1.0,once,A_exact_gp_district_samiti,Rath Dhan Raj,Banswara,Sajjangarh,True,,,,,,,,,,,,False,1_original_gp_lgd_history_match,once,1.0,0.0,1.0,ST,STW
290684.0,26.6617778152,77.4859477583,R,RAJASTHAN,Dhaulpur,NFHS4,Khoole Ka Pura,8,106,516,75564,294028.0,Dhannu Ka Pura,13,False,True,False,"{""294028"": 1.0}",True,294028,True,Khoole Ka Pura,Dholpur,Bari,294028,Dhannu Ka Pura,True,294028,True,False,3_gp_no_reservation_history,294028,Dhannu Ka Pura,Dholpur,Bari,dhannukapura,dholpur,bari,Dhannu Ka Pura,dhannukapura,dholpur,dholpur,,,,,,,,,,,,False,False,False,,,,,,,,,,,False,,,,,,,,,,,,False,0_unmatched,,,,,,
290685.0,25.1388068174,73.681766196,R,RAJASTHAN,Rajsamand,NFHS4,Gajpur,8,123,642,96927,41233.0,Gajpur,10,False,True,False,"{""41233"": 1.0}",True,41233,True,Gajpur,Rajsamand,Kumbhalgarh,41233,Gajpur,True,41233,True,True,4_full_coverage,41233,Gajpur,Rajsamand,Kumbhalgarh,gajpur,rajsamand,kumbhalgarh,Gajpur,gajpur,rajsamand,rajsamand,gajpur,rajsamand,1.0,1.0,kumbhalgarh,1.0,never,0.0,never,0.0,0.0,True,True,False,0.0,0.0,OBC,SC,0.0,never,A_exact_gp_district_samiti,Gajpur,Rajsamand,Kumbhalgarh,True,,,,,,,,,,,,False,1_original_gp_lgd_history_match,never,0.0,0.0,0.0,OBC,SC
290686.0,25.4746906114,75.9936246156,R,RAJASTHAN,Bundi,NFHS4,Karwala Ki Jhonparyan,8,121,625,94203,36280.0,Karwala Ki Jho.,7,False,True,False,"{""36280"": 1.0}",True,36280,True,Karwala Ki Jhonparyan,Bundi,Keshoraipatan,36280,Karwala Ki Jho.,True,36280,True,False,3_gp_no_reservation_history,36280,Karwala Ki Jho.,Bundi,Keshoraipatan,karwalakijho,bundi,keshoraipatan,Karwala Ki Jho.,karwalakijho,bundi,bundi,,,,,,,,,,,,False,False,False,,,,,,,,,,,False,,,,,,,,,,,,False,0_unmatched,,,,,,
290689.0,28.2998638683,72.648763928,R,RAJASTHAN,Bikaner,NFHS4,Jodhasar,8,101,474,69187,36012.0,Delitalai,3,False,True,False,"{""36012"": 1.0}",True,36012,True,Jodhasar,Bikaner,Poogal,36012,Delitalai,True,36012,True,False,3_gp_no_reservation_history,36012,Delitalai,Bikaner,Khajuwala,delitalai,bikaner,khajuwala,Delitalai,delitalai,bikaner,bikaner,,,,,,,,,,,,False,False,False,,,,,,,,,,,False,,,,,,,,,,,,False,0_unmatched,,,,,,
290690.0,27.1903915316,75.9533536855,R,RAJASTHAN,Jaipur,NFHS4,Jugalpura,8,110,547,80382,38229.0,Chitanu Kalan,12,False,True,False,"{""38229"": 1.0}",True,38229,True,Jugalpura,Jaipur,Amber,38229,Chitanu Kalan,True,38229,True,True,4_full_coverage,38229,Chitanu Kalan,Jaipur,Amber,chitanukalan,jaipur,amber,Chitanu Kalan,chitanukalan,jaipur,jaipur,chitanukalan,jaipur,1.0,1.0,amber,1.0,never,0.0,never,0.0,0.0,True,True,False,0.0,0.0,GEN,GEN,0.0,never,A_exact_gp_district_samiti,Chitanu Kalan,Jaipur,Amber,True,,,,,,,,,,,,False,1_original_gp_lgd_history_match,never,0.0,0.0,0.0,GEN,GEN
290691.0,25.5316988947,74.1046062513,R,RAJASTHAN,Bhilwara,NFHS4,Gorkhya,8,122,631,95179,35805.0,Gorkhiya,6,False,True,False,"{""35805"": 1.0}",True,35805,True,Gorkhiya,Bhilwara,Kareda,35805,Gorkhiya,True,35805,True,True,4_full_coverage,35805,Gorkhiya,Bhilwara,Kareda,gorkhiya,bhilwara,kareda,Gorkhiya,gorkhiya,bhilwara,bhilwara,gorkhiya,bhilwara,1.0,1.0,mandal,1.0,once,1.0,once,0.0,1.0,True,True,False,0.0,1.0,SC,OBCW,1.0,once,B_exact_gp_district,Gorkhiya,Bhilwara,Kareda,True,,,,,,,,,,,,False,1_original_gp_lgd_history_match,once,1.0,0.0,1.0,SC,OBCW
290692.0,24.430207412,76.7802028266,R,RAJASTHAN,Jhalawar,NFHS4,Kotra Kagla,8,129,681,104672,294160.0,Arjunpura,4,False,True,False,"{""294160"": 1.0}",True,294160,True,Kotra Kagla,Jhalawar,Manohar Thana,294160,Arjunpura,True,294160,True,False,3_gp_no_reservation_history,294160,Arjunpura,Jhalawar,Manohar Thana,arjunpura,jhalawar,manoharthana,Arjunpura,arjunpura,jhalawar,jhalawar,,,,,,,,,,,,False,False,False,,,,,,,,,,,False,,,,,,,,,,,,False,0_unmatched,,,,,,
290694.0,25.0122814478,74.1177620449,R,RAJASTHAN,Rajsamand,NFHS4,Railmagra,8,123,644,97179,41287.0,Railmagra,12,False,True,False,"{""41287"": 1.0}",True,41287,True,Railmagra,Rajsamand,Railmagra,41287,Railmagra,True,41287,True,False,3_gp_no_reservation_history,41287,Railmagra,Rajsamand,Railmagra,railmagra,rajsamand,railmagra,Railmagra,railmagra,rajsamand,rajsamand,,,,,,,,,,,,False,False,False,,,,,,,,,,,False,,,,,,,,,,,,False,0_unmatched,,,,,,
290695.0,27.5875415449,74.7349877047,R,RAJASTHAN,Nagaur,NFHS4,Phirwasi,8,112,557,82461,40552.0,Lachhari,3,False,True,False,"{""40552"": 1.0}",True,40552,True,Phirwasi,Didwana-Kuchaman,Ladnu,40552,Lachhari,True,40552,True,False,3_gp_no_reservation_history,40552,Lachhari,Didwana-Kuchaman,Ladnu,lachhari,didwanakuchaman,ladnu,Lachhari,lachhari,nagaur,nagaur,,,,,,,,,,,,False,False,False,,,,,,,,,,,False,,,,,,,,,,,,False,0_unmatched,,,,,,
290697.0,29.4570196813,73.7668239341,R,RAJASTHAN,Ganganagar,NFHS4,1 NRD,8,99,465,66677,37948.0,Nirwana,13,False,True,False,"{""37948"": 1.0}",True,37948,True,1 Nrd,Ganganagar,Suratgarh,37948,Nirwana,True,37948,True,True,4_full_coverage,37948,Nirwana,Ganganagar,Suratgarh,nirwana,ganganagar,suratgarh,Nirwana,nirwana,ganganagar,ganganagar,nirwana,ganganagar,1.0,1.0,suratgarh,1.0,twice,2.0,twice,1.0,1.0,True,True,False,1.0,1.0,SC W,GENW,2.0,twice,A_exact_gp_district_samiti,Nirwana,Ganganagar,Suratgarh,True,,,,,,,,,,,,False,1_original_gp_lgd_history_match,twice,2.0,1.0,1.0,SC W,GENW
290698.0,25.6791331414,75.1535153694,R,RAJASTHAN,Bhilwara,NFHS4,Gandher,8,122,636,95850,35729.0,Gandher,6,False,True,False,"{""35729"": 1.0}",True,35729,True,Gandher,Shahpura,Jahazpur,35729,Gandher,True,35729,True,False,3_gp_no_reservation_history,35729,Gandher,Shahpura,Jahazpur,gandher,shahpura,jahazpur,Gandher,gandher,bhilwara,bhilwara,gandher,bhilwara,2.0,1.0,jahazpur,1.0,twice,2.0,twice,1.0,1.0,True,True,True,,,,,,,,,,,False,,,,,,,,,,,,False,2_direct_gpname_dhsdistrict_match,twice,2.0,1.0,1.0,,
290699.0,25.7347687277,72.5818946113,R,RAJASTHAN,Barmer,NFHS4,Sanwarda,8,115,580,87624,35244.0,Sanwarda,7,False,True,False,"{""35244"": 1.0}",True,35244,True,Sanwarda,Balotra,Samdari,35244,Sanwarda,True,35244,True,True,4_full_coverage,35244,Sanwarda,Balotra,Samdari,sanwarda,balotra,samdari,Sanwarda,sanwarda,barmer,barmer,sanwarda,barmer,1.0,1.0,siwana,1.0,once,1.0,once,0.0,1.0,True,True,False,0.0,1.0,GEN,GENW,1.0,once,C_unique_gp_name_statewide,Sanwarda,Balotra,Samdari,True,,,,,,,,,,,,False,1_original_gp_lgd_history_match,once,1.0,0.0,1.0,GEN,GENW
290700.0,25.2384513134,75.7669315787,R,RAJASTHAN,Bundi,NFHS4,Jakhmoond,8,121,626,94509,36362.0,Jhak Mund,5,False,True,False,"{""36362"": 1.0}",True,36362,True,Jakhmoond,Bundi,Talera,36362,Jhak Mund,True,36362,True,False,3_gp_no_reservation_history,36362,Jhak Mund,Bundi,Talera,jhakmund,bundi,talera,Jhak Mund,jhakmund,bundi,bundi,,,,,,,,,,,,False,False,False,,,,,,,,,,,False,,,,,,,,,,,,False,0_unmatched,,,,,,
290703.0,26.8517125952,74.5935413903,R,RAJASTHAN,Nagaur,NFHS4,Janjeela,8,112,564,83542,40739.0,Janjeela,9,False,True,False,"{""40739"": 1.0}",True,40739,True,Janjeela,Didwana-Kuchaman,Parbatsar,40739,Janjeela,True,40739,True,False,3_gp_no_reservation_history,40739,Janjeela,Didwana-Kuchaman,Parbatsar,janjeela,didwanakuchaman,parbatsar,Janjeela,janjeela,nagaur,nagaur,,,,,,,,,,,,False,False,False,,,,,,,,,,,False,,,,,,,,,,,,False,0_unmatched,,,,,,
290704.0,24.6309783989,74.4643115655,R,RAJASTHAN,Chittaurgarh,NFHS4,Fatehpura,8,126,662,101300,36478.0,Akola Kalan,12,False,True,False,"{""36478"": 1.0}",True,36478,True,Fatehpura,Chittorgarh,Bhadesar,36478,Akola Kalan,True,36478,True,False,3_gp_no_reservation_history,36478,Akola Kalan,Chittorgarh,Bhadesar,akolakalan,chittorgarh,bhadesar,Akola Kalan,akolakalan,chittorgarh,chittorgarh,,,,,,,,,,,,False,False,False,,,,,,,,,,,False,never,0.0,0.0,0.0,GEN,GEN,0.9523809523809523,1.0,high_confidence_gp_and_exact_samiti,aakola kalan,BHADESAR,True,3_fuzzy_gpname_exact_or_close_samiti_match,never,0.0,0.0,0.0,GEN,GEN
290705.0,24.3226031138,73.846966506,R,RAJASTHAN,Udaipur,NFHS4,Palodra,8,130,693,107388,42710.0,Palodra,10,False,True,False,"{""42710"": 1.0}",True,42710,True,Palodra,Salumbar,Sarada,42710,Palodra,True,42710,True,True,4_full_coverage,42710,Palodra,Salumbar,Sarada,palodra,salumbar,sarada,Palodra,palodra,udaipur,udaipur,palodra,udaipur,1.0,1.0,sarada,1.0,once,1.0,once,0.0,1.0,True,True,False,0.0,1.0,ST,STW,1.0,once,C_unique_gp_name_statewide,Palodra,Salumbar,Sarada,True,,,,,,,,,,,,False,1_original_gp_lgd_history_match,once,1.0,0.0,1.0,ST,STW
290707.0,26.7021303597,74.8338885909,R,RAJASTHAN,Ajmer,NFHS4,Ralawatan,8,119,606,91427,33738.0,Ralawatan,8,False,True,False,"{""33738"": 1.0}",True,33738,True,Ralawatan,Ajmer,Kishangarh,33738,Ralawatan,True,33738,True,False,3_gp_no_reservation_history,33738,Ralawatan,Ajmer,Kishangarh,ralawatan,ajmer,kishangarh,Ralawatan,ralawatan,ajmer,ajmer,,,,,,,,,,,,False,False,False,,,,,,,,,,,False,once,1.0,0.0,1.0,SC,GENW,0.9411764705882353,1.0,high_confidence_gp_and_exact_samiti,ralawata,KISHANGARH,True,3_fuzzy_gpname_exact_or_close_samiti_match,once,1.0,0.0,1.0,SC,GENW
290708.0,25.1186259549,73.883026228,R,RAJASTHAN,Rajsamand,NFHS4,Kiranpur,8,123,643,97039,,,10,False,True,False,{},True,,False,Kiranpur,Rajsamand,Rajsamand,41311,Pasoond,True,41311,True,False,3_gp_no_reservation_history,41311,Pasoond,Rajsamand,Rajsamand,pasoond,rajsamand,rajsamand,Pasoond,pasoond,rajsamand,rajsamand,,,,,,,,,,,,False,False,False,,,,,,,,,,,False,,,,,,,,,,,,False,0_unmatched,,,,,,
290709.0,25.0506728084,73.271704186,R,RAJASTHAN,Pali,NFHS4,Beejapur,8,118,605,91324,40805.0,Bijapur,5,False,True,False,"{""40805"": 1.0}",True,40805,True,Beejapur,Pali,Bali,40805,Bijapur,True,40805,True,False,3_gp_no_reservation_history,40805,Bijapur,Pali,Bali,bijapur,pali,bali,Bijapur,bijapur,pali,pali,,,,,,,,,,,,False,False,False,,,,,,,,,,,False,once,1.0,0.0,1.0,SC,STW,1.0,1.0,high_confidence_gp_and_exact_samiti,bijapur,BALI,True,3_fuzzy_gpname_exact_or_close_samiti_match,once,1.0,0.0,1.0,SC,STW
290710.0,27.8981391831,76.6871829099,R,RAJASTHAN,Alwar,NFHS4,Kaushalpur,8,104,497,72415,33969.0,Bagheri Kalan,16,False,True,False,"{""33969"": 1.0}",True,33969,True,Kaushalpur,Khairthal-Tijara,Kishangarhbas,33969,Bagheri Kalan,True,33969,True,True,4_full_coverage,33969,Bagheri Kalan,Khairthal-Tijara,Kishangarhbas,bagherikalan,khairthaltijara,kishangarhbas,Bagheri Kalan,bagherikalan,alwar,alwar,bagherikalan,alwar,1.0,1.0,kishangarhbas,1.0,once,1.0,once,0.0,1.0,True,True,False,0.0,1.0,SC,GENW,1.0,once,C_unique_gp_name_statewide,Bagheri Kalan,Khairthal-Tijara,Kishangarhbas,True,,,,,,,,,,,,False,1_original_gp_lgd_history_match,once,1.0,0.0,1.0,SC,GENW
290713.0,26.7307930507,77.8319310324,R,RAJASTHAN,Dhaulpur,NFHS4,Nainokhar,8,106,518,76017,262594.0,Nainokhar,15,False,True,False,"{""262594"": 1.0}",True,262594,True,Nainokhar,Dholpur,Dholpur,262594,Nainokhar,True,262594,True,False,3_gp_no_reservation_history,262594,Nainokhar,Dholpur,Dholpur,nainokhar,dholpur,dholpur,Nainokhar,nainokhar,dholpur,dholpur,,,,,,,,,,,,False,False,False,,,,,,,,,,,False,,,,,,,,,,,,False,0_unmatched,,,,,,
290715.0,23.7652504934,73.7144200214,R,RAJASTHAN,Dungarpur,NFHS4,Chak Mahuri With Chak I & Ii,8,124,646,97688,262624.0,Chak Mahuri,15,False,True,False,"{""262624"": 1.0}",True,262624,True,Chak Mahuri With Chak I & Ii,Dungarpur,Dungarpur,262624,Chak Mahuri,True,262624,True,False,3_gp_no_reservation_history,262624,Chak Mahuri,Dungarpur,Dungarpur,chakmahuri,dungarpur,dungarpur,Chak Mahuri,chakmahuri,dungarpur,dungarpur,,,,,,,,,,,,False,False,False,,,,,,,,,,,False,,,,,,,,,,,,False,0_unmatched,,,,,,
290716.0,27.3099275887,73.5766257175,R,RAJASTHAN,Nagaur,NFHS4,Alay,8,112,560,82843,40677.0,Alay,5,False,True,False,"{""40677"": 1.0}",True,40677,True,Alay,Nagaur,Nagaur,40677,Alay,True,40677,True,False,3_gp_no_reservation_history,40677,Alay,Nagaur,Nagaur,alay,nagaur,nagaur,Alay,alay,nagaur,nagaur,,,,,,,,,,,,False,False,False,,,,,,,,,,,False,,,,,,,,,,,,False,0_unmatched,,,,,,
290717.0,27.8380116149,73.2471069588,R,RAJASTHAN,Bikaner,NFHS4,Palana,8,101,473,69097,36044.0,Palana,5,False,True,False,"{""36044"": 1.0}",True,36044,True,Palana,Bikaner,Bikaner,36044,Palana,True,36044,True,True,4_full_coverage,36044,Palana,Bikaner,Bikaner,palana,bikaner,bikaner,Palana,palana,bikaner,bikaner,palana,bikaner,1.0,1.0,bikaner,1.0,once,1.0,once,0.0,1.0,True,True,False,0.0,1.0,OBC,GENW,1.0,once,A_exact_gp_district_samiti,Palana,Bikaner,Bikaner,True,,,,,,,,,,,,False,1_original_gp_lgd_history_match,once,1.0,0.0,1.0,OBC,GENW
290720.0,25.6899056379,73.965658092,R,RAJASTHAN,Ajmer,NFHS4,Tatgarh,8,119,609,91924,33686.0,Tatgarh,3,False,True,False,"{""33686"": 1.0}",True,33686,True,Tatgarh,Beawar,Tatgarh,33686,Tatgarh,True,33686,True,True,4_full_coverage,33686,Tatgarh,Beawar,Tatgarh,tatgarh,beawar,tatgarh,Tatgarh,tatgarh,ajmer,ajmer,tatgarh,ajmer,2.0,1.0,jawaja,1.0,once,1.0,once,1.0,0.0,True,True,False,1.0,0.0,GEN W,GEN,1.0,once,C_unique_gp_name_statewide,Tatgarh,Beawar,Tatgarh,True,,,,,,,,,,,,False,1_original_gp_lgd_history_match,once,1.0,1.0,0.0,GEN W,GEN
290721.0,25.7299850616,73.0717376892,R,RAJASTHAN,Pali,NFHS4,Sedariya,8,118,600,90762,41040.0,Khundawas,7,False,True,False,"{""41040"": 1.0}",True,41040,True,Sedariya,Pali,Rohat,41040,Khundawas,True,41040,True,True,4_full_coverage,41040,Khundawas,Pali,Rohat,khundawas,pali,rohat,Khundawas,khundawas,pali,pali,khundawas,pali,1.0,1.0,rohat,1.0,once,1.0,once,0.0,1.0,True,True,False,0.0,1.0,OBC,GENW,1.0,once,A_exact_gp_district_samiti,Khundawas,Pali,Rohat,True,,,,,,,,,,,,False,1_original_gp_lgd_history_match,once,1.0,0.0,1.0,OBC,GENW
290722.0,24.3942102586,73.4352910555,R,RAJASTHAN,Udaipur,NFHS4,Naya Gaon,8,130,688,106186,42453.0,Birothi,12,False,True,False,"{""42453"": 1.0}",True,42453,True,Naya Gaon,Udaipur,Phalasiyan,42453,Birothi,True,42453,True,True,4_full_coverage,42453,Birothi,Udaipur,Phalasiyan,birothi,udaipur,phalasiyan,Birothi,birothi,udaipur,udaipur,birothi,udaipur,1.0,1.0,jhadol,1.0,once,1.0,once,0.0,1.0,True,True,False,0.0,1.0,ST,STW,1.0,once,B_exact_gp_district,Birothi,Udaipur,Phalasiyan,True,,,,,,,,,,,,False,1_original_gp_lgd_history_match,once,1.0,0.0,1.0,ST,STW
290725.0,25.429204186,76.2496684157,R,RAJASTHAN,Kota,NFHS4,Takarwara,8,127,666,101871,40334.0,Takarwada,7,False,True,False,"{""40334"": 1.0}",True,40334,True,Takarwara,Kota,Digod,40334,Takarwada,True,40334,True,True,4_full_coverage,40334,Takarwada,Kota,Digod,takarwada,kota,digod,Takarwada,takarwada,kota,kota,takarwada,kota,1.0,1.0,sultanpur,1.0,once,1.0,once,0.0,1.0,True,True,False,0.0,1.0,GEN,GENW,1.0,once,B_exact_gp_district,Takarwada,Kota,Digod,True,,,,,,,,,,,,False,1_original_gp_lgd_history_match,once,1.0,0.0,1.0,GEN,GENW
290727.0,29.0975731219,75.0081017732,R,RAJASTHAN,Hanumangarh,NFHS4,MUNASARI BARANI,8,100,472,68902,,,8,False,True,False,{},True,,False,Munasari Barani,Hanumangarh,Bhadra,38000,Munasari (12 Msr),True,38000,True,False,3_gp_no_reservation_history,38000,Munasari (12 Msr),Hanumangarh,Bhadra,munasari12msr,hanumangarh,bhadra,Munasari (12 Msr),munasari12msr,hanumangarh,hanumangarh,,,,,,,,,,,,False,False,False,,,,,,,,,,,False,,,,,,,,,,,,False,0_unmatched,,,,,,
290728.0,25.2812497651,75.8971851032,R,RAJASTHAN,Bundi,NFHS4,Gudla,8,121,625,94225,36273.0,Gudli,10,False,True,False,"{""36273"": 1.0}",True,36273,True,Gudla,Bundi,Keshoraipatan,36273,Gudli,True,36273,True,True,4_full_coverage,36273,Gudli,Bundi,Keshoraipatan,gudli,bundi,keshoraipatan,Gudli,gudli,bundi,bundi,gudli,bundi,2.0,1.0,keshoraipatan,1.0,once,1.0,once,0.0,1.0,True,True,False,0.0,1.0,SC,GENW,1.0,once,A_exact_gp_district_samiti,Gudli,Bundi,Keshoraipatan,True,,,,,,,,,,,,False,1_original_gp_lgd_history_match,once,1.0,0.0,1.0,SC,GENW
290730.0,26.4232904623,72.2239730535,R,RAJASTHAN,Jodhpur,NFHS4,Ranjeetnagar,8,113,571,85401,294577.0,Ramnagar,6,False,True,False,"{""294577"": 1.0}",True,294577,True,Ranjeetnagar,Jodhpur (Gramin),Shergarh,294577,Ramnagar,True,294577,True,False,3_gp_no_reservation_history,294577,Ramnagar,Jodhpur (Gramin),Shergarh,ramnagar,jodhpurgramin,shergarh,Ramnagar,ramnagar,jodhpur,jodhpur,,,,,,,,,,,,False,False,False,,,,,,,,,,,False,,,,,,,,,,,,False,0_unmatched,,,,,,
290731.0,27.208061073,77.0873897401,R,RAJASTHAN,Bharatpur,NFHS4,Saindoli,8,105,509,74439,35448.0,Talchhera,9,False,True,False,"{""35448"": 1.0}",True,35448,True,Saindoli,Bharatpur,Nadbai,35448,Talchhera,True,35448,True,False,3_gp_no_reservation_history,35448,Talchhera,Bharatpur,Nadbai,talchhera,bharatpur,nadbai,Talchhera,talchhera,bharatpur,bharatpur,,,,,,,,,,,,False,False,False,,,,,,,,,,,False,never,0.0,0.0,0.0,GEN,GEN,0.9411764705882353,1.0,high_confidence_gp_and_exact_samiti,talchera,NADBAI,True,3_fuzzy_gpname_exact_or_close_samiti_match,never,0.0,0.0,0.0,GEN,GEN
290732.0,27.8963117125,75.7639280969,R,RAJASTHAN,Jhunjhunun,NFHS4,Pratappura,8,103,490,71566,39467.0,Gadrata,8,False,True,False,"{""39467"": 1.0}",True,39467,True,Pratappura,Neem Ka Thana,Khetri,39467,Gadrata,True,39467,True,True,4_full_coverage,39467,Gadrata,Neem Ka Thana,Khetri,gadrata,neemkathana,khetri,Gadrata,gadrata,jhunjhunu,sikar,gadrata,jhunjhunu,1.0,1.0,khetri,1.0,twice,2.0,twice,1.0,1.0,True,True,False,1.0,1.0,GEN W,OBCW,2.0,twice,C_unique_gp_name_statewide,Gadrata,Neem Ka Thana,Khetri,True,,,,,,,,,,,,False,1_original_gp_lgd_history_match,twice,2.0,1.0,1.0,GEN W,OBCW
290733.0,26.6907398102,76.6634476204,R,RAJASTHAN,Karauli,NFHS4,Jeerna,8,107,521,76405,40059.0,Dhahariya,8,False,True,False,"{""40059"": 1.0}",True,40059,True,Jeerna,Gangapurcity,Nadoti,40059,Dhahariya,True,40059,True,False,3_gp_no_reservation_history,40059,Dhahariya,Gangapurcity,Nadoti,dhahariya,gangapurcity,nadoti,Dhahariya,dhahariya,karauli,sawaimadhopur,,,,,,,,,,,,False,False,False,,,,,,,,,,,False,,,,,,,,,,,,False,0_unmatched,,,,,,
290735.0,26.7794675084,77.8440271662,R,RAJASTHAN,Dhaulpur,NFHS4,Malauni Khurd,8,106,517,75849,37341.0,Malauni Khurd,20,False,True,False,"{""37341"": 1.0}",True,37341,True,Malauni Khurd,Dholpur,Sepau,37341,Malauni Khurd,True,37341,True,False,3_gp_no_reservation_history,37341,Malauni Khurd,Dholpur,Sepau,malaunikhurd,dholpur,sepau,Malauni Khurd,malaunikhurd,dholpur,dholpur,,,,,,,,,,,,False,False,False,,,,,,,,,,,False,,,,,,,,,,,,False,0_unmatched,,,,,,
290737.0,27.3393689781,72.8513922641,R,RAJASTHAN,Jodhpur,NFHS4,Imam Nagar,8,113,567,84147,294897.0,Khajoosar,6,False,True,False,"{""294897"": 1.0}",True,294897,True,Imam Nagar,Phalodi,Phalodi,294897,Khajoosar,True,294897,True,False,3_gp_no_reservation_history,294897,Khajoosar,Phalodi,Ghantiyali,khajoosar,phalodi,ghantiyali,Khajoosar,khajoosar,jodhpur,jodhpur,,,,,,,,,,,,False,False,False,,,,,,,,,,,False,,,,,,,,,,,,False,0_unmatched,,,,,,
290739.0,23.3734496619,74.2982788456,R,RAJASTHAN,Banswara,NFHS4,Nagawara,8,125,653,99398,34384.0,Nagawara,21,False,True,False,"{""34384"": 1.0}",True,34384,True,Nagawara,Banswara,Bagidora,34384,Nagawara,True,34384,True,False,3_gp_no_reservation_history,34384,Nagawara,Banswara,Bagidora,nagawara,banswara,bagidora,Nagawara,nagawara,banswara,banswara,,,,,,,,,,,,False,False,False,,,,,,,,,,,False,,,,,,,,,,,,False,0_unmatched,,,,,,
290740.0,27.3070952708,75.2030772232,R,RAJASTHAN,Sikar,NFHS4,Neemawas,8,111,554,81810,41553.0,Motlawas,8,False,True,False,"{""41553"": 1.0}",True,41553,True,Neemawas,Sikar,Danta Ramgarh,41553,Motlawas,True,41553,True,True,4_full_coverage,41553,Motlawas,Sikar,Danta Ramgarh,motlawas,sikar,dantaramgarh,Motlawas,motlawas,sikar,sikar,motlawas,sikar,1.0,1.0,dantaramgarh,1.0,once,1.0,once,0.0,1.0,True,True,False,0.0,1.0,GEN,SCW,1.0,once,A_exact_gp_district_samiti,Motlawas,Sikar,Danta Ramgarh,True,,,,,,,,,,,,False,1_original_gp_lgd_history_match,once,1.0,0.0,1.0,GEN,SCW
290743.0,26.7515762171,76.5873043513,R,RAJASTHAN,Karauli,NFHS4,Lalsar,8,107,521,76414,40071.0,Pal,5,False,True,False,"{""40071"": 1.0}",True,40071,True,Lalsar,Gangapurcity,Nadoti,40071,Pal,True,40071,True,False,3_gp_no_reservation_history,40071,Pal,Gangapurcity,Nadoti,pal,gangapurcity,nadoti,Pal,pal,karauli,sawaimadhopur,,,,,,,,,,,,False,False,False,,,,,,,,,,,False,,,,,,,,,,,,False,0_unmatched,,,,,,
290747.0,28.5142203957,74.747387245,R,RAJASTHAN,Churu,NFHS4,Melusar,8,102,483,70375,36939.0,Melusar,4,False,True,False,"{""36939"": 1.0}",True,36939,True,Melusar,Churu,Sardarshahar,36939,Melusar,True,36939,True,False,3_gp_no_reservation_history,36939,Melusar,Churu,Sardarshahar,melusar,churu,sardarshahar,Melusar,melusar,churu,churu,,,,,,,,,,,,False,False,False,,,,,,,,,,,False,once,1.0,0.0,1.0,SC,GENW,1.0,1.0,high_confidence_gp_and_exact_samiti,melusar,SARDAR SHAHAR,True,3_fuzzy_gpname_exact_or_close_samiti_match,once,1.0,0.0,1.0,SC,GENW
290749.0,24.3891709672,76.6258300016,R,RAJASTHAN,Jhalawar,NFHS4,Khanpuriya Near Lahapasya,8,129,680,104443,39254.0,Lahas,10,False,True,False,"{""39254"": 1.0}",True,39254,True,Khanpuriya Near Lahapasya,Jhalawar,Aklera,39254,Lahas,True,39254,True,False,3_gp_no_reservation_history,39254,Lahas,Jhalawar,Aklera,lahas,jhalawar,aklera,Lahas,lahas,jhalawar,jhalawar,,,,,,,,,,,,False,False,False,,,,,,,,,,,False,,,,,,,,,,,,False,0_unmatched,,,,,,
290750.0,27.2737053756,75.4255741064,R,RAJASTHAN,Jaipur,NFHS4,Badhal,8,110,542,79473,38570.0,Badhal,5,False,True,False,"{""38570"": 1.0}",True,38570,True,Badhal,Jaipur (Gramin),Kishangarh Renwal,38570,Badhal,True,38570,True,False,3_gp_no_reservation_history,38570,Badhal,Jaipur (Gramin),Kishangarh Renwal,badhal,jaipurgramin,kishangarhrenwal,Badhal,badhal,jaipur,jaipur,,,,,,,,,,,,False,False,False,,,,,,,,,,,False,,,,,,,,,,,,False,0_unmatched,,,,,,
290752.0,25.8211530606,74.3700987115,R,RAJASTHAN,Bhilwara,NFHS4,Jaitgarh,8,122,627,94765,245445.0,Jaitgarh,11,False,True,False,"{""245445"": 1.0}",True,245445,True,Jaitgarh,Beawar,Badnor,245445,Jaitgarh,True,245445,True,False,3_gp_no_reservation_history,245445,Jaitgarh,Beawar,Badnor,jaitgarh,beawar,badnor,Jaitgarh,jaitgarh,bhilwara,ajmer,,,,,,,,,,,,False,False,False,,,,,,,,,,,False,,,,,,,,,,,,False,0_unmatched,,,,,,
290757.0,24.7771602957,72.2791515161,R,RAJASTHAN,Jalor,NFHS4,Daulatpura,8,116,591,89816,38965.0,Akhrad,8,False,True,False,"{""38965"": 1.0}",True,38965,True,Daulatpura,Sanchore,Raniwara,38965,Akhrad,True,38965,True,False,3_gp_no_reservation_history,38965,Akhrad,Sanchore,Raniwara,akhrad,sanchore,raniwara,Akhrad,akhrad,jalore,jalore,,,,,,,,,,,,False,False,False,,,,,,,,,,,False,never,0.0,0.0,0.0,GEN,SC,0.9230769230769231,1.0,high_confidence_gp_and_exact_samiti,aakhrad,RANIWARA,True,3_fuzzy_gpname_exact_or_close_samiti_match,never,0.0,0.0,0.0,GEN,SC
290758.0,24.7376411773,72.1724724358,R,RAJASTHAN,Jalor,NFHS4,Sewadiya,8,116,591,89845,38966.0,Ajodar,5,False,True,False,"{""38966"": 1.0}",True,38966,True,Sewadiya,Sanchore,Raniwara,38966,Ajodar,True,38966,True,False,3_gp_no_reservation_history,38966,Ajodar,Sanchore,Raniwara,ajodar,sanchore,raniwara,Ajodar,ajodar,jalore,jalore,,,,,,,,,,,,False,False,False,,,,,,,,,,,False,,,,,,,,,,,,False,0_unmatched,,,,,,
290759.0,24.8017398535,73.2270019623,R,RAJASTHAN,Pali,NFHS4,Bheemana,8,118,605,91362,40804.0,Bhimana,2,False,True,False,"{""40804"": 1.0}",True,40804,True,Bheemana,Pali,Bali,40804,Bhimana,True,40804,True,True,4_full_coverage,40804,Bhimana,Pali,Bali,bhimana,pali,bali,Bhimana,bhimana,pali,pali,bhimana,pali,1.0,1.0,bali,1.0,once,1.0,once,1.0,0.0,True,True,False,1.0,0.0,ST W,GEN,1.0,once,A_exact_gp_district_samiti,Bhimana,Pali,Bali,True,,,,,,,,,,,,False,1_original_gp_lgd_history_match,once,1.0,1.0,0.0,ST W,GEN
290761.0,27.4803754805,76.1465449655,R,RAJASTHAN,Jaipur,NFHS4,Deoli,8,110,539,79177,38700.0,Sothana,10,False,True,False,"{""38700"": 1.0}",True,38700,True,Deoli,Kotputli-Behror,Viratnagar,38700,Sothana,True,38700,True,True,4_full_coverage,38700,Sothana,Kotputli-Behror,Viratnagar,sothana,kotputlibehror,viratnagar,Sothana,sothana,jaipur,jaipur,sothana,jaipur,1.0,1.0,viratnagar,1.0,never,0.0,never,0.0,0.0,True,True,False,0.0,0.0,GEN,OBC,0.0,never,C_unique_gp_name_statewide,Sothana,Kotputli-Behror,Viratnagar,True,,,,,,,,,,,,False,1_original_gp_lgd_history_match,never,0.0,0.0,0.0,GEN,OBC
290764.0,25.0642630454,72.0568262158,R,RAJASTHAN,Jalor,NFHS4,Sewari,8,116,589,89490,38905.0,Sewari,8,False,True,False,"{""38905"": 1.0}",True,38905,True,Sewari,Sanchore,Bagora,38905,Sewari,True,38905,True,False,3_gp_no_reservation_history,38905,Sewari,Sanchore,Bagora,sewari,sanchore,bagora,Sewari,sewari,jalore,jalore,,,,,,,,,,,,False,False,False,,,,,,,,,,,False,,,,,,,,,,,,False,0_unmatched,,,,,,
290765.0,26.7769135587,77.0130998203,R,RAJASTHAN,Karauli,NFHS4,Kyarda Khurd,8,107,522,76470,39986.0,Kyarda Khurd,17,False,True,False,"{""39986"": 1.0}",True,39986,True,Kyarda Khurd,Karauli,Hindaun,39986,Kyarda Khurd,True,39986,True,False,3_gp_no_reservation_history,39986,Kyarda Khurd,Karauli,Hindaun,kyardakhurd,karauli,hindaun,Kyarda Khurd,kyardakhurd,karauli,karauli,,,,,,,,,,,,False,False,False,,,,,,,,,,,False,once,1.0,0.0,1.0,ST,GENW,0.9565217391304348,1.0,high_confidence_gp_and_exact_samiti,kayarda khurd,HINDAUN,True,3_fuzzy_gpname_exact_or_close_samiti_match,once,1.0,0.0,1.0,ST,GENW
290766.0,27.0199520619,76.9945942119,R,RAJASTHAN,Bharatpur,NFHS4,Randheergarh,8,105,512,74898,35614.0,Randheer Garh,5,False,True,False,"{""35614"": 1.0}",True,35614,True,Randheergarh,Bharatpur,Bhusawar,35614,Randheer Garh,True,35614,True,True,4_full_coverage,35614,Randheer Garh,Bharatpur,Bhusawar,randheergarh,bharatpur,bhusawar,Randheer Garh,randheergarh,bharatpur,bharatpur,randheergarh,bharatpur,1.0,1.0,weir,1.0,never,0.0,never,0.0,0.0,True,True,False,0.0,0.0,ST,GEN,0.0,never,B_exact_gp_district,Randheer Garh,Bharatpur,Bhusawar,True,,,,,,,,,,,,False,1_original_gp_lgd_history_match,never,0.0,0.0,0.0,ST,GEN
290767.0,23.7687247213,74.9115272337,R,RAJASTHAN,Pratapgarh,NFHS4,Kotri,8,131,700,108777,36410.0,Kotri,6,False,True,False,"{""36410"": 1.0}",True,36410,True,Kotri,Pratapgarh,Arnod,36410,Kotri,True,36410,True,False,3_gp_no_reservation_history,36410,Kotri,Pratapgarh,Arnod,kotri,pratapgarh,arnod,Kotri,kotri,pratapgarh,pratapgarh,,,,,,,,,,,,False,False,False,,,,,,,,,,,False,once,1.0,0.0,1.0,ST,STW,0.9090909090909091,1.0,high_confidence_gp_and_exact_samiti,kotari,ARNOD,True,3_fuzzy_gpname_exact_or_close_samiti_match,once,1.0,0.0,1.0,ST,STW
290769.0,25.3844900995,76.3157163683,R,RAJASTHAN,Kota,NFHS4,Barod,8,127,666,101886,40306.0,Barod,9,False,True,False,"{""40306"": 1.0}",True,40306,True,Barod,Kota,Digod,40306,Barod,True,40306,True,False,3_gp_no_reservation_history,40306,Barod,Kota,Digod,barod,kota,digod,Barod,barod,kota,kota,,,,,,,,,,,,False,False,False,,,,,,,,,,,False,,,,,,,,,,,,False,0_unmatched,,,,,,
290770.0,26.6299528652,71.3712766135,R,RAJASTHAN,Jaisalmer,NFHS4,Lala,8,114,576,86498,294259.0,Uttam Nagar Mukhyalaya Karada,3,False,True,False,"{""294259"": 1.0}",True,294259,True,Lala,Jaisalmer,Fatehgarh,294259,Uttam Nagar Mukhyalaya Karada,True,294259,True,False,3_gp_no_reservation_history,294259,Uttam Nagar Mukhyalaya Karada,Jaisalmer,Fatehgarh,uttamnagarmukhyalayakarada,jaisalmer,fatehgarh,Uttam Nagar Mukhyalaya Karada,uttamnagarmukhyalayakarada,jaisalmer,jaisalmer,,,,,,,,,,,,False,False,False,,,,,,,,,,,False,,,,,,,,,,,,False,0_unmatched,,,,,,
290771.0,29.1589419741,74.6877376295,R,RAJASTHAN,Hanumangarh,NFHS4,ASARJANA,8,100,471,68604,38179.0,Kikarali,5,False,True,False,"{""38179"": 1.0}",True,38179,True,Asarjana,Hanumangarh,Nohar,38179,Kikarali,True,38179,True,False,3_gp_no_reservation_history,38179,Kikarali,Hanumangarh,Nohar,kikarali,hanumangarh,nohar,Kikarali,kikarali,hanumangarh,hanumangarh,,,,,,,,,,,,False,False,False,,,,,,,,,,,False,once,1.0,0.0,1.0,GEN,GENW,0.9333333333333333,1.0,high_confidence_gp_and_exact_samiti,kikrali,NOHAR,True,3_fuzzy_gpname_exact_or_close_samiti_match,once,1.0,0.0,1.0,GEN,GENW
290773.0,25.4279273296,75.1163437104,R,RAJASTHAN,Bhilwara,NFHS4,Padampura,8,122,636,96031,35721.0,Bhragunagar,6,False,True,False,"{""35721"": 1.0}",True,35721,True,Padampura,Shahpura,Jahazpur,35721,Bhragunagar,True,35721,True,False,3_gp_no_reservation_history,35721,Bhragunagar,Shahpura,Jahazpur,bhragunagar,shahpura,jahazpur,Bhragunagar,bhragunagar,bhilwara,bhilwara,,,,,,,,,,,,False,False,False,,,,,,,,,,,False,never,0.0,0.0,0.0,GEN,GEN,0.9523809523809523,1.0,high_confidence_gp_and_exact_samiti,bhagunagar,JAHAZPUR,True,3_fuzzy_gpname_exact_or_close_samiti_match,never,0.0,0.0,0.0,GEN,GEN
290774.0,24.9141054926,72.1763144504,R,RAJASTHAN,Jalor,NFHS4,Vandhar,8,116,591,89789,38994.0,Vandhar,5,False,True,False,"{""38994"": 1.0}",True,38994,True,Vandhar,Sanchore,Raniwara,38994,Vandhar,True,38994,True,True,4_full_coverage,38994,Vandhar,Sanchore,Raniwara,vandhar,sanchore,raniwara,Vandhar,vandhar,jalore,jalore,vandhar,jalore,1.0,1.0,raniwara,1.0,never,0.0,never,0.0,0.0,True,True,False,0.0,0.0,SC,OBC,0.0,never,C_unique_gp_name_statewide,Vandhar,Sanchore,Raniwara,True,,,,,,,,,,,,False,1_original_gp_lgd_history_match,never,0.0,0.0,0.0,SC,OBC
290775.0,28.0866190731,74.9674165929,R,RAJASTHAN,Sikar,NFHS4,Hodsar,8,111,551,81225,294980.0,Hetamsar,8,False,True,False,"{""294980"": 1.0}",True,294980,True,Hodsar,Sikar,Ramgarh Shekhawati,294980,Hetamsar,True,294980,True,False,3_gp_no_reservation_history,294980,Hetamsar,Sikar,Ramgarh Shekhawati,hetamsar,sikar,ramgarhshekhawati,Hetamsar,hetamsar,sikar,sikar,,,,,,,,,,,,False,False,False,,,,,,,,,,,False,,,,,,,,,,,,False,0_unmatched,,,,,,
290776.0,24.910412751,74.5829148151,R,RAJASTHAN,Chittaurgarh,NFHS4,Pandoli,8,126,659,100650,36595.0,Pandoli,9,False,True,False,"{""36595"": 1.0}",True,36595,True,Pandoli,Chittorgarh,Chittorgarh,36595,Pandoli,True,36595,True,False,3_gp_no_reservation_history,36595,Pandoli,Chittorgarh,Chittorgarh,pandoli,chittorgarh,chittorgarh,Pandoli,pandoli,chittorgarh,chittorgarh,,,,,,,,,,,,False,False,False,,,,,,,,,,,False,,,,,,,,,,,,False,0_unmatched,,,,,,
290778.0,25.0507925696,71.4607134451,R,RAJASTHAN,Barmer,NFHS4,Manki,8,115,581,88001,295483.0,Andaniyon Ki Dhani,8,False,True,False,"{""295483"": 1.0}",True,295483,True,Manki,Barmer,Dhorimanna,295483,Andaniyon Ki Dhani,True,295483,True,False,3_gp_no_reservation_history,295483,Andaniyon Ki Dhani,Barmer,Dhorimanna,andaniyonkidhani,barmer,dhorimanna,Andaniyon Ki Dhani,andaniyonkidhani,barmer,barmer,,,,,,,,,,,,False,False,False,,,,,,,,,,,False,,,,,,,,,,,,False,0_unmatched,,,,,,
290780.0,29.8316286499,73.7812095721,R,RAJASTHAN,Ganganagar,NFHS4,21 GG,8,99,458,64572,37747.0,21gg,12,False,True,False,"{""37747"": 1.0}",True,37747,True,21 Gg,Ganganagar,Ganganagar,37747,21gg,True,37747,True,False,3_gp_no_reservation_history,37747,21gg,Ganganagar,Ganganagar,21gg,ganganagar,ganganagar,21gg,21gg,ganganagar,ganganagar,,,,,,,,,,,,False,False,False,,,,,,,,,,,False,,,,,,,,,,,,False,0_unmatched,,,,,,
290784.0,24.2234417794,76.1036194671,R,RAJASTHAN,Jhalawar,NFHS4,Himmatgarh,8,129,683,105090,39290.0,Himmatgarh,7,False,True,False,"{""39290"": 1.0}",True,39290,True,Himmatgarh,Jhalawar,Raipur,39290,Himmatgarh,True,39290,True,True,4_full_coverage,39290,Himmatgarh,Jhalawar,Raipur,himmatgarh,jhalawar,raipur,Himmatgarh,himmatgarh,jhalawar,jhalawar,himmatgarh,jhalawar,1.0,1.0,pirawa,1.0,once,1.0,once,0.0,1.0,True,True,False,0.0,1.0,OBC,GENW,1.0,once,B_exact_gp_district,Himmatgarh,Jhalawar,Raipur,True,,,,,,,,,,,,False,1_original_gp_lgd_history_match,once,1.0,0.0,1.0,OBC,GENW
290785.0,27.7041268921,76.1264089263,R,RAJASTHAN,Jaipur,NFHS4,Kiratpura,8,110,538,79102,294362.0,Pawana Aheer,10,False,True,False,"{""294362"": 1.0}",True,294362,True,Kiratpura,Kotputli-Behror,Kotputli,294362,Pawana Aheer,True,294362,True,False,3_gp_no_reservation_history,294362,Pawana Aheer,Kotputli-Behror,Kotputli,pawanaaheer,kotputlibehror,kotputli,Pawana Aheer,pawanaaheer,jaipur,jaipur,,,,,,,,,,,,False,False,False,,,,,,,,,,,False,,,,,,,,,,,,False,0_unmatched,,,,,,
290786.0,27.626438181,76.998832956,R,RAJASTHAN,Bharatpur,NFHS4,Bhojpur,8,105,505,73928,35350.0,Jotri Peepal,11,False,True,False,"{""35350"": 1.0}",True,35350,True,Bhojpur,Deeg,Pahari,35350,Jotri Peepal,True,35350,True,False,3_gp_no_reservation_history,35350,Jotri Peepal,Deeg,Pahari,jotripeepal,deeg,pahari,Jotri Peepal,jotripeepal,bharatpur,bharatpur,,,,,,,,,,,,False,False,False,,,,,,,,,,,False,,,,,,,,,,,,False,0_unmatched,,,,,,
290787.0,27.1728980125,75.7867227084,R,RAJASTHAN,Jaipur,NFHS4,Fatehpura,8,110,541,79455,38403.0,Fatehpura,11,False,True,False,"{""38403"": 1.0}",True,38403,True,Fatehpura,Jaipur (Gramin),Chomu,38403,Fatehpura,True,38403,True,False,3_gp_no_reservation_history,38403,Fatehpura,Jaipur (Gramin),Chomu,fatehpura,jaipurgramin,chomu,Fatehpura,fatehpura,jaipur,jaipur,fatehpura,jaipur,1.0,1.0,govindgarh,1.0,never,0.0,never,0.0,0.0,True,True,True,,,,,,,,,,,False,,,,,,,,,,,,False,2_direct_gpname_dhsdistrict_match,never,0.0,0.0,0.0,,
290788.0,26.9066415923,76.1415633808,R,RAJASTHAN,Jaipur,NFHS4,Heerapura,8,110,548,80675,38449.0,Dhoolaraoji,11,False,True,False,"{""38449"": 1.0}",True,38449,True,Heerapura,Jaipur (Gramin),Andhi,38449,Dhoolaraoji,True,38449,True,False,3_gp_no_reservation_history,38449,Dhoolaraoji,Jaipur (Gramin),Andhi,dhoolaraoji,jaipurgramin,andhi,Dhoolaraoji,dhoolaraoji,jaipur,jaipur,,,,,,,,,,,,False,False,False,,,,,,,,,,,False,,,,,,,,,,,,False,0_unmatched,,,,,,
290789.0,25.3215309778,72.9011898373,R,RAJASTHAN,Jalor,NFHS4,Ummaidpur,8,116,586,89223,38870.0,Ummedpur,10,False,True,False,"{""38870"": 1.0}",True,38870,True,Ummaidpur,Jalore,Ahore,38870,Ummedpur,True,38870,True,True,4_full_coverage,38870,Ummedpur,Jalore,Ahore,ummedpur,jalore,ahore,Ummedpur,ummedpur,jalore,jalore,ummedpur,jalore,1.0,1.0,ahore,1.0,twice,2.0,twice,1.0,1.0,True,True,False,1.0,1.0,SC W,GENW,2.0,twice,A_exact_gp_district_samiti,Ummedpur,Jalore,Ahore,True,,,,,,,,,,,,False,1_original_gp_lgd_history_match,twice,2.0,1.0,1.0,SC W,GENW
290790.0,25.948171566,71.8167727132,R,RAJASTHAN,Barmer,NFHS4,Sauon Ki Dhani,8,115,578,87134,262770.0,Khoton Ki Dhani,10,False,True,False,"{""262770"": 1.0}",True,262770,True,Sauon Ki Dhani,Balotra,Baytoo,262770,Khoton Ki Dhani,True,262770,True,False,3_gp_no_reservation_history,262770,Khoton Ki Dhani,Balotra,Baytoo,khotonkidhani,balotra,baytoo,Khoton Ki Dhani,khotonkidhani,barmer,barmer,,,,,,,,,,,,False,False,False,,,,,,,,,,,False,,,,,,,,,,,,False,0_unmatched,,,,,,
290793.0,25.37363765,74.5332284454,R,RAJASTHAN,Bhilwara,NFHS4,Keeratpura,8,122,634,95523,35968.0,Dariba,11,False,True,False,"{""35968"": 1.0}",True,35968,True,Keeratpura,Bhilwara,Bhilwara,35968,Dariba,True,35968,True,False,3_gp_no_reservation_history,35968,Dariba,Bhilwara,Bhilwara,dariba,bhilwara,bhilwara,Dariba,dariba,bhilwara,bhilwara,dariba,bhilwara,1.0,1.0,suwana,1.0,once,1.0,once,0.0,1.0,True,True,True,,,,,,,,,,,False,,,,,,,,,,,,False,2_direct_gpname_dhsdistrict_match,once,1.0,0.0,1.0,,
290794.0,25.9624276068,72.6766734698,R,RAJASTHAN,Jodhpur,NFHS4,Daipara Khichiyan,8,113,572,85602,262455.0,Daipara Khichiyan,4,False,True,False,"{""262455"": 1.0}",True,262455,True,Daipara Khichiyan,Jodhpur (Gramin),Jhanwar,262455,Daipara Khichiyan,True,262455,True,False,3_gp_no_reservation_history,262455,Daipara Khichiyan,Jodhpur (Gramin),Jhanwar,daiparakhichiyan,jodhpurgramin,jhanwar,Daipara Khichiyan,daiparakhichiyan,jodhpur,jodhpur,,,,,,,,,,,,False,False,False,,,,,,,,,,,False,,,,,,,,,,,,False,0_unmatched,,,,,,
290795.0,25.6078135112,72.5137471759,R,RAJASTHAN,Barmer,NFHS4,Maylawas,8,115,580,87616,35233.0,Mahilawas,5,False,True,False,"{""35233"": 1.0}",True,35233,True,Maylawas,Balotra,Siwana,35233,Mahilawas,True,35233,True,True,4_full_coverage,35233,Mahilawas,Balotra,Siwana,mahilawas,balotra,siwana,Mahilawas,mahilawas,barmer,barmer,mahilawas,barmer,1.0,1.0,siwana,1.0,once,1.0,once,0.0,1.0,True,True,False,0.0,1.0,GEN,GENW,1.0,once,C_unique_gp_name_statewide,Mahilawas,Balotra,Siwana,True,,,,,,,,,,,,False,1_original_gp_lgd_history_match,once,1.0,0.0,1.0,GEN,GENW
290797.0,29.4256329986,73.405514283,R,RAJASTHAN,Ganganagar,NFHS4,58 NP,8,99,461,65355,37879.0,Sardarpura Bika,11,False,True,False,"{""37879"": 1.0}",True,37879,True,58 Np,Anupgarh,Raisinghnagar,37879,Sardarpura Bika,True,37879,True,False,3_gp_no_reservation_history,37879,Sardarpura Bika,Anupgarh,Raisinghnagar,sardarpurabika,anupgarh,raisinghnagar,Sardarpura Bika,sardarpurabika,ganganagar,ganganagar,sardarpurabika,ganganagar,1.0,1.0,suratgarh,1.0,once,1.0,once,1.0,0.0,True,True,True,,,,,,,,,,,False,,,,,,,,,,,,False,2_direct_gpname_dhsdistrict_match,once,1.0,1.0,0.0,,
290798.0,26.7485735847,74.7100976448,R,RAJASTHAN,Ajmer,NFHS4,Karkeri,8,119,606,91410,33826.0,Ajaysar,4,False,True,False,"{""33826"": 1.0}",True,33826,True,Karkeria,Ajmer,Roopangarh,33826,Ajaysar,True,33826,True,True,4_full_coverage,33826,Ajaysar,Ajmer,Ajmer,ajaysar,ajmer,ajmer,Ajaysar,ajaysar,ajmer,ajmer,ajaysar,ajmer,1.0,1.0,srinagar,1.0,never,0.0,never,0.0,0.0,True,True,False,0.0,0.0,GEN,GEN,0.0,never,B_exact_gp_district,Ajaysar,Ajmer,Ajmer,True,,,,,,,,,,,,False,1_original_gp_lgd_history_match,never,0.0,0.0,0.0,GEN,GEN
290801.0,27.2806437711,74.4144425255,R,RAJASTHAN,Nagaur,NFHS4,Agoonta,8,112,558,82534,40379.0,Agunta,8,False,True,False,"{""40379"": 1.0}",True,40379,True,Agoonta,Didwana-Kuchaman,Chhoti Khatoo,40379,Agunta,True,40379,True,False,3_gp_no_reservation_history,40379,Agunta,Didwana-Kuchaman,Chhoti Khatoo,agunta,didwanakuchaman,chhotikhatoo,Agunta,agunta,nagaur,nagaur,,,,,,,,,,,,False,False,False,,,,,,,,,,,False,,,,,,,,,,,,False,0_unmatched,,,,,,
290803.0,25.5453981202,75.6706398354,R,RAJASTHAN,Bundi,NFHS4,Siyana,8,121,622,93846,36213.0,Akoda,10,False,True,False,"{""36213"": 1.0}",True,36213,True,Siyana,Bundi,Hindoli,36213,Akoda,True,36213,True,False,3_gp_no_reservation_history,36213,Akoda,Bundi,Hindoli,akoda,bundi,hindoli,Akoda,akoda,bundi,bundi,,,,,,,,,,,,False,False,False,,,,,,,,,,,False,never,0.0,0.0,0.0,GEN,SC,0.9090909090909091,1.0,high_confidence_gp_and_exact_samiti,aakoda,HINDOLI,True,3_fuzzy_gpname_exact_or_close_samiti_match,never,0.0,0.0,0.0,GEN,SC
290804.0,27.4031934285,73.8907741552,R,RAJASTHAN,Nagaur,NFHS4,Janewa  (West),8,112,559,82667,40463.0,Kherat,5,False,True,False,"{""40463"": 1.0}",True,40463,True,Janewa (West),Nagaur,Deh,40463,Kherat,True,40463,True,False,3_gp_no_reservation_history,40463,Kherat,Nagaur,Deh,kherat,nagaur,deh,Kherat,kherat,nagaur,nagaur,,,,,,,,,,,,False,False,False,,,,,,,,,,,False,,,,,,,,,,,,False,0_unmatched,,,,,,
290806.0,26.2046724675,73.0418566593,R,RAJASTHAN,Jodhpur,NFHS4,Sangariya,8,113,570,85021,39785.0,Sangariya,6,False,True,False,"{""39785"": 1.0}",True,39785,True,Sangariya (Ct),Jodhpur (Gramin),Kudi Bhagtasni,39785,Sangariya,True,39785,True,False,3_gp_no_reservation_history,39785,Sangariya,Jodhpur (Gramin),Kudi Bhagtasni,sangariya,jodhpurgramin,kudibhagtasni,Sangariya,sangariya,jodhpur,jodhpur,,,,,,,,,,,,False,False,False,,,,,,,,,,,False,,,,,,,,,,,,False,0_unmatched,,,,,,
290807.0,25.8750550724,74.759247271,R,RAJASTHAN,Bhilwara,NFHS4,Kothiya,8,122,629,94850,35948.0,Kothiya,5,False,True,False,"{""35948"": 1.0}",True,35948,True,Kothiya,Shahpura,Phooliya Kalan,35948,Kothiya,True,35948,True,True,4_full_coverage,35948,Kothiya,Shahpura,Phooliya Kalan,kothiya,shahpura,phooliyakalan,Kothiya,kothiya,bhilwara,bhilwara,kothiya,bhilwara,1.0,1.0,shahpura,1.0,once,1.0,once,1.0,0.0,True,True,False,1.0,0.0,OBC W,GEN,1.0,once,C_unique_gp_name_statewide,Kothiya,Shahpura,Phooliya Kalan,True,,,,,,,,,,,,False,1_original_gp_lgd_history_match,once,1.0,1.0,0.0,OBC W,GEN
290808.0,27.5655597957,77.2232067475,R,RAJASTHAN,Bharatpur,NFHS4,Pasopa,8,105,508,74271,35325.0,Pasopa,15,False,True,False,"{""35325"": 1.0}",True,35325,True,Pasopa,Deeg,Deeg,35325,Pasopa,True,35325,True,True,4_full_coverage,35325,Pasopa,Deeg,Deeg,pasopa,deeg,deeg,Pasopa,pasopa,bharatpur,bharatpur,pasopa,bharatpur,2.0,1.0,deeg,1.0,never,0.0,never,0.0,0.0,True,True,False,0.0,0.0,GEN,SC,0.0,never,C_unique_gp_name_statewide,Pasopa,Deeg,Deeg,True,,,,,,,,,,,,False,1_original_gp_lgd_history_match,never,0.0,0.0,0.0,GEN,SC
290809.0,24.2648489962,76.2305074163,R,RAJASTHAN,Jhalawar,NFHS4,Maheshpura,8,129,679,104344,39096.0,Nanor,10,False,True,False,"{""39096"": 1.0}",True,39096,True,Maheshpura,Jhalawar,Bakani,39096,Nanor,True,39096,True,False,3_gp_no_reservation_history,39096,Nanor,Jhalawar,Bakani,nanor,jhalawar,bakani,Nanor,nanor,jhalawar,jhalawar,,,,,,,,,,,,False,False,False,,,,,,,,,,,False,never,0.0,0.0,0.0,GEN,OBC,0.9090909090909091,1.0,high_confidence_gp_and_exact_samiti,nanore,BAKANI,True,3_fuzzy_gpname_exact_or_close_samiti_match,never,0.0,0.0,0.0,GEN,OBC
290810.0,28.7227857727,74.4533827477,R,RAJASTHAN,Churu,NFHS4,Pirer,8,102,483,70326,36927.0,Jaitsisar,6,False,True,False,"{""36927"": 1.0}",True,36927,True,Pirer,Churu,Bhanipura,36927,Jaitsisar,True,36927,True,True,4_full_coverage,36927,Jaitsisar,Churu,Bhanipura,jaitsisar,churu,bhanipura,Jaitsisar,jaitsisar,churu,churu,jaitsisar,churu,2.0,1.0,sardarshahar,1.0,never,0.0,never,0.0,0.0,True,True,False,0.0,0.0,GEN,GEN,0.0,never,B_exact_gp_district,Jaitsisar,Churu,Bhanipura,True,,,,,,,,,,,,False,1_original_gp_lgd_history_match,never,0.0,0.0,0.0,GEN,GEN
290811.0,25.2407631096,74.0618165884,R,RAJASTHAN,Rajsamand,NFHS4,Dangri,8,122,632,95394,35881.0,Jhadol,3,False,True,False,"{""35881"": 1.0}",True,35881,True,Dangri,Bhilwara,Raipur,35881,Jhadol,True,35881,True,True,4_full_coverage,35881,Jhadol,Bhilwara,Raipur,jhadol,bhilwara,raipur,Jhadol,jhadol,rajsamand,bhilwara,,,,,,,,,,,,False,True,False,0.0,0.0,GEN,GEN,0.0,never,A_exact_gp_district_samiti,Jhadol,Bhilwara,Raipur,True,,,,,,,,,,,,False,1_original_gp_lgd_history_match,never,0.0,0.0,0.0,GEN,GEN
290812.0,27.0222512051,74.2321611325,R,RAJASTHAN,Nagaur,NFHS4,Chua,8,112,563,83321,295053.0,Chua,7,False,True,False,"{""295053"": 1.0}",True,295053,True,Chua,Nagaur,Sanjoo,295053,Chua,True,295053,True,False,3_gp_no_reservation_history,295053,Chua,Nagaur,Degana,chua,nagaur,degana,Chua,chua,nagaur,nagaur,,,,,,,,,,,,False,False,False,,,,,,,,,,,False,,,,,,,,,,,,False,0_unmatched,,,,,,
290813.0,25.7456293726,74.4353312005,R,RAJASTHAN,Bhilwara,NFHS4,Ambesar,8,122,627,94646,35625.0,Ameshar,13,False,True,False,"{""35625"": 1.0}",True,35625,True,Ameshar,Bhilwara,Antali,35625,Ameshar,True,35625,True,False,3_gp_no_reservation_history,35625,Ameshar,Bhilwara,Antali,ameshar,bhilwara,antali,Ameshar,ameshar,bhilwara,bhilwara,,,,,,,,,,,,False,False,False,,,,,,,,,,,False,,,,,,,,,,,,False,0_unmatched,,,,,,
290816.0,28.3566296675,74.8525455767,R,RAJASTHAN,Churu,NFHS4,Bas Ghantel,8,102,484,70494,36797.0,Ghantel,6,False,True,False,"{""36797"": 1.0}",True,36797,True,Bas Ghantel,Churu,Churu,36797,Ghantel,True,36797,True,True,4_full_coverage,36797,Ghantel,Churu,Churu,ghantel,churu,churu,Ghantel,ghantel,churu,churu,ghantel,churu,1.0,1.0,churu,1.0,once,1.0,once,1.0,0.0,True,True,False,1.0,0.0,GEN W,GEN,1.0,once,A_exact_gp_district_samiti,Ghantel,Churu,Churu,True,,,,,,,,,,,,False,1_original_gp_lgd_history_match,once,1.0,1.0,0.0,GEN W,GEN
290817.0,26.8046964267,77.0444785017,R,RAJASTHAN,Karauli,NFHS4,Gaddipura,8,107,522,76475,,,17,False,True,False,{},True,,False,Gaddipura,Karauli,Suroth,39987,Lahchora,True,39987,True,False,3_gp_no_reservation_history,39987,Lahchora,Karauli,Suroth,lahchora,karauli,suroth,Lahchora,lahchora,karauli,karauli,,,,,,,,,,,,False,False,False,,,,,,,,,,,False,,,,,,,,,,,,False,0_unmatched,,,,,,
290818.0,27.9103075423,76.2147258228,R,RAJASTHAN,Alwar,NFHS4,Khohri,8,104,493,71924,33917.0,Khohri,11,False,True,False,"{""33917"": 1.0}",True,33917,True,Khohri,Kotputli-Behror,Behror,33917,Khohri,True,33917,True,False,3_gp_no_reservation_history,33917,Khohri,Kotputli-Behror,Behror,khohri,kotputlibehror,behror,Khohri,khohri,alwar,jaipur,,,,,,,,,,,,False,False,False,,,,,,,,,,,False,,,,,,,,,,,,False,0_unmatched,,,,,,
290819.0,26.7937003198,76.1809393376,R,RAJASTHAN,Jaipur,NFHS4,Rampura  Chandaliya,8,110,549,80861,294296.0,Ugawas,9,False,True,False,"{""294296"": 1.0}",True,294296,True,Rampura @ Chandaliya,Jaipur (Gramin),Toonga,294296,Ugawas,True,294296,True,False,3_gp_no_reservation_history,294296,Ugawas,Jaipur (Gramin),Toonga,ugawas,jaipurgramin,toonga,Ugawas,ugawas,jaipur,jaipur,,,,,,,,,,,,False,False,False,,,,,,,,,,,False,,,,,,,,,,,,False,0_unmatched,,,,,,
290821.0,25.4182965223,74.6215232784,R,RAJASTHAN,Bhilwara,NFHS4,Raneegpura,8,122,630,95088,35674.0,Chamanpura,9,False,True,False,"{""35674"": 1.0}",True,35674,True,Raningpura,Shahpura,Banera,35674,Chamanpura,True,35674,True,True,4_full_coverage,35674,Chamanpura,Shahpura,Banera,chamanpura,shahpura,banera,Chamanpura,chamanpura,bhilwara,bhilwara,chamanpura,bhilwara,1.0,1.0,banera,1.0,once,1.0,once,0.0,1.0,True,True,False,0.0,1.0,SC,GENW,1.0,once,C_unique_gp_name_statewide,Chamanpura,Shahpura,Banera,True,,,,,,,,,,,,False,1_original_gp_lgd_history_match,once,1.0,0.0,1.0,SC,GENW
290822.0,27.7714793833,76.6560340794,R,RAJASTHAN,Alwar,NFHS4,Patan Mewan,8,104,497,72504,33993.0,Patan Mewan,14,False,True,False,"{""33993"": 1.0}",True,33993,True,Patan Mewan,Khairthal-Tijara,Khairthal,33993,Patan Mewan,True,33993,True,True,4_full_coverage,33993,Patan Mewan,Khairthal-Tijara,Khairthal,patanmewan,khairthaltijara,khairthal,Patan Mewan,patanmewan,alwar,alwar,patanmewan,alwar,1.0,1.0,kishangarhbas,1.0,never,0.0,never,0.0,0.0,True,True,False,0.0,0.0,GEN,GEN,0.0,never,C_unique_gp_name_statewide,Patan Mewan,Khairthal-Tijara,Khairthal,True,,,,,,,,,,,,False,1_original_gp_lgd_history_match,never,0.0,0.0,0.0,GEN,GEN
290823.0,25.9718698127,75.7036037009,R,RAJASTHAN,Tonk,NFHS4,Thali,8,120,618,93092,42154.0,Bharni,10,False,True,False,"{""42154"": 1.0}",True,42154,True,Thali,Tonk,Tonk,42154,Bharni,True,42154,True,True,4_full_coverage,42154,Bharni,Tonk,Tonk,bharni,tonk,tonk,Bharni,bharni,tonk,tonk,bharni,tonk,1.0,1.0,tonk,1.0,never,0.0,never,0.0,0.0,True,True,False,0.0,0.0,OBC,GEN,0.0,never,A_exact_gp_district_samiti,Bharni,Tonk,Tonk,True,,,,,,,,,,,,False,1_original_gp_lgd_history_match,never,0.0,0.0,0.0,OBC,GEN
290824.0,27.6701453336,75.1690740842,R,RAJASTHAN,Sikar,NFHS4,Bhadwasi,8,111,553,81557,41782.0,Bhadwasi,10,False,True,False,"{""41782"": 1.0}",True,41782,True,Bhadwasi,Sikar,Sikar,41782,Bhadwasi,True,41782,True,True,4_full_coverage,41782,Bhadwasi,Sikar,Sikar,bhadwasi,sikar,sikar,Bhadwasi,bhadwasi,sikar,sikar,bhadwasi,sikar,1.0,1.0,piprali,1.0,twice,2.0,twice,1.0,1.0,True,True,False,1.0,1.0,OBC W,GENW,2.0,twice,B_exact_gp_district,Bhadwasi,Sikar,Sikar,True,,,,,,,,,,,,False,1_original_gp_lgd_history_match,twice,2.0,1.0,1.0,OBC W,GENW
290825.0,25.2755318023,73.4668448613,R,RAJASTHAN,Pali,NFHS4,Ana,8,118,603,91174,40836.0,Aana,8,False,True,False,"{""40836"": 1.0}",True,40836,True,Ana,Pali,Desuri,40836,Aana,True,40836,True,True,4_full_coverage,40836,Aana,Pali,Desuri,aana,pali,desuri,Aana,aana,pali,pali,aana,pali,2.0,1.0,desuri,1.0,twice,2.0,twice,1.0,1.0,True,True,False,1.0,1.0,GEN W,OBCW,2.0,twice,A_exact_gp_district_samiti,Aana,Pali,Desuri,True,,,,,,,,,,,,False,1_original_gp_lgd_history_match,twice,2.0,1.0,1.0,GEN W,OBCW
290828.0,24.4063348031,73.1468042668,R,RAJASTHAN,Udaipur,NFHS4,Naya Was,8,130,687,105989,262400.0,Ambava,8,False,True,False,"{""262400"": 1.0}",True,262400,True,Naya Was,Udaipur,Kotra,262400,Ambava,True,262400,True,False,3_gp_no_reservation_history,262400,Ambava,Udaipur,Gogunda,ambava,udaipur,gogunda,Ambava,ambava,udaipur,udaipur,,,,,,,,,,,,False,False,False,,,,,,,,,,,False,,,,,,,,,,,,False,0_unmatched,,,,,,
290830.0,27.6572090555,73.1532847137,R,RAJASTHAN,Bikaner,NFHS4,Bandhala,8,101,477,69618,262334.0,Bandhala,7,False,True,False,"{""262334"": 1.0}",True,262334,True,Bandhala,Bikaner,Nokha,262334,Bandhala,True,262334,True,False,3_gp_no_reservation_history,262334,Bandhala,Bikaner,Nokha,bandhala,bikaner,nokha,Bandhala,bandhala,bikaner,bikaner,,,,,,,,,,,,False,False,False,,,,,,,,,,,False,,,,,,,,,,,,False,0_unmatched,,,,,,
290831.0,25.6636970228,74.0860739924,R,RAJASTHAN,Rajsamand,NFHS4,Arjungarh,8,123,640,96551,294936.0,Sohangarh,7,False,True,False,"{""294936"": 1.0}",True,294936,True,Arjungarh,Rajsamand,Deogarh,294936,Sohangarh,True,294936,True,False,3_gp_no_reservation_history,294936,Sohangarh,Rajsamand,Deogarh,sohangarh,rajsamand,deogarh,Sohangarh,sohangarh,rajsamand,rajsamand,,,,,,,,,,,,False,False,False,,,,,,,,,,,False,,,,,,,,,,,,False,0_unmatched,,,,,,
290832.0,28.2513143017,72.8543739246,R,RAJASTHAN,Bikaner,NFHS4,1 BM-3BD  (Shiv Nagar),8,101,474,69192,36051.0,Shivnagar,3,False,True,False,"{""36051"": 1.0}",True,36051,True,Shiv Nagar (3 Bd),Bikaner,Poogal,36051,Shivnagar,True,36051,True,False,3_gp_no_reservation_history,36051,Shivnagar,Bikaner,Poogal,shivnagar,bikaner,poogal,Shivnagar,shivnagar,bikaner,bikaner,,,,,,,,,,,,False,False,False,,,,,,,,,,,False,,,,,,,,,,,,False,0_unmatched,,,,,,
290833.0,24.8463170378,73.9446983288,R,RAJASTHAN,Udaipur,NFHS4,Bariyar,8,130,685,105423,42588.0,Badiyar,10,False,True,False,"{""42588"": 1.0}",True,42588,True,Bariyar,Udaipur,Mavli,42588,Badiyar,True,42588,True,False,3_gp_no_reservation_history,42588,Badiyar,Udaipur,Mavli,badiyar,udaipur,mavli,Badiyar,badiyar,udaipur,udaipur,,,,,,,,,,,,False,False,False,,,,,,,,,,,False,,,,,,,,,,,,False,0_unmatched,,,,,,
290834.0,25.0702908947,73.6313053438,R,RAJASTHAN,Rajsamand,NFHS4,Dhoran,8,123,642,96951,41248.0,Morcha,14,False,True,False,"{""41248"": 1.0}",True,41248,True,Dhoran,Rajsamand,Kumbhalgarh,41248,Morcha,True,41248,True,True,4_full_coverage,41248,Morcha,Rajsamand,Kumbhalgarh,morcha,rajsamand,kumbhalgarh,Morcha,morcha,rajsamand,rajsamand,morcha,rajsamand,1.0,1.0,kumbhalgarh,1.0,once,1.0,once,1.0,0.0,True,True,False,1.0,0.0,GEN W,GEN,1.0,once,A_exact_gp_district_samiti,Morcha,Rajsamand,Kumbhalgarh,True,,,,,,,,,,,,False,1_original_gp_lgd_history_match,once,1.0,1.0,0.0,GEN W,GEN
290837.0,25.8074386834,72.3517776971,R,RAJASTHAN,Barmer,NFHS4,Sarana,8,115,579,87437,34917.0,Sarana,8,False,True,False,"{""34917"": 1.0}",True,34917,True,Sarana,Balotra,Pachpadra,34917,Sarana,True,34917,True,False,3_gp_no_reservation_history,34917,Sarana,Balotra,Pachpadra,sarana,balotra,pachpadra,Sarana,sarana,barmer,barmer,,,,,,,,,,,,False,False,False,,,,,,,,,,,False,,,,,,,,,,,,False,0_unmatched,,,,,,
290840.0,25.2502158323,74.4450201648,R,RAJASTHAN,Bhilwara,NFHS4,Kalyan Pura,8,122,634,95591,35994.0,Swaroopganj,10,False,True,False,"{""35994"": 1.0}",True,35994,True,Kalyan Pura,Bhilwara,Hameergarh,35994,Swaroopganj,True,35994,True,False,3_gp_no_reservation_history,35994,Swaroopganj,Bhilwara,Hameergarh,swaroopganj,bhilwara,hameergarh,Swaroopganj,swaroopganj,bhilwara,bhilwara,,,,,,,,,,,,False,False,False,,,,,,,,,,,False,,,,,,,,,,,,False,0_unmatched,,,,,,
290843.0,26.8351547551,76.9647006327,R,RAJASTHAN,Karauli,NFHS4,Deolen,8,107,520,76293,40143.0,Deolen,16,False,True,False,"{""40143"": 1.0}",True,40143,True,Deolen,Gangapurcity,Todabhim,40143,Deolen,True,40143,True,False,3_gp_no_reservation_history,40143,Deolen,Gangapurcity,Todabhim,deolen,gangapurcity,todabhim,Deolen,deolen,karauli,sawaimadhopur,,,,,,,,,,,,False,False,False,,,,,,,,,,,False,,,,,,,,,,,,False,0_unmatched,,,,,,
290845.0,26.4156479855,76.5716369193,R,RAJASTHAN,Sawai Madhopur,NFHS4,Barh Palasod,8,108,527,77326,41356.0,Sumel,13,False,True,False,"{""41356"": 1.0}",True,41356,True,Barh Palasod,Gangapurcity,Barnala,41356,Sumel,True,41356,True,False,3_gp_no_reservation_history,41356,Sumel,Gangapurcity,Barnala,sumel,gangapurcity,barnala,Sumel,sumel,sawaimadhopur,sawaimadhopur,sumel,sawaimadhopur,1.0,1.0,bamanwas,1.0,once,1.0,once,1.0,0.0,True,True,True,,,,,,,,,,,False,,,,,,,,,,,,False,2_direct_gpname_dhsdistrict_match,once,1.0,1.0,0.0,,
290847.0,27.4047266929,75.7134898793,R,RAJASTHAN,Sikar,NFHS4,Lisariya,8,111,555,82154,41835.0,Lisariya,7,False,True,False,"{""41835"": 1.0}",True,41835,True,Lisariya,Neem Ka Thana,Shrimadhopur,41835,Lisariya,True,41835,True,False,3_gp_no_reservation_history,41835,Lisariya,Neem Ka Thana,Shrimadhopur,lisariya,neemkathana,shrimadhopur,Lisariya,lisariya,sikar,sikar,,,,,,,,,,,,False,False,False,,,,,,,,,,,False,,,,,,,,,,,,False,0_unmatched,,,,,,
290848.0,24.516032847,74.3029977129,R,RAJASTHAN,Chittaurgarh,NFHS4,Bhana-Kheri,8,126,661,101129,36614.0,Biloda,8,False,True,False,"{""36614"": 1.0}",True,36614,True,Bhana-Kheri,Chittorgarh,Dungla,36614,Biloda,True,36614,True,False,3_gp_no_reservation_history,36614,Biloda,Chittorgarh,Dungla,biloda,chittorgarh,dungla,Biloda,biloda,chittorgarh,chittorgarh,,,,,,,,,,,,False,False,False,,,,,,,,,,,False,twice,2.0,1.0,1.0,OBC W,OBCW,1.0,1.0,high_confidence_gp_and_exact_samiti,biloda,DUNGLA,True,3_fuzzy_gpname_exact_or_close_samiti_match,twice,2.0,1.0,1.0,OBC W,OBCW
290849.0,26.0633362369,74.1293017667,R,RAJASTHAN,Pali,NFHS4,Kaya Bheela,8,118,598,90516,40977.0,Jhala Ki Chowki,7,False,True,False,"{""40977"": 1.0}",True,40977,True,Kaya Bheela,Beawar,Raipur,40977,Jhala Ki Chowki,True,40977,True,False,3_gp_no_reservation_history,40977,Jhala Ki Chowki,Beawar,Raipur,jhalakichowki,beawar,raipur,Jhala Ki Chowki,jhalakichowki,pali,ajmer,,,,,,,,,,,,False,False,False,,,,,,,,,,,False,,,,,,,,,,,,False,0_unmatched,,,,,,
290851.0,25.5855466206,74.862912813,R,RAJASTHAN,Bhilwara,NFHS4,Daulatpura,8,122,629,94983,35939.0,Daulatpura,7,False,True,False,"{""35939"": 1.0}",True,35939,True,Daulatpura,Shahpura,Phooliya Kalan,35939,Daulatpura,True,35939,True,False,3_gp_no_reservation_history,35939,Daulatpura,Shahpura,Phooliya Kalan,daulatpura,shahpura,phooliyakalan,Daulatpura,daulatpura,bhilwara,bhilwara,,,,,,,,,,,,False,False,False,,,,,,,,,,,False,,,,,,,,,,,,False,0_unmatched,,,,,,
290852.0,25.6383158858,72.9929360149,R,RAJASTHAN,Pali,NFHS4,Dewan,8,118,600,90755,41041.0,Kulthana,3,False,True,False,"{""41041"": 1.0}",True,41041,True,Dewan,Pali,Rohat,41041,Kulthana,True,41041,True,True,4_full_coverage,41041,Kulthana,Pali,Rohat,kulthana,pali,rohat,Kulthana,kulthana,pali,pali,kulthana,pali,1.0,1.0,rohat,1.0,never,0.0,never,0.0,0.0,True,True,False,0.0,0.0,ST,OBC,0.0,never,A_exact_gp_district_samiti,Kulthana,Pali,Rohat,True,,,,,,,,,,,,False,1_original_gp_lgd_history_match,never,0.0,0.0,0.0,ST,OBC
290853.0,23.5974876293,73.7333854984,R,RAJASTHAN,Dungarpur,NFHS4,Bhana Seemal,8,124,649,98242,37478.0,Karawara,20,False,True,False,"{""37478"": 1.0}",True,37478,True,Bhana Seemal,Dungarpur,Jhonthripal,37478,Karawara,True,37478,True,False,3_gp_no_reservation_history,37478,Karawara,Dungarpur,Jhonthripal,karawara,dungarpur,jhonthripal,Karawara,karawara,dungarpur,dungarpur,,,,,,,,,,,,False,False,False,,,,,,,,,,,False,,,,,,,,,,,,False,0_unmatched,,,,,,
290855.0,26.3718440144,73.2316487479,R,RAJASTHAN,Jodhpur,NFHS4,Jajiwal Kalan,8,113,570,84983,39802.0,Jajiwal Kalan,9,False,True,False,"{""39802"": 1.0}",True,39802,True,Jajiwal Kalan,Jodhpur,Jodhpur,39802,Jajiwal Kalan,True,39802,True,True,4_full_coverage,39802,Jajiwal Kalan,Jodhpur,Jodhpur,jajiwalkalan,jodhpur,jodhpur,Jajiwal Kalan,jajiwalkalan,jodhpur,jodhpur,jajiwalkalan,jodhpur,1.0,1.0,mandor,1.0,once,1.0,once,0.0,1.0,True,True,False,0.0,1.0,GEN,GENW,1.0,once,B_exact_gp_district,Jajiwal Kalan,Jodhpur,Jodhpur,True,,,,,,,,,,,,False,1_original_gp_lgd_history_match,once,1.0,0.0,1.0,GEN,GENW
290856.0,26.1492704999,73.9987024088,R,RAJASTHAN,Pali,NFHS4,Nimaj,8,118,597,90409,40882.0,Nimaj,7,False,True,False,"{""40882"": 1.0}",True,40882,True,Nimaj,Beawar,Jaitaran,40882,Nimaj,True,40882,True,True,4_full_coverage,40882,Nimaj,Beawar,Jaitaran,nimaj,beawar,jaitaran,Nimaj,nimaj,pali,ajmer,nimaj,pali,1.0,1.0,jaitaran,1.0,once,1.0,once,0.0,1.0,True,True,False,0.0,1.0,GEN,OBCW,1.0,once,C_unique_gp_name_statewide,Nimaj,Beawar,Jaitaran,True,,,,,,,,,,,,False,1_original_gp_lgd_history_match,once,1.0,0.0,1.0,GEN,OBCW
290857.0,25.9559204227,75.5958424341,R,RAJASTHAN,Tonk,NFHS4,Deorawas,8,120,620,93361,42011.0,Dewarawas,7,False,True,False,"{""42011"": 1.0}",True,42011,True,Deorawas,Tonk,Dooni,42011,Dewarawas,True,42011,True,False,3_gp_no_reservation_history,42011,Dewarawas,Tonk,Dooni,dewarawas,tonk,dooni,Dewarawas,dewarawas,tonk,tonk,,,,,,,,,,,,False,False,False,,,,,,,,,,,False,,,,,,,,,,,,False,0_unmatched,,,,,,
290858.0,29.6696195761,74.3899891671,R,RAJASTHAN,Hanumangarh,NFHS4,15 MKS,8,100,466,67288,38085.0,Manaksar,8,False,True,False,"{""38085"": 1.0}",True,38085,True,15 Mks,Hanumangarh,Sangaria,38085,Manaksar,True,38085,True,False,3_gp_no_reservation_history,38085,Manaksar,Hanumangarh,Sangaria,manaksar,hanumangarh,sangaria,Manaksar,manaksar,hanumangarh,hanumangarh,,,,,,,,,,,,False,False,False,,,,,,,,,,,False,,,,,,,,,,,,False,0_unmatched,,,,,,
290860.0,26.3612180263,76.8816656441,R,RAJASTHAN,Karauli,NFHS4,Ghurakar,8,107,523,76791,40007.0,Atewa,8,False,True,False,"{""40007"": 1.0}",True,40007,True,Ghurakar,Karauli,Karauli,40007,Atewa,True,40007,True,True,4_full_coverage,40007,Atewa,Karauli,Karauli,atewa,karauli,karauli,Atewa,atewa,karauli,karauli,atewa,karauli,1.0,1.0,karauli,1.0,twice,2.0,twice,1.0,1.0,True,True,False,1.0,1.0,ST W,OBCW,2.0,twice,A_exact_gp_district_samiti,Atewa,Karauli,Karauli,True,,,,,,,,,,,,False,1_original_gp_lgd_history_match,twice,2.0,1.0,1.0,ST W,OBCW
290861.0,24.3593966916,76.6959487066,R,RAJASTHAN,Jhalawar,NFHS4,Kamkhera,8,129,681,104665,39248.0,Kamkhera,11,False,True,False,"{""39248"": 1.0}",True,39248,True,Kamkhera,Jhalawar,Manohar Thana,39248,Kamkhera,True,39248,True,False,3_gp_no_reservation_history,39248,Kamkhera,Jhalawar,Manohar Thana,kamkhera,jhalawar,manoharthana,Kamkhera,kamkhera,jhalawar,jhalawar,,,,,,,,,,,,False,False,False,,,,,,,,,,,False,,,,,,,,,,,,False,0_unmatched,,,,,,
290862.0,26.9805052647,76.4859636193,R,RAJASTHAN,Dausa,NFHS4,Bas Gurhaliya,8,109,533,77960,37054.0,Gurhaliya,16,False,True,False,"{""37054"": 1.0}",True,37054,True,Bas Gurhaliya,Dausa,Bandikui,37054,Gurhaliya,True,37054,True,False,3_gp_no_reservation_history,37054,Gurhaliya,Dausa,Bandikui,gurhaliya,dausa,bandikui,Gurhaliya,gurhaliya,dausa,dausa,,,,,,,,,,,,False,False,False,,,,,,,,,,,False,,,,,,,,,,,,False,0_unmatched,,,,,,
290863.0,27.1653265034,76.9894060324,R,RAJASTHAN,Bharatpur,NFHS4,Alipur,8,105,512,74850,35578.0,Alipur,5,False,True,False,"{""35578"": 1.0}",True,35578,True,Alipur,Bharatpur,Bhusawar,35578,Alipur,True,35578,True,True,4_full_coverage,35578,Alipur,Bharatpur,Bhusawar,alipur,bharatpur,bhusawar,Alipur,alipur,bharatpur,bharatpur,alipur,bharatpur,1.0,1.0,weir,1.0,once,1.0,once,0.0,1.0,True,True,False,0.0,1.0,OBC,STW,1.0,once,B_exact_gp_district,Alipur,Bharatpur,Bhusawar,True,,,,,,,,,,,,False,1_original_gp_lgd_history_match,once,1.0,0.0,1.0,OBC,STW
290864.0,24.65767031,73.8850208179,R,RAJASTHAN,Udaipur,NFHS4,Nahar Magra,8,130,685,105511,,,15,False,True,False,{},True,,False,Nahar Magra,Udaipur,Ghasa,42618,Nandwel,True,42618,True,False,3_gp_no_reservation_history,42618,Nandwel,Udaipur,Ghasa,nandwel,udaipur,ghasa,Nandwel,nandwel,udaipur,udaipur,,,,,,,,,,,,False,False,False,,,,,,,,,,,False,,,,,,,,,,,,False,0_unmatched,,,,,,
290865.0,26.2866259195,76.7835565583,R,RAJASTHAN,Karauli,NFHS4,Mijhaura,8,107,525,76996,40086.0,Bajna,10,False,True,False,"{""40086"": 1.0}",True,40086,True,Mijhaura,Karauli,Sapotra,40086,Bajna,True,40086,True,False,3_gp_no_reservation_history,40086,Bajna,Karauli,Sapotra,bajna,karauli,sapotra,Bajna,bajna,karauli,karauli,,,,,,,,,,,,False,False,False,,,,,,,,,,,False,,,,,,,,,,,,False,0_unmatched,,,,,,
290866.0,29.2055243789,73.4360752908,R,RAJASTHAN,Ganganagar,NFHS4,48 GB-B,8,99,464,66457,37699.0,50 Gb,8,False,True,False,"{""37699"": 1.0}",True,37699,True,48 Gb-B,Anupgarh,Vijainagar,37699,50 Gb,True,37699,True,False,3_gp_no_reservation_history,37699,50 Gb,Anupgarh,Vijainagar,50gb,anupgarh,vijainagar,50 Gb,50gb,ganganagar,ganganagar,,,,,,,,,,,,False,False,False,,,,,,,,,,,False,,,,,,,,,,,,False,0_unmatched,,,,,,
290867.0,23.3468533411,74.1363653646,R,RAJASTHAN,Banswara,NFHS4,Gamana,8,125,653,99348,34347.0,Karda,17,False,True,False,"{""34347"": 1.0}",True,34347,True,Gamana,Banswara,Anandpuri,34347,Karda,True,34347,True,True,4_full_coverage,34347,Karda,Banswara,Anandpuri,karda,banswara,anandpuri,Karda,karda,banswara,banswara,karda,banswara,1.0,1.0,anandpuri,1.0,twice,2.0,twice,1.0,1.0,True,True,False,1.0,1.0,ST W,STW,2.0,twice,A_exact_gp_district_samiti,Karda,Banswara,Anandpuri,True,,,,,,,,,,,,False,1_original_gp_lgd_history_match,twice,2.0,1.0,1.0,ST W,STW
290868.0,27.5125033432,76.7125519558,R,RAJASTHAN,Alwar,NFHS4,Rundh Dhooninath,8,104,498,72575,262077.0,Bagar Meo,16,False,True,False,"{""262077"": 1.0}",True,262077,True,Rundh Dhooninath,Alwar,Ramgarh,262077,Bagar Meo,True,262077,True,False,3_gp_no_reservation_history,262077,Bagar Meo,Alwar,Ramgarh,bagarmeo,alwar,ramgarh,Bagar Meo,bagarmeo,alwar,alwar,,,,,,,,,,,,False,False,False,,,,,,,,,,,False,,,,,,,,,,,,False,0_unmatched,,,,,,
290870.0,25.9232813065,74.8430643175,R,RAJASTHAN,Ajmer,NFHS4,Bagrai,8,119,612,92267,33631.0,Gurha Khurd,6,False,True,False,"{""33631"": 1.0}",True,33631,True,Bagrai,Kekri,Bhinay,33631,Gurha Khurd,True,33631,True,False,3_gp_no_reservation_history,33631,Gurha Khurd,Kekri,Bhinay,gurhakhurd,kekri,bhinay,Gurha Khurd,gurhakhurd,ajmer,ajmer,,,,,,,,,,,,False,False,False,,,,,,,,,,,False,never,0.0,0.0,0.0,GEN,GEN,0.9,1.0,high_confidence_gp_and_exact_samiti,gudhakhurd,BHINAY,True,3_fuzzy_gpname_exact_or_close_samiti_match,never,0.0,0.0,0.0,GEN,GEN
290872.0,27.6965368516,74.6066845659,R,RAJASTHAN,Nagaur,NFHS4,Lodsar,8,112,557,82396,40566.0,Tanwara,2,False,True,False,"{""40566"": 1.0}",True,40566,True,Lodsar,Didwana-Kuchaman,Ladnu,40566,Tanwara,True,40566,True,True,4_full_coverage,40566,Tanwara,Didwana-Kuchaman,Ladnu,tanwara,didwanakuchaman,ladnu,Tanwara,tanwara,nagaur,nagaur,tanwara,nagaur,1.0,1.0,ladnu,1.0,never,0.0,never,0.0,0.0,True,True,False,0.0,0.0,OBC,GEN,0.0,never,C_unique_gp_name_statewide,Tanwara,Didwana-Kuchaman,Ladnu,True,,,,,,,,,,,,False,1_original_gp_lgd_history_match,never,0.0,0.0,0.0,OBC,GEN
290873.0,23.4507687995,73.9834830091,R,RAJASTHAN,Dungarpur,NFHS4,Tamboliya,8,124,648,98170,262374.0,Ramsor,9,False,True,False,"{""262374"": 1.0}",True,262374,True,Tamboliya,Dungarpur,Galiyakot,262374,Ramsor,True,262374,True,False,3_gp_no_reservation_history,262374,Ramsor,Dungarpur,Galiyakot,ramsor,dungarpur,galiyakot,Ramsor,ramsor,dungarpur,dungarpur,,,,,,,,,,,,False,False,False,,,,,,,,,,,False,,,,,,,,,,,,False,0_unmatched,,,,,,
290875.0,25.0524095962,75.6234219813,R,RAJASTHAN,Bundi,NFHS4,Dhaneshwar,8,121,626,94552,36348.0,Dhaneshwar,3,False,True,False,"{""36348"": 1.0}",True,36348,True,Dhaneshwar,Bundi,Talera,36348,Dhaneshwar,True,36348,True,True,4_full_coverage,36348,Dhaneshwar,Bundi,Talera,dhaneshwar,bundi,talera,Dhaneshwar,dhaneshwar,bundi,bundi,dhaneshwar,bundi,1.0,1.0,talera,1.0,twice,2.0,twice,1.0,1.0,True,True,False,1.0,1.0,GEN W,GENW,2.0,twice,A_exact_gp_district_samiti,Dhaneshwar,Bundi,Talera,True,,,,,,,,,,,,False,1_original_gp_lgd_history_match,twice,2.0,1.0,1.0,GEN W,GENW
290876.0,23.9977193467,74.914828408,R,RAJASTHAN,Pratapgarh,NFHS4,Theekariya,8,131,699,108660,36720.0,Barotha,12,False,True,False,"{""36720"": 1.0}",True,36720,True,Theekariya,Pratapgarh,Pratapgarh,36720,Barotha,True,36720,True,True,4_full_coverage,36720,Barotha,Pratapgarh,Pratapgarh,barotha,pratapgarh,pratapgarh,Barotha,barotha,pratapgarh,pratapgarh,barotha,pratapgarh,1.0,1.0,pratapgarh,1.0,once,1.0,once,1.0,0.0,True,True,False,1.0,0.0,ST W,ST,1.0,once,A_exact_gp_district_samiti,Barotha,Pratapgarh,Pratapgarh,True,,,,,,,,,,,,False,1_original_gp_lgd_history_match,once,1.0,1.0,0.0,ST W,ST
290877.0,25.9492142235,76.5840652703,R,RAJASTHAN,Sawai Madhopur,NFHS4,Mei Khurd,8,108,532,77839,41461.0,Mei Kalan,5,False,True,False,"{""41461"": 1.0}",True,41461,True,Mei Khurd,Sawai Madhopur,Khandar,41461,Mei Kalan,True,41461,True,False,3_gp_no_reservation_history,41461,Mei Kalan,Sawai Madhopur,Khandar,meikalan,sawaimadhopur,khandar,Mei Kalan,meikalan,sawaimadhopur,sawaimadhopur,,,,,,,,,,,,False,False,False,,,,,,,,,,,False,,,,,,,,,,,,False,0_unmatched,,,,,,
290878.0,26.5706703923,76.3352486802,R,RAJASTHAN,Dausa,NFHS4,Shyonanda,8,109,537,78956,262532.0,Indawa,13,False,True,False,"{""262532"": 1.0}",True,262532,True,Shyonanda,Dausa,Lalsot,262532,Indawa,True,262532,True,False,3_gp_no_reservation_history,262532,Indawa,Dausa,Lalsot,indawa,dausa,lalsot,Indawa,indawa,dausa,dausa,,,,,,,,,,,,False,False,False,,,,,,,,,,,False,,,,,,,,,,,,False,0_unmatched,,,,,,
290880.0,23.7282980777,74.1811847728,R,RAJASTHAN,Banswara,NFHS4,Samagara,8,125,651,98683,294615.0,Samagada,13,False,True,False,"{""294615"": 1.0}",True,294615,True,Samagada,Banswara,Garhi,294615,Samagada,True,294615,True,False,3_gp_no_reservation_history,294615,Samagada,Banswara,Garhi,samagada,banswara,garhi,Samagada,samagada,banswara,banswara,,,,,,,,,,,,False,False,False,,,,,,,,,,,False,,,,,,,,,,,,False,0_unmatched,,,,,,
290882.0,28.7110093102,74.591932152,R,RAJASTHAN,Churu,NFHS4,Boghera,8,102,483,70320,36918.0,Boghera,5,False,True,False,"{""36918"": 1.0}",True,36918,True,Boghera,Churu,Bhanipura,36918,Boghera,True,36918,True,False,3_gp_no_reservation_history,36918,Boghera,Churu,Bhanipura,boghera,churu,bhanipura,Boghera,boghera,churu,churu,,,,,,,,,,,,False,False,False,,,,,,,,,,,False,,,,,,,,,,,,False,0_unmatched,,,,,,
290883.0,24.9485201371,72.1512559147,R,RAJASTHAN,Jalor,NFHS4,Sanwlawas,8,116,591,89779,38994.0,Vandhar,8,False,True,False,"{""38994"": 1.0}",True,38994,True,Sanwlawas,Sanchore,Raniwara,38994,Vandhar,True,38994,True,True,4_full_coverage,38994,Vandhar,Sanchore,Raniwara,vandhar,sanchore,raniwara,Vandhar,vandhar,jalore,jalore,vandhar,jalore,1.0,1.0,raniwara,1.0,never,0.0,never,0.0,0.0,True,True,False,0.0,0.0,SC,OBC,0.0,never,C_unique_gp_name_statewide,Vandhar,Sanchore,Raniwara,True,,,,,,,,,,,,False,1_original_gp_lgd_history_match,never,0.0,0.0,0.0,SC,OBC
290884.0,27.7317252486,74.976543243,R,RAJASTHAN,Sikar,NFHS4,Dalmas,8,111,552,81453,41688.0,Bhojasar Bara,9,False,True,False,"{""41688"": 1.0}",True,41688,True,Dalmas,Sikar,Lachhmangarh,41688,Bhojasar Bara,True,41688,True,False,3_gp_no_reservation_history,41688,Bhojasar Bara,Sikar,Lachhmangarh,bhojasarbara,sikar,lachhmangarh,Bhojasar Bara,bhojasarbara,sikar,sikar,,,,,,,,,,,,False,False,False,,,,,,,,,,,False,,,,,,,,,,,,False,0_unmatched,,,,,,
290886.0,24.7726977837,72.3067397078,R,RAJASTHAN,Jalor,NFHS4,Fatapura,8,116,591,89812,38985.0,Malwara,6,False,True,False,"{""38985"": 1.0}",True,38985,True,Fatapura,Sanchore,Raniwara,38985,Malwara,True,38985,True,False,3_gp_no_reservation_history,38985,Malwara,Sanchore,Raniwara,malwara,sanchore,raniwara,Malwara,malwara,jalore,jalore,,,,,,,,,,,,False,False,False,,,,,,,,,,,False,,,,,,,,,,,,False,0_unmatched,,,,,,
290887.0,25.9240275729,75.8839724972,R,RAJASTHAN,Tonk,NFHS4,Khatola,8,120,621,93568,42224.0,Ranipura,9,False,True,False,"{""42224"": 1.0}",True,42224,True,Khatola,Tonk,Nagarfort,42224,Ranipura,True,42224,True,True,4_full_coverage,42224,Ranipura,Tonk,Nagarfort,ranipura,tonk,nagarfort,Ranipura,ranipura,tonk,tonk,ranipura,tonk,1.0,1.0,uniara,1.0,twice,2.0,twice,1.0,1.0,True,True,False,1.0,1.0,GEN W,STW,2.0,twice,B_exact_gp_district,Ranipura,Tonk,Nagarfort,True,,,,,,,,,,,,False,1_original_gp_lgd_history_match,twice,2.0,1.0,1.0,GEN W,STW
290890.0,26.5023274174,71.7415860781,R,RAJASTHAN,Jaisalmer,NFHS4,Longasar,8,114,575,86430,262618.0,Dholasar,4,False,True,False,"{""262618"": 1.0}",True,262618,True,Longasar,Jaisalmer,Phalsoond,262618,Dholasar,True,262618,True,False,3_gp_no_reservation_history,262618,Dholasar,Jaisalmer,Phalsoond,dholasar,jaisalmer,phalsoond,Dholasar,dholasar,jaisalmer,jaisalmer,,,,,,,,,,,,False,False,False,,,,,,,,,,,False,,,,,,,,,,,,False,0_unmatched,,,,,,
290892.0,23.7656897877,74.0961446185,R,RAJASTHAN,Dungarpur,NFHS4,Nava Tapra,8,124,648,97975,37573.0,Parda Saroda,11,False,True,False,"{""37573"": 1.0}",True,37573,True,Nava Tapra,Dungarpur,Sagwara,37573,Parda Saroda,True,37573,True,True,4_full_coverage,37573,Parda Saroda,Dungarpur,Sagwara,pardasaroda,dungarpur,sagwara,Parda Saroda,pardasaroda,dungarpur,dungarpur,pardasaroda,dungarpur,1.0,1.0,sagwara,1.0,never,0.0,never,0.0,0.0,True,True,False,0.0,0.0,ST,ST,0.0,never,A_exact_gp_district_samiti,Parda Saroda,Dungarpur,Sagwara,True,,,,,,,,,,,,False,1_original_gp_lgd_history_match,never,0.0,0.0,0.0,ST,ST
290893.0,23.3640416189,73.9223485905,R,RAJASTHAN,Dungarpur,NFHS4,Rahdor,8,124,649,98422,37638.0,Saleda,12,False,True,False,"{""37638"": 1.0}",True,37638,True,Rahdor,Dungarpur,Chikhali,37638,Saleda,True,37638,True,True,4_full_coverage,37638,Saleda,Dungarpur,Chikhali,saleda,dungarpur,chikhali,Saleda,saleda,dungarpur,dungarpur,saleda,dungarpur,1.0,1.0,simalwara,1.0,once,1.0,once,1.0,0.0,True,True,False,1.0,0.0,ST W,ST,1.0,once,B_exact_gp_district,Saleda,Dungarpur,Chikhali,True,,,,,,,,,,,,False,1_original_gp_lgd_history_match,once,1.0,1.0,0.0,ST W,ST
290894.0,27.1554401742,74.0393506214,R,RAJASTHAN,Nagaur,NFHS4,Phardod,8,112,559,82726,40452.0,Phardod,6,False,True,False,"{""40452"": 1.0}",True,40452,True,Phardod,Nagaur,Jayal,40452,Phardod,True,40452,True,False,3_gp_no_reservation_history,40452,Phardod,Nagaur,Jayal,phardod,nagaur,jayal,Phardod,phardod,nagaur,nagaur,,,,,,,,,,,,False,False,False,,,,,,,,,,,False,,,,,,,,,,,,False,0_unmatched,,,,,,
290895.0,27.2211620948,74.9476180484,R,RAJASTHAN,Nagaur,NFHS4,Sheshma Ka Bas,8,112,566,83840,40525.0,Prempura,11,False,True,False,"{""40525"": 1.0}",True,40525,True,Sheshma Ka Bas,Didwana-Kuchaman,Kuchaman City,40525,Prempura,True,40525,True,False,3_gp_no_reservation_history,40525,Prempura,Didwana-Kuchaman,Kuchaman City,prempura,didwanakuchaman,kuchamancity,Prempura,prempura,nagaur,nagaur,,,,,,,,,,,,False,False,False,,,,,,,,,,,False,,,,,,,,,,,,False,0_unmatched,,,,,,
290900.0,25.7630621157,75.6780168845,R,RAJASTHAN,Tonk,NFHS4,Dheekla,8,120,620,93391,42022.0,Khawaspura,6,False,True,False,"{""42022"": 1.0}",True,42022,True,Dheekla,Tonk,Dooni,42022,Khawaspura,True,42022,True,False,3_gp_no_reservation_history,42022,Khawaspura,Tonk,Dooni,khawaspura,tonk,dooni,Khawaspura,khawaspura,tonk,tonk,,,,,,,,,,,,False,False,False,,,,,,,,,,,False,,,,,,,,,,,,False,0_unmatched,,,,,,
290901.0,25.9542560575,75.5226292286,R,RAJASTHAN,Tonk,NFHS4,Salgyawas,8,120,619,93264,42131.0,Kanwarawas,6,False,True,False,"{""42131"": 1.0}",True,42131,True,Salgyawas,Kekri,Todaraisingh,42131,Kanwarawas,True,42131,True,True,4_full_coverage,42131,Kanwarawas,Kekri,Todaraisingh,kanwarawas,kekri,todaraisingh,Kanwarawas,kanwarawas,tonk,ajmer,kanwarawas,tonk,1.0,1.0,todaraisingh,1.0,once,1.0,once,0.0,1.0,True,True,False,0.0,1.0,ST,GENW,1.0,once,C_unique_gp_name_statewide,Kanwarawas,Kekri,Todaraisingh,True,,,,,,,,,,,,False,1_original_gp_lgd_history_match,once,1.0,0.0,1.0,ST,GENW
290902.0,28.7109688403,72.4206455612,R,RAJASTHAN,Bikaner,NFHS4,31 KYD,8,101,478,69728,36001.0,34 Kyd,3,False,True,False,"{""36001"": 1.0}",True,36001,True,31 Kyd,Bikaner,Khajuwala,36001,34 Kyd,True,36001,True,False,3_gp_no_reservation_history,36001,34 Kyd,Bikaner,Khajuwala,34kyd,bikaner,khajuwala,34 Kyd,34kyd,bikaner,bikaner,,,,,,,,,,,,False,False,False,,,,,,,,,,,False,,,,,,,,,,,,False,0_unmatched,,,,,,
290903.0,24.3743047713,72.7591842239,R,RAJASTHAN,Sirohi,NFHS4,Soorpagla,8,117,595,90205,41870.0,Soorpagla,4,False,True,False,"{""41870"": 1.0}",True,41870,True,Soorpagla,Sirohi,Abu Road,41870,Soorpagla,True,41870,True,False,3_gp_no_reservation_history,41870,Soorpagla,Sirohi,Abu Road,soorpagla,sirohi,aburoad,Soorpagla,soorpagla,sirohi,sirohi,,,,,,,,,,,,False,False,False,,,,,,,,,,,False,,,,,,,,,,,,False,0_unmatched,,,,,,
290905.0,29.4430182408,74.1358078287,R,RAJASTHAN,Hanumangarh,NFHS4,41 SSW,8,100,468,67748,38025.0,Bahlol Nagar,6,False,True,False,"{""38025"": 1.0}",True,38025,True,41 Ssw,Hanumangarh,Hanumangarh,38025,Bahlol Nagar,True,38025,True,True,4_full_coverage,38025,Bahlol Nagar,Hanumangarh,Hanumangarh,bahlolnagar,hanumangarh,hanumangarh,Bahlol Nagar,bahlolnagar,hanumangarh,hanumangarh,bahlolnagar,hanumangarh,1.0,1.0,hanumangarh,1.0,once,1.0,once,1.0,0.0,True,True,False,1.0,0.0,GEN W,SC,1.0,once,A_exact_gp_district_samiti,Bahlol Nagar,Hanumangarh,Hanumangarh,True,,,,,,,,,,,,False,1_original_gp_lgd_history_match,once,1.0,1.0,0.0,GEN W,SC
290906.0,27.0855574312,75.9038057044,R,RAJASTHAN,Jaipur,NFHS4,Kacherawala  Chokhlawas,8,110,547,80398,38245.0,Kukas,10,False,True,False,"{""38245"": 1.0}",True,38245,True,Kacherawala @ Chokhlawas,Jaipur,Amber,38245,Kukas,True,38245,True,True,4_full_coverage,38245,Kukas,Jaipur,Amber,kukas,jaipur,amber,Kukas,kukas,jaipur,jaipur,kukas,jaipur,1.0,1.0,amber,1.0,once,1.0,once,0.0,1.0,True,True,False,0.0,1.0,OBC,GENW,1.0,once,A_exact_gp_district_samiti,Kukas,Jaipur,Amber,True,,,,,,,,,,,,False,1_original_gp_lgd_history_match,once,1.0,0.0,1.0,OBC,GENW
290907.0,25.3349603162,74.2986933378,R,RAJASTHAN,Bhilwara,NFHS4,Ashaholi,8,122,632,95369,35873.0,Ashaholi,9,False,True,False,"{""35873"": 1.0}",True,35873,True,Ashaholi,Bhilwara,Raipur,35873,Ashaholi,True,35873,True,False,3_gp_no_reservation_history,35873,Ashaholi,Bhilwara,Raipur,ashaholi,bhilwara,raipur,Ashaholi,ashaholi,bhilwara,bhilwara,,,,,,,,,,,,False,False,False,,,,,,,,,,,False,once,1.0,1.0,0.0,GEN W,OBC,0.9411764705882353,1.0,high_confidence_gp_and_exact_samiti,aashaholi,RAIPUR,True,3_fuzzy_gpname_exact_or_close_samiti_match,once,1.0,1.0,0.0,GEN W,OBC
290908.0,24.9722439134,74.6615798901,R,RAJASTHAN,Chittaurgarh,NFHS4,Ajolion Ka Khera,8,126,656,100164,36634.0,Ajolion Ka Khera,13,False,True,False,"{""36634"": 1.0}",True,36634,True,Ajolion Ka Khera,Chittorgarh,Gangrar,36634,Ajolion Ka Khera,True,36634,True,False,3_gp_no_reservation_history,36634,Ajolion Ka Khera,Chittorgarh,Gangrar,ajolionkakhera,chittorgarh,gangrar,Ajolion Ka Khera,ajolionkakhera,chittorgarh,chittorgarh,,,,,,,,,,,,False,False,False,,,,,,,,,,,False,,,,,,,,,,,,False,0_unmatched,,,,,,
290911.0,24.6554576147,72.5664228415,R,RAJASTHAN,Sirohi,NFHS4,Selwada,8,117,596,90254,41937.0,Selwada,9,False,True,False,"{""41937"": 1.0}",True,41937,True,Selwada,Sirohi,Reodar,41937,Selwada,True,41937,True,False,3_gp_no_reservation_history,41937,Selwada,Sirohi,Reodar,selwada,sirohi,reodar,Selwada,selwada,sirohi,sirohi,,,,,,,,,,,,False,False,False,,,,,,,,,,,False,,,,,,,,,,,,False,0_unmatched,,,,,,
290912.0,26.3622005288,75.0809633614,R,RAJASTHAN,Ajmer,NFHS4,Dhasook,8,119,606,91550,33597.0,Dhasook,7,False,True,False,"{""33597"": 1.0}",True,33597,True,Dhasook,Ajmer,Arain,33597,Dhasook,True,33597,True,False,3_gp_no_reservation_history,33597,Dhasook,Ajmer,Arain,dhasook,ajmer,arain,Dhasook,dhasook,ajmer,ajmer,,,,,,,,,,,,False,False,False,,,,,,,,,,,False,,,,,,,,,,,,False,0_unmatched,,,,,,
290913.0,26.1663995598,72.9320028616,R,RAJASTHAN,Jodhpur,NFHS4,Doli,8,113,572,85534,39760.0,Doli,10,False,True,False,"{""39760"": 1.0}",True,39760,True,Doli,Jodhpur (Gramin),Jhanwar,39760,Doli,True,39760,True,True,4_full_coverage,39760,Doli,Jodhpur (Gramin),Jhanwar,doli,jodhpurgramin,jhanwar,Doli,doli,jodhpur,jodhpur,doli,jodhpur,1.0,1.0,luni,1.0,once,1.0,once,0.0,1.0,True,True,False,0.0,1.0,GEN,GENW,1.0,once,C_unique_gp_name_statewide,Doli,Jodhpur (Gramin),Jhanwar,True,,,,,,,,,,,,False,1_original_gp_lgd_history_match,once,1.0,0.0,1.0,GEN,GENW
290914.0,27.0144630435,71.9053680511,R,RAJASTHAN,Jaisalmer,NFHS4,Ramdeora,8,114,575,86274,38825.0,Ramdeora,2,False,True,False,"{""38825"": 1.0}",True,38825,True,Ramdeora,Jaisalmer,Pokaran,38825,Ramdeora,True,38825,True,False,3_gp_no_reservation_history,38825,Ramdeora,Jaisalmer,Pokaran,ramdeora,jaisalmer,pokaran,Ramdeora,ramdeora,jaisalmer,jaisalmer,,,,,,,,,,,,False,False,False,,,,,,,,,,,False,,,,,,,,,,,,False,0_unmatched,,,,,,
290915.0,24.8330237321,74.4190626427,R,RAJASTHAN,Chittaurgarh,NFHS4,Neel Ka Khera,8,126,662,101175,36501.0,Rewaliya Khurd,9,False,True,False,"{""36501"": 1.0}",True,36501,True,Neel Ka Khera,Chittorgarh,Bhadesar,36501,Rewaliya Khurd,True,36501,True,False,3_gp_no_reservation_history,36501,Rewaliya Khurd,Chittorgarh,Bhadesar,rewaliyakhurd,chittorgarh,bhadesar,Rewaliya Khurd,rewaliyakhurd,chittorgarh,chittorgarh,,,,,,,,,,,,False,False,False,,,,,,,,,,,False,,,,,,,,,,,,False,0_unmatched,,,,,,
290918.0,27.5752069386,74.8985487555,R,RAJASTHAN,Sikar,NFHS4,Sihot Bari,8,111,553,81581,41604.0,Sihot Bari,10,False,True,False,"{""41604"": 1.0}",True,41604,True,Sihot Bari,Sikar,Dhod,41604,Sihot Bari,True,41604,True,False,3_gp_no_reservation_history,41604,Sihot Bari,Sikar,Dhod,sihotbari,sikar,dhod,Sihot Bari,sihotbari,sikar,sikar,,,,,,,,,,,,False,False,False,,,,,,,,,,,False,,,,,,,,,,,,False,0_unmatched,,,,,,
290919.0,26.966229774,76.1098817521,R,RAJASTHAN,Jaipur,NFHS4,Gudhawas Nevar,8,110,548,80646,294778.0,Gaonli,12,False,True,False,"{""294778"": 1.0}",True,294778,True,Gudhawas Nevar,Jaipur (Gramin),Andhi,294778,Gaonli,True,294778,True,False,3_gp_no_reservation_history,294778,Gaonli,Jaipur (Gramin),Andhi,gaonli,jaipurgramin,andhi,Gaonli,gaonli,jaipur,jaipur,,,,,,,,,,,,False,False,False,,,,,,,,,,,False,,,,,,,,,,,,False,0_unmatched,,,,,,
290921.0,26.8194138211,77.1529789124,R,RAJASTHAN,Karauli,NFHS4,Suroth,8,107,522,76483,40003.0,Suroth,8,False,True,False,"{""40003"": 1.0}",True,40003,True,Suroth,Karauli,Suroth,40003,Suroth,True,40003,True,True,4_full_coverage,40003,Suroth,Karauli,Suroth,suroth,karauli,suroth,Suroth,suroth,karauli,karauli,suroth,karauli,1.0,1.0,hindaun,1.0,once,1.0,once,1.0,0.0,True,True,False,1.0,0.0,ST W,GEN,1.0,once,B_exact_gp_district,Suroth,Karauli,Suroth,True,,,,,,,,,,,,False,1_original_gp_lgd_history_match,once,1.0,1.0,0.0,ST W,GEN
290923.0,25.6195521921,74.3935019001,R,RAJASTHAN,Bhilwara,NFHS4,Marwon Ka Khera,8,122,627,94735,244601.0,Rooppura,10,False,True,False,"{""244601"": 1.0}",True,244601,True,Marwon Ka Khera,Bhilwara,Asind,244601,Rooppura,True,244601,True,True,4_full_coverage,244601,Rooppura,Bhilwara,Asind,rooppura,bhilwara,asind,Rooppura,rooppura,bhilwara,bhilwara,rooppura,bhilwara,1.0,1.0,asind,1.0,once,1.0,once,1.0,0.0,True,True,False,1.0,0.0,GEN W,SC,1.0,once,A_exact_gp_district_samiti,Rooppura,Bhilwara,Asind,True,,,,,,,,,,,,False,1_original_gp_lgd_history_match,once,1.0,1.0,0.0,GEN W,SC
290924.0,25.4671676916,73.5282868697,R,RAJASTHAN,Pali,NFHS4,Gura Meghsingh,8,118,603,91118,41023.0,Sanwalta,10,False,True,False,"{""41023"": 1.0}",True,41023,True,Gura Meghsingh,Pali,Rani,41023,Sanwalta,True,41023,True,False,3_gp_no_reservation_history,41023,Sanwalta,Pali,Rani,sanwalta,pali,rani,Sanwalta,sanwalta,pali,pali,,,,,,,,,,,,False,False,False,,,,,,,,,,,False,,,,,,,,,,,,False,0_unmatched,,,,,,
290925.0,23.3934837425,73.9422736521,R,RAJASTHAN,Dungarpur,NFHS4,Gamela,8,124,649,98415,37638.0,Saleda,15,False,True,False,"{""37638"": 1.0}",True,37638,True,Gamela,Dungarpur,Chikhali,37638,Saleda,True,37638,True,True,4_full_coverage,37638,Saleda,Dungarpur,Chikhali,saleda,dungarpur,chikhali,Saleda,saleda,dungarpur,dungarpur,saleda,dungarpur,1.0,1.0,simalwara,1.0,once,1.0,once,1.0,0.0,True,True,False,1.0,0.0,ST W,ST,1.0,once,B_exact_gp_district,Saleda,Dungarpur,Chikhali,True,,,,,,,,,,,,False,1_original_gp_lgd_history_match,once,1.0,1.0,0.0,ST W,ST
290926.0,24.5463004756,72.8012747998,R,RAJASTHAN,Sirohi,NFHS4,Amthala,8,117,595,90144,41849.0,Amthala,16,False,True,False,"{""41849"": 1.0}",True,41849,True,Amthala,Sirohi,Deldar,41849,Amthala,True,41849,True,True,4_full_coverage,41849,Amthala,Sirohi,Deldar,amthala,sirohi,deldar,Amthala,amthala,sirohi,sirohi,amthala,sirohi,1.0,1.0,aburoad,1.0,never,0.0,never,0.0,0.0,True,True,False,0.0,0.0,ST,ST,0.0,never,B_exact_gp_district,Amthala,Sirohi,Deldar,True,,,,,,,,,,,,False,1_original_gp_lgd_history_match,never,0.0,0.0,0.0,ST,ST
290927.0,25.2040196694,76.5374704148,R,RAJASTHAN,Baran,NFHS4,Rebarpura,8,128,672,102726,34745.0,Miyada,8,False,True,False,"{""34745"": 1.0}",True,34745,True,Rebarpura,Baran,Baran,34745,Miyada,True,34745,True,True,4_full_coverage,34745,Miyada,Baran,Baran,miyada,baran,baran,Miyada,miyada,baran,baran,miyada,baran,1.0,1.0,baran,1.0,never,0.0,never,0.0,0.0,True,True,False,0.0,0.0,ST,SC,0.0,never,A_exact_gp_district_samiti,Miyada,Baran,Baran,True,,,,,,,,,,,,False,1_original_gp_lgd_history_match,never,0.0,0.0,0.0,ST,SC
290928.0,23.2211500996,74.2380287079,R,RAJASTHAN,Banswara,NFHS4,Mahuriya-Natha,8,125,654,99592,294621.0,Goda,13,False,True,False,"{""294621"": 1.0}",True,294621,True,Mahuriya-Natha,Banswara,Sajjangarh,294621,Goda,True,294621,True,False,3_gp_no_reservation_history,294621,Goda,Banswara,Sajjangarh,goda,banswara,sajjangarh,Goda,goda,banswara,banswara,,,,,,,,,,,,False,False,False,,,,,,,,,,,False,,,,,,,,,,,,False,0_unmatched,,,,,,
290930.0,26.3974950673,74.1463088013,R,RAJASTHAN,Pali,NFHS4,Bhoombaliya,8,118,597,90426,40867.0,Bhoombaliya,5,False,True,False,"{""40867"": 1.0}",True,40867,True,Bhoombaliya,Beawar,Jaitaran,40867,Bhoombaliya,True,40867,True,False,3_gp_no_reservation_history,40867,Bhoombaliya,Beawar,Jaitaran,bhoombaliya,beawar,jaitaran,Bhoombaliya,bhoombaliya,pali,ajmer,,,,,,,,,,,,False,False,False,,,,,,,,,,,False,,,,,,,,,,,,False,0_unmatched,,,,,,
290931.0,25.5064019008,73.0253190677,R,RAJASTHAN,Jalor,NFHS4,Kawla,8,116,586,89178,38855.0,Kanwla,5,False,True,False,"{""38855"": 1.0}",True,38855,True,Kawla,Jalore,Bhadrajun,38855,Kanwla,True,38855,True,False,3_gp_no_reservation_history,38855,Kanwla,Jalore,Bhadrajun,kanwla,jalore,bhadrajun,Kanwla,kanwla,jalore,jalore,,,,,,,,,,,,False,False,False,,,,,,,,,,,False,,,,,,,,,,,,False,0_unmatched,,,,,,
290932.0,26.5871114831,76.4914060897,R,RAJASTHAN,Sawai Madhopur,NFHS4,Kakrala,8,108,527,77233,41340.0,Kakrala,9,False,True,False,"{""41340"": 1.0}",True,41340,True,Kakrala,Gangapurcity,Bamanwas,41340,Kakrala,True,41340,True,False,3_gp_no_reservation_history,41340,Kakrala,Gangapurcity,Bamanwas,kakrala,gangapurcity,bamanwas,Kakrala,kakrala,sawaimadhopur,sawaimadhopur,kakrala,sawaimadhopur,1.0,1.0,bamanwas,1.0,never,0.0,never,0.0,0.0,True,True,True,,,,,,,,,,,False,,,,,,,,,,,,False,2_direct_gpname_dhsdistrict_match,never,0.0,0.0,0.0,,
290933.0,27.6910105683,76.7553093399,R,RAJASTHAN,Alwar,NFHS4,Shekhpur,8,104,497,72488,33985.0,Kolgaon,9,False,True,False,"{""33985"": 1.0}",True,33985,True,Shekhpur,Khairthal-Tijara,Kishangarhbas,33985,Kolgaon,True,33985,True,True,4_full_coverage,33985,Kolgaon,Khairthal-Tijara,Kishangarhbas,kolgaon,khairthaltijara,kishangarhbas,Kolgaon,kolgaon,alwar,alwar,kolgaon,alwar,1.0,1.0,kishangarhbas,1.0,never,0.0,never,0.0,0.0,True,True,False,0.0,0.0,GEN,OBC,0.0,never,C_unique_gp_name_statewide,Kolgaon,Khairthal-Tijara,Kishangarhbas,True,,,,,,,,,,,,False,1_original_gp_lgd_history_match,never,0.0,0.0,0.0,GEN,OBC
290934.0,23.632493518,73.9243979071,R,RAJASTHAN,Dungarpur,NFHS4,Saiyo Ka Talab,8,124,648,98088,37574.0,Piplagunj,18,False,True,False,"{""37574"": 1.0}",True,37574,True,Saiyo Ka Talab,Dungarpur,Obri,37574,Piplagunj,True,37574,True,False,3_gp_no_reservation_history,37574,Piplagunj,Dungarpur,Obri,piplagunj,dungarpur,obri,Piplagunj,piplagunj,dungarpur,dungarpur,,,,,,,,,,,,False,False,False,,,,,,,,,,,False,,,,,,,,,,,,False,0_unmatched,,,,,,
290935.0,26.6692598247,73.6148419303,R,RAJASTHAN,Jodhpur,NFHS4,Rajlani,8,113,569,84831,39700.0,Rajlani,5,False,True,False,"{""39700"": 1.0}",True,39700,True,Rajlani,Jodhpur (Gramin),Bhopalgarh,39700,Rajlani,True,39700,True,True,4_full_coverage,39700,Rajlani,Jodhpur (Gramin),Bhopalgarh,rajlani,jodhpurgramin,bhopalgarh,Rajlani,rajlani,jodhpur,jodhpur,rajlani,jodhpur,1.0,1.0,bhopalgarh,1.0,once,1.0,once,0.0,1.0,True,True,False,0.0,1.0,SC,OBCW,1.0,once,C_unique_gp_name_statewide,Rajlani,Jodhpur (Gramin),Bhopalgarh,True,,,,,,,,,,,,False,1_original_gp_lgd_history_match,once,1.0,0.0,1.0,SC,OBCW
290937.0,23.7349206272,74.6557205028,R,RAJASTHAN,Pratapgarh,NFHS4,Baori,8,131,697,108102,295124.0,Bawari,10,False,True,False,"{""295124"": 1.0}",True,295124,True,Bawri,Pratapgarh,Peepalkhoont,295124,Bawari,True,295124,True,False,3_gp_no_reservation_history,295124,Bawari,Pratapgarh,Peepalkhoont,bawari,pratapgarh,peepalkhoont,Bawari,bawari,pratapgarh,pratapgarh,,,,,,,,,,,,False,False,False,,,,,,,,,,,False,,,,,,,,,,,,False,0_unmatched,,,,,,
290938.0,29.0456419035,73.0920519917,R,RAJASTHAN,Ganganagar,NFHS4,1 STR,8,99,463,66259,262414.0,2 Str,11,False,True,False,"{""262414"": 1.0}",True,262414,True,1 Str,Anupgarh,Gharsana,262414,2 Str,True,262414,True,False,3_gp_no_reservation_history,262414,2 Str,Anupgarh,Gharsana,2str,anupgarh,gharsana,2 Str,2str,ganganagar,ganganagar,,,,,,,,,,,,False,False,False,,,,,,,,,,,False,,,,,,,,,,,,False,0_unmatched,,,,,,
290939.0,28.0449098101,75.9264468036,R,RAJASTHAN,Jhunjhunun,NFHS4,Doodhwa Nangliya,8,103,490,71506,39466.0,Doodhwa Nangliya,13,False,True,False,"{""39466"": 1.0}",True,39466,True,Doodhwa Nangliya,Neem Ka Thana,Khetri,39466,Doodhwa Nangliya,True,39466,True,True,4_full_coverage,39466,Doodhwa Nangliya,Neem Ka Thana,Khetri,doodhwanangliya,neemkathana,khetri,Doodhwa Nangliya,doodhwanangliya,jhunjhunu,sikar,doodhwanangliya,jhunjhunu,1.0,1.0,khetri,1.0,never,0.0,never,0.0,0.0,True,True,False,0.0,0.0,GEN,GEN,0.0,never,C_unique_gp_name_statewide,Doodhwa Nangliya,Neem Ka Thana,Khetri,True,,,,,,,,,,,,False,1_original_gp_lgd_history_match,never,0.0,0.0,0.0,GEN,GEN
290940.0,24.4507316213,76.731109111,R,RAJASTHAN,Baran,NFHS4,Bor Kheri,8,128,677,103750,34811.0,Set Kolu,6,False,True,False,"{""34811"": 1.0}",True,34811,True,Bor Kheri,Baran,Chhipabarod,34811,Set Kolu,True,34811,True,False,3_gp_no_reservation_history,34811,Set Kolu,Baran,Chhipabarod,setkolu,baran,chhipabarod,Set Kolu,setkolu,baran,baran,,,,,,,,,,,,False,False,False,,,,,,,,,,,False,never,0.0,0.0,0.0,OBC,GEN,0.9333333333333333,1.0,high_confidence_gp_and_exact_samiti,setukolu,CHHIPABAROD,True,3_fuzzy_gpname_exact_or_close_samiti_match,never,0.0,0.0,0.0,OBC,GEN
290941.0,23.4602505955,74.2609380335,R,RAJASTHAN,Banswara,NFHS4,Pindarma,8,125,653,99368,34389.0,Pindarma,15,False,True,False,"{""34389"": 1.0}",True,34389,True,Pindarma,Banswara,Bagidora,34389,Pindarma,True,34389,True,True,4_full_coverage,34389,Pindarma,Banswara,Bagidora,pindarma,banswara,bagidora,Pindarma,pindarma,banswara,banswara,pindarma,banswara,1.0,1.0,bagidora,1.0,never,0.0,never,0.0,0.0,True,True,False,0.0,0.0,ST,ST,0.0,never,A_exact_gp_district_samiti,Pindarma,Banswara,Bagidora,True,,,,,,,,,,,,False,1_original_gp_lgd_history_match,never,0.0,0.0,0.0,ST,ST
290942.0,26.9113559377,74.9246858359,R,RAJASTHAN,Ajmer,NFHS4,Shiv Nagar,8,119,606,91387,,,4,False,True,False,{},True,,False,Shiv Nagar,Ajmer,Roopangarh,33743,Sinodiya,True,33743,True,True,4_full_coverage,33743,Sinodiya,Ajmer,Roopangarh,sinodiya,ajmer,roopangarh,Sinodiya,sinodiya,ajmer,ajmer,sinodiya,ajmer,1.0,1.0,kishangarh,1.0,twice,2.0,twice,1.0,1.0,True,True,False,1.0,1.0,GEN W,OBCW,2.0,twice,B_exact_gp_district,Sinodiya,Ajmer,Roopangarh,True,,,,,,,,,,,,False,1_original_gp_lgd_history_match,twice,2.0,1.0,1.0,GEN W,OBCW
290943.0,29.2560075655,73.2420698164,R,RAJASTHAN,Ganganagar,NFHS4,22 APD,8,99,462,65606,37645.0,1 Lsm,6,False,True,False,"{""37645"": 1.0}",True,37645,True,22 Apd,Anupgarh,Anupgarh,37645,1 Lsm,True,37645,True,False,3_gp_no_reservation_history,37645,1 Lsm,Anupgarh,Anupgarh,1lsm,anupgarh,anupgarh,1 Lsm,1lsm,ganganagar,ganganagar,,,,,,,,,,,,False,False,False,,,,,,,,,,,False,,,,,,,,,,,,False,0_unmatched,,,,,,
290945.0,23.7057255699,73.8605756573,R,RAJASTHAN,Dungarpur,NFHS4,Varda,8,124,648,98065,37584.0,Varda,13,False,True,False,"{""37584"": 1.0}",True,37584,True,Varda,Dungarpur,Obri,37584,Varda,True,37584,True,False,3_gp_no_reservation_history,37584,Varda,Dungarpur,Obri,varda,dungarpur,obri,Varda,varda,dungarpur,dungarpur,,,,,,,,,,,,False,False,False,,,,,,,,,,,False,,,,,,,,,,,,False,0_unmatched,,,,,,
290946.0,26.6052957816,73.006294696,R,RAJASTHAN,Jodhpur,NFHS4,Khudiyala,8,113,568,84673,262519.0,Khudiyala,8,False,True,False,"{""262519"": 1.0}",True,262519,True,Khudiyala,Jodhpur (Gramin),Tinwari,262519,Khudiyala,True,262519,True,False,3_gp_no_reservation_history,262519,Khudiyala,Jodhpur (Gramin),Tinwari,khudiyala,jodhpurgramin,tinwari,Khudiyala,khudiyala,jodhpur,jodhpur,khudiyala,jodhpur,1.0,1.0,balesar,1.0,never,0.0,never,0.0,0.0,True,True,True,,,,,,,,,,,False,,,,,,,,,,,,False,2_direct_gpname_dhsdistrict_match,never,0.0,0.0,0.0,,
290947.0,25.7661255849,71.8397436722,R,RAJASTHAN,Barmer,NFHS4,Undriyasara,8,115,578,87234,35198.0,Nosar,8,False,True,False,"{""35198"": 1.0}",True,35198,True,Undriyasara,Balotra,Baytoo,35198,Nosar,True,35198,True,True,4_full_coverage,35198,Nosar,Balotra,Baytoo,nosar,balotra,baytoo,Nosar,nosar,barmer,barmer,nosar,barmer,1.0,1.0,sindhari,1.0,never,0.0,never,0.0,0.0,True,True,False,0.0,0.0,GEN,GEN,0.0,never,C_unique_gp_name_statewide,Nosar,Balotra,Baytoo,True,,,,,,,,,,,,False,1_original_gp_lgd_history_match,never,0.0,0.0,0.0,GEN,GEN
290949.0,24.5363579538,73.5570227902,R,RAJASTHAN,Udaipur,NFHS4,Bachhar,8,130,689,106525,42357.0,Bachhar,8,False,True,False,"{""42357"": 1.0}",True,42357,True,Bachhar,Udaipur,Girwa,42357,Bachhar,True,42357,True,True,4_full_coverage,42357,Bachhar,Udaipur,Girwa,bachhar,udaipur,girwa,Bachhar,bachhar,udaipur,udaipur,bachhar,udaipur,1.0,1.0,girwa,1.0,twice,2.0,twice,1.0,1.0,True,True,False,1.0,1.0,ST W,STW,2.0,twice,A_exact_gp_district_samiti,Bachhar,Udaipur,Girwa,True,,,,,,,,,,,,False,1_original_gp_lgd_history_match,twice,2.0,1.0,1.0,ST W,STW
290950.0,24.5409440444,75.9293932584,R,RAJASTHAN,Jhalawar,NFHS4,Shri Chhatrapur,8,129,682,104842,39192.0,Shri Chhatrapur,3,False,True,False,"{""39192"": 1.0}",True,39192,True,Shri Chhatrapur,Jhalawar,Pachpahar,39192,Shri Chhatrapur,True,39192,True,False,3_gp_no_reservation_history,39192,Shri Chhatrapur,Jhalawar,Pachpahar,shrichhatrapur,jhalawar,pachpahar,Shri Chhatrapur,shrichhatrapur,jhalawar,jhalawar,,,,,,,,,,,,False,False,False,,,,,,,,,,,False,,,,,,,,,,,,False,0_unmatched,,,,,,
290952.0,24.1125680354,74.6559545834,R,RAJASTHAN,Pratapgarh,NFHS4,Rohan Khera,8,131,699,108484,295162.0,Teela,7,False,True,False,"{""295162"": 1.0}",True,295162,True,Rohan Khera,Pratapgarh,Pratapgarh,295162,Teela,True,295162,True,False,3_gp_no_reservation_history,295162,Teela,Pratapgarh,Pratapgarh,teela,pratapgarh,pratapgarh,Teela,teela,pratapgarh,pratapgarh,,,,,,,,,,,,False,False,False,,,,,,,,,,,False,,,,,,,,,,,,False,0_unmatched,,,,,,
290953.0,26.1339374904,76.4763028232,R,RAJASTHAN,Sawai Madhopur,NFHS4,Shyampura,8,108,531,77621,41515.0,Shyampura,14,False,True,False,"{""41515"": 1.0}",True,41515,True,Shyampura,Sawai Madhopur,Sawai Madhopur,41515,Shyampura,True,41515,True,True,4_full_coverage,41515,Shyampura,Sawai Madhopur,Sawai Madhopur,shyampura,sawaimadhopur,sawaimadhopur,Shyampura,shyampura,sawaimadhopur,sawaimadhopur,shyampura,sawaimadhopur,1.0,1.0,sawaimadhopur,1.0,never,0.0,never,0.0,0.0,True,True,False,0.0,0.0,GEN,ST,0.0,never,A_exact_gp_district_samiti,Shyampura,Sawai Madhopur,Sawai Madhopur,True,,,,,,,,,,,,False,1_original_gp_lgd_history_match,never,0.0,0.0,0.0,GEN,ST
290954.0,26.3408151969,74.5150588469,R,RAJASTHAN,Ajmer,NFHS4,Makrera,8,119,608,91691,33809.0,Makrera,11,False,True,False,"{""33809"": 1.0}",True,33809,True,Makrera,Ajmer,Peesangan,33809,Makrera,True,33809,True,True,4_full_coverage,33809,Makrera,Ajmer,Peesangan,makrera,ajmer,peesangan,Makrera,makrera,ajmer,ajmer,makrera,ajmer,1.0,1.0,peesangan,1.0,never,0.0,never,0.0,0.0,True,True,False,0.0,0.0,GEN,OBC,0.0,never,A_exact_gp_district_samiti,Makrera,Ajmer,Peesangan,True,,,,,,,,,,,,False,1_original_gp_lgd_history_match,never,0.0,0.0,0.0,GEN,OBC
290955.0,25.71540946,74.4935702434,R,RAJASTHAN,Bhilwara,NFHS4,Barla,8,122,627,94707,35650.0,Motipur,9,False,True,False,"{""35650"": 1.0}",True,35650,True,Barla,Bhilwara,Antali,35650,Motipur,True,35650,True,True,4_full_coverage,35650,Motipur,Bhilwara,Antali,motipur,bhilwara,antali,Motipur,motipur,bhilwara,bhilwara,motipur,bhilwara,1.0,1.0,asind,1.0,twice,2.0,twice,1.0,1.0,True,True,False,1.0,1.0,SC W,OBCW,2.0,twice,B_exact_gp_district,Motipur,Bhilwara,Antali,True,,,,,,,,,,,,False,1_original_gp_lgd_history_match,twice,2.0,1.0,1.0,SC W,OBCW
290956.0,24.8355394481,72.9772217029,R,RAJASTHAN,Sirohi,NFHS4,Veerwara,8,117,594,90037,41905.0,Veerwara,8,False,True,False,"{""41905"": 1.0}",True,41905,True,Veerwara,Sirohi,Pindwara,41905,Veerwara,True,41905,True,False,3_gp_no_reservation_history,41905,Veerwara,Sirohi,Pindwara,veerwara,sirohi,pindwara,Veerwara,veerwara,sirohi,sirohi,,,,,,,,,,,,False,False,False,,,,,,,,,,,False,,,,,,,,,,,,False,0_unmatched,,,,,,
290958.0,27.8135326981,74.3999810077,R,RAJASTHAN,Churu,NFHS4,Chadwas,8,102,486,70731,36966.0,Chadwas,4,False,True,False,"{""36966"": 1.0}",True,36966,True,Chadwas,Churu,Bidasar,36966,Chadwas,True,36966,True,False,3_gp_no_reservation_history,36966,Chadwas,Churu,Bidasar,chadwas,churu,bidasar,Chadwas,chadwas,churu,churu,chadwas,churu,1.0,1.0,sujangarh,1.0,once,1.0,once,1.0,0.0,True,True,True,,,,,,,,,,,False,,,,,,,,,,,,False,2_direct_gpname_dhsdistrict_match,once,1.0,1.0,0.0,,
290959.0,24.3379980455,76.1892271806,R,RAJASTHAN,Jhalawar,NFHS4,Bhumara,8,129,679,104310,39079.0,Deo Nagar,11,False,True,False,"{""39079"": 1.0}",True,39079,True,Bhumara,Jhalawar,Bakani,39079,Deo Nagar,True,39079,True,False,3_gp_no_reservation_history,39079,Deo Nagar,Jhalawar,Bakani,deonagar,jhalawar,bakani,Deo Nagar,deonagar,jhalawar,jhalawar,,,,,,,,,,,,False,False,False,,,,,,,,,,,False,,,,,,,,,,,,False,0_unmatched,,,,,,
290960.0,24.9488492106,72.9296995526,R,RAJASTHAN,Sirohi,NFHS4,Kaldari,8,117,592,89935,294608.0,Kaldari,5,False,True,False,"{""294608"": 1.0}",True,294608,True,Kaldari,Sirohi,Sheoganj,294608,Kaldari,True,294608,True,False,3_gp_no_reservation_history,294608,Kaldari,Sirohi,Sheoganj,kaldari,sirohi,sheoganj,Kaldari,kaldari,sirohi,sirohi,,,,,,,,,,,,False,False,False,,,,,,,,,,,False,,,,,,,,,,,,False,0_unmatched,,,,,,
290961.0,26.3254115441,76.341529341,R,RAJASTHAN,Sawai Madhopur,NFHS4,Galad Khurd,8,108,529,77489,41370.0,Galad Kalan,9,False,True,False,"{""41370"": 1.0}",True,41370,True,Galad Khurd,Sawai Madhopur,Bonli,41370,Galad Kalan,True,41370,True,False,3_gp_no_reservation_history,41370,Galad Kalan,Sawai Madhopur,Bonli,galadkalan,sawaimadhopur,bonli,Galad Kalan,galadkalan,sawaimadhopur,sawaimadhopur,,,,,,,,,,,,False,False,False,,,,,,,,,,,False,once,1.0,0.0,1.0,ST,GENW,0.9473684210526315,1.0,high_confidence_gp_and_exact_samiti,galadkala,BONLI,True,3_fuzzy_gpname_exact_or_close_samiti_match,once,1.0,0.0,1.0,ST,GENW
290963.0,24.5945168525,76.6353363145,R,RAJASTHAN,Baran,NFHS4,Kheri,8,128,677,103656,34801.0,Kherla Jageer,9,False,True,False,"{""34801"": 1.0}",True,34801,True,Kheri,Baran,Chhipabarod,34801,Kherla Jageer,True,34801,True,False,3_gp_no_reservation_history,34801,Kherla Jageer,Baran,Chhipabarod,kherlajageer,baran,chhipabarod,Kherla Jageer,kherlajageer,baran,baran,,,,,,,,,,,,False,False,False,,,,,,,,,,,False,,,,,,,,,,,,False,0_unmatched,,,,,,
290964.0,27.562757827,75.6421703281,R,RAJASTHAN,Sikar,NFHS4,Bhadwari,8,111,555,82042,41645.0,Bhadwari,12,False,True,False,"{""41645"": 1.0}",True,41645,True,Bhadwari,Sikar,Khandela,41645,Bhadwari,True,41645,True,False,3_gp_no_reservation_history,41645,Bhadwari,Sikar,Khandela,bhadwari,sikar,khandela,Bhadwari,bhadwari,sikar,sikar,,,,,,,,,,,,False,False,False,,,,,,,,,,,False,,,,,,,,,,,,False,0_unmatched,,,,,,
290966.0,26.2230220561,72.0765957821,R,RAJASTHAN,Barmer,NFHS4,Karaliya,8,115,578,87059,295423.0,Karaliya Bera,7,False,True,False,"{""295423"": 1.0}",True,295423,True,Karaliya Bera,Balotra,Gida,295423,Karaliya Bera,True,295423,True,False,3_gp_no_reservation_history,295423,Karaliya Bera,Balotra,Gida,karaliyabera,balotra,gida,Karaliya Bera,karaliyabera,barmer,barmer,,,,,,,,,,,,False,False,False,,,,,,,,,,,False,,,,,,,,,,,,False,0_unmatched,,,,,,
290968.0,24.9729156261,74.7374440835,R,RAJASTHAN,Chittaurgarh,NFHS4,Sangrampura,8,126,659,100692,36583.0,Ghosondi,8,False,True,False,"{""36583"": 1.0}",True,36583,True,Sangrampura,Chittorgarh,Bassi,36583,Ghosondi,True,36583,True,False,3_gp_no_reservation_history,36583,Ghosondi,Chittorgarh,Bassi,ghosondi,chittorgarh,bassi,Ghosondi,ghosondi,chittorgarh,chittorgarh,,,,,,,,,,,,False,False,False,,,,,,,,,,,False,,,,,,,,,,,,False,0_unmatched,,,,,,
290969.0,26.4165539597,77.0076217617,R,RAJASTHAN,Karauli,NFHS4,Bhanwarpura,8,107,523,76760,40047.0,Saseri,6,False,True,False,"{""40047"": 1.0}",True,40047,True,Bhanwarpura,Karauli,Karauli,40047,Saseri,True,40047,True,False,3_gp_no_reservation_history,40047,Saseri,Karauli,Karauli,saseri,karauli,karauli,Saseri,saseri,karauli,karauli,,,,,,,,,,,,False,False,False,,,,,,,,,,,False,,,,,,,,,,,,False,0_unmatched,,,,,,
290970.0,24.5996983513,74.424210562,R,RAJASTHAN,Chittaurgarh,NFHS4,Chikarda,8,126,661,101113,36615.0,Chikarda,11,False,True,False,"{""36615"": 1.0}",True,36615,True,Chikarda,Chittorgarh,Dungla,36615,Chikarda,True,36615,True,True,4_full_coverage,36615,Chikarda,Chittorgarh,Dungla,chikarda,chittorgarh,dungla,Chikarda,chikarda,chittorgarh,chittorgarh,chikarda,chittorgarh,1.0,1.0,dungla,1.0,never,0.0,never,0.0,0.0,True,True,False,0.0,0.0,GEN,GEN,0.0,never,A_exact_gp_district_samiti,Chikarda,Chittorgarh,Dungla,True,,,,,,,,,,,,False,1_original_gp_lgd_history_match,never,0.0,0.0,0.0,GEN,GEN
290972.0,26.3673561321,73.9876244692,R,RAJASTHAN,Pali,NFHS4,Anandpur Kalu With Chak,8,118,597,90364,40860.0,Anandpur Kalu,5,False,True,False,"{""40860"": 1.0}",True,40860,True,Anandpur Kalu With Chak,Beawar,Jaitaran,40860,Anandpur Kalu,True,40860,True,False,3_gp_no_reservation_history,40860,Anandpur Kalu,Beawar,Jaitaran,anandpurkalu,beawar,jaitaran,Anandpur Kalu,anandpurkalu,pali,ajmer,,,,,,,,,,,,False,False,False,,,,,,,,,,,False,once,1.0,0.0,1.0,GEN,GENW,0.9166666666666666,1.0,high_confidence_gp_and_exact_samiti,anadpur kalau,JAITARAN,True,3_fuzzy_gpname_exact_or_close_samiti_match,once,1.0,0.0,1.0,GEN,GENW
290974.0,23.7879320056,74.8215434612,R,RAJASTHAN,Pratapgarh,NFHS4,Fatehgarh,8,131,700,108758,36406.0,Fatehgarh,13,False,True,False,"{""36406"": 1.0}",True,36406,True,Fatehgarh,Pratapgarh,Arnod,36406,Fatehgarh,True,36406,True,True,4_full_coverage,36406,Fatehgarh,Pratapgarh,Arnod,fatehgarh,pratapgarh,arnod,Fatehgarh,fatehgarh,pratapgarh,pratapgarh,fatehgarh,pratapgarh,1.0,1.0,arnod,1.0,twice,2.0,twice,1.0,1.0,True,True,False,1.0,1.0,ST W,STW,2.0,twice,A_exact_gp_district_samiti,Fatehgarh,Pratapgarh,Arnod,True,,,,,,,,,,,,False,1_original_gp_lgd_history_match,twice,2.0,1.0,1.0,ST W,STW
290975.0,25.4307550595,73.8550846558,R,RAJASTHAN,Rajsamand,NFHS4,Bansabari,8,123,639,96524,41147.0,Dawer,9,False,True,False,"{""41147"": 1.0}",True,41147,True,Bansabari,Rajsamand,Bhim,41147,Dawer,True,41147,True,False,3_gp_no_reservation_history,41147,Dawer,Rajsamand,Bhim,dawer,rajsamand,bhim,Dawer,dawer,rajsamand,rajsamand,,,,,,,,,,,,False,False,False,,,,,,,,,,,False,,,,,,,,,,,,False,0_unmatched,,,,,,
290977.0,27.2311743395,75.995742319,R,RAJASTHAN,Jaipur,NFHS4,Harchandpura Kankarwala,8,110,547,80373,38240.0,Kanwarpura,14,False,True,False,"{""38240"": 1.0}",True,38240,True,Harchandpura @Kankarwala,Jaipur,Amber,38240,Kanwarpura,True,38240,True,True,4_full_coverage,38240,Kanwarpura,Jaipur,Amber,kanwarpura,jaipur,amber,Kanwarpura,kanwarpura,jaipur,jaipur,kanwarpura,jaipur,1.0,1.0,amber,1.0,once,1.0,once,0.0,1.0,True,True,False,0.0,1.0,ST,SCW,1.0,once,A_exact_gp_district_samiti,Kanwarpura,Jaipur,Amber,True,,,,,,,,,,,,False,1_original_gp_lgd_history_match,once,1.0,0.0,1.0,ST,SCW
290978.0,26.2505098478,73.7666816498,R,RAJASTHAN,Jodhpur,NFHS4,Udaliyawas,8,113,573,85765,39748.0,Udaliyawas,6,False,True,False,"{""39748"": 1.0}",True,39748,True,Udaliyawas,Jodhpur (Gramin),Bilara,39748,Udaliyawas,True,39748,True,False,3_gp_no_reservation_history,39748,Udaliyawas,Jodhpur (Gramin),Bilara,udaliyawas,jodhpurgramin,bilara,Udaliyawas,udaliyawas,jodhpur,jodhpur,,,,,,,,,,,,False,False,False,,,,,,,,,,,False,,,,,,,,,,,,False,0_unmatched,,,,,,
290979.0,24.5648002425,74.535543451,R,RAJASTHAN,Chittaurgarh,NFHS4,Mindana,8,126,663,101453,36704.0,Mindana,11,False,True,False,"{""36704"": 1.0}",True,36704,True,Mindana,Chittorgarh,Nimbahera,36704,Mindana,True,36704,True,True,4_full_coverage,36704,Mindana,Chittorgarh,Nimbahera,mindana,chittorgarh,nimbahera,Mindana,mindana,chittorgarh,chittorgarh,mindana,chittorgarh,1.0,1.0,nimbahera,1.0,twice,2.0,twice,1.0,1.0,True,True,False,1.0,1.0,SC W,OBCW,2.0,twice,A_exact_gp_district_samiti,Mindana,Chittorgarh,Nimbahera,True,,,,,,,,,,,,False,1_original_gp_lgd_history_match,twice,2.0,1.0,1.0,SC W,OBCW
290980.0,28.0851478816,76.7373599127,R,RAJASTHAN,Alwar,NFHS4,Ujoli,8,104,495,72103,34021.0,Ujoli,10,False,True,False,"{""34021"": 1.0}",True,34021,True,Ujoli,Khairthal-Tijara,Kotkasim,34021,Ujoli,True,34021,True,True,4_full_coverage,34021,Ujoli,Khairthal-Tijara,Kotkasim,ujoli,khairthaltijara,kotkasim,Ujoli,ujoli,alwar,alwar,ujoli,alwar,1.0,1.0,kotkasim,1.0,twice,2.0,twice,1.0,1.0,True,True,False,1.0,1.0,GEN W,OBCW,2.0,twice,C_unique_gp_name_statewide,Ujoli,Khairthal-Tijara,Kotkasim,True,,,,,,,,,,,,False,1_original_gp_lgd_history_match,twice,2.0,1.0,1.0,GEN W,OBCW
290981.0,26.7569244882,77.752877343,R,RAJASTHAN,Dhaulpur,NFHS4,Neem Khera,8,106,516,75628,37274.0,Neem Khera,21,False,True,False,"{""37274"": 1.0}",True,37274,True,Neem Khera,Dholpur,Bari,37274,Neem Khera,True,37274,True,False,3_gp_no_reservation_history,37274,Neem Khera,Dholpur,Bari,neemkhera,dholpur,bari,Neem Khera,neemkhera,dholpur,dholpur,,,,,,,,,,,,False,False,False,,,,,,,,,,,False,,,,,,,,,,,,False,0_unmatched,,,,,,
290982.0,26.8164567024,76.5168484757,R,RAJASTHAN,Dausa,NFHS4,Lanka,8,109,535,78394,37236.0,Laka,11,False,True,False,"{""37236"": 1.0}",True,37236,True,Laka,Dausa,Bahrawanda,37236,Laka,True,37236,True,False,3_gp_no_reservation_history,37236,Laka,Dausa,Bahrawanda,laka,dausa,bahrawanda,Laka,laka,dausa,dausa,,,,,,,,,,,,False,False,False,,,,,,,,,,,False,,,,,,,,,,,,False,0_unmatched,,,,,,
290984.0,26.0145182382,74.9992588724,R,RAJASTHAN,Ajmer,NFHS4,Bhagwanpura,8,119,613,92372,33621.0,Bhagwantpura,7,False,True,False,"{""33621"": 1.0}",True,33621,True,Bhagwanpura,Kekri,Sarwar,33621,Bhagwantpura,True,33621,True,True,4_full_coverage,33621,Bhagwantpura,Kekri,Sarwar,bhagwantpura,kekri,sarwar,Bhagwantpura,bhagwantpura,ajmer,ajmer,bhagwantpura,ajmer,1.0,1.0,bhinay,1.0,once,1.0,once,1.0,0.0,True,True,False,1.0,0.0,SC W,GEN,1.0,once,C_unique_gp_name_statewide,Bhagwantpura,Kekri,Sarwar,True,,,,,,,,,,,,False,1_original_gp_lgd_history_match,once,1.0,1.0,0.0,SC W,GEN
290985.0,27.6196955074,74.873934932,R,RAJASTHAN,Sikar,NFHS4,Nasanwa,8,111,552,81443,41716.0,Suthoth,10,False,True,False,"{""41716"": 1.0}",True,41716,True,Nasanwa,Sikar,Nechhwa,41716,Suthoth,True,41716,True,False,3_gp_no_reservation_history,41716,Suthoth,Sikar,Nechhwa,suthoth,sikar,nechhwa,Suthoth,suthoth,sikar,sikar,,,,,,,,,,,,False,False,False,,,,,,,,,,,False,,,,,,,,,,,,False,0_unmatched,,,,,,
290986.0,26.5022439823,77.3557393624,R,RAJASTHAN,Dhaulpur,NFHS4,Domai,8,106,515,75538,37297.0,Domai,7,False,True,False,"{""37297"": 1.0}",True,37297,True,Domai,Dholpur,Sarmathura,37297,Domai,True,37297,True,True,4_full_coverage,37297,Domai,Dholpur,Sarmathura,domai,dholpur,sarmathura,Domai,domai,dholpur,dholpur,domai,dholpur,1.0,1.0,baseri,1.0,once,1.0,once,0.0,1.0,True,True,False,0.0,1.0,ST,GENW,1.0,once,B_exact_gp_district,Domai,Dholpur,Sarmathura,True,,,,,,,,,,,,False,1_original_gp_lgd_history_match,once,1.0,0.0,1.0,ST,GENW
290987.0,26.0945040475,75.0755081037,R,RAJASTHAN,Ajmer,NFHS4,Gordhanpura,8,119,613,92346,33616.0,Syar,8,False,True,False,"{""33616"": 1.0}",True,33616,True,Gordhanpura,Kekri,Sarwar,33616,Syar,True,33616,True,True,4_full_coverage,33616,Syar,Kekri,Sarwar,syar,kekri,sarwar,Syar,syar,ajmer,ajmer,syar,ajmer,1.0,1.0,arai,1.0,never,0.0,never,0.0,0.0,True,True,False,0.0,0.0,GEN,OBC,0.0,never,C_unique_gp_name_statewide,Syar,Kekri,Sarwar,True,,,,,,,,,,,,False,1_original_gp_lgd_history_match,never,0.0,0.0,0.0,GEN,OBC
290989.0,23.517463494,73.8745505361,R,RAJASTHAN,Dungarpur,NFHS4,Dariyati,8,124,649,98355,37601.0,Dariyati,20,False,True,False,"{""37601"": 1.0}",True,37601,True,Dariyati,Dungarpur,Chikhali,37601,Dariyati,True,37601,True,True,4_full_coverage,37601,Dariyati,Dungarpur,Chikhali,dariyati,dungarpur,chikhali,Dariyati,dariyati,dungarpur,dungarpur,dariyati,dungarpur,1.0,1.0,simalwara,1.0,twice,2.0,twice,1.0,1.0,True,True,False,1.0,1.0,ST W,STW,2.0,twice,B_exact_gp_district,Dariyati,Dungarpur,Chikhali,True,,,,,,,,,,,,False,1_original_gp_lgd_history_match,twice,2.0,1.0,1.0,ST W,STW
290990.0,23.9115041771,74.53944037,R,RAJASTHAN,Pratapgarh,NFHS4,Gamda,8,131,697,108178,295108.0,Dateeyar,8,False,True,False,"{""295108"": 1.0}",True,295108,True,Gamda,Pratapgarh,Suhagpura,295108,Dateeyar,True,295108,True,False,3_gp_no_reservation_history,295108,Dateeyar,Pratapgarh,Suhagpura,dateeyar,pratapgarh,suhagpura,Dateeyar,dateeyar,pratapgarh,pratapgarh,,,,,,,,,,,,False,False,False,,,,,,,,,,,False,,,,,,,,,,,,False,0_unmatched,,,,,,
290991.0,25.1031497337,75.0809807356,R,RAJASTHAN,Chittaurgarh,NFHS4,Gorlan,8,126,657,100267,36475.0,Samariyan Kalan,5,False,True,False,"{""36475"": 1.0}",True,36475,True,Gorlan,Chittorgarh,Begun,36475,Samariyan Kalan,True,36475,True,False,3_gp_no_reservation_history,36475,Samariyan Kalan,Chittorgarh,Begun,samariyankalan,chittorgarh,begun,Samariyan Kalan,samariyankalan,chittorgarh,chittorgarh,,,,,,,,,,,,False,False,False,,,,,,,,,,,False,once,1.0,1.0,0.0,GEN W,SC,0.9629629629629629,1.0,high_confidence_gp_and_exact_samiti,samariya kalan,BEGUN,True,3_fuzzy_gpname_exact_or_close_samiti_match,once,1.0,1.0,0.0,GEN W,SC
290993.0,25.6480454009,75.7176765302,R,RAJASTHAN,Bundi,NFHS4,Ranipura,8,121,622,93831,36243.0,Ranipura,6,False,True,False,"{""36243"": 1.0}",True,36243,True,Ranipura,Bundi,Hindoli,36243,Ranipura,True,36243,True,True,4_full_coverage,36243,Ranipura,Bundi,Hindoli,ranipura,bundi,hindoli,Ranipura,ranipura,bundi,bundi,ranipura,bundi,1.0,1.0,hindoli,1.0,twice,2.0,twice,1.0,1.0,True,True,False,1.0,1.0,GEN W,GENW,2.0,twice,A_exact_gp_district_samiti,Ranipura,Bundi,Hindoli,True,,,,,,,,,,,,False,1_original_gp_lgd_history_match,twice,2.0,1.0,1.0,GEN W,GENW
290994.0,24.0279379759,73.6616022649,R,RAJASTHAN,Udaipur,NFHS4,Kagddar Bhatiya,8,130,694,107642,42515.0,Kagdar Bhatia,14,False,True,False,"{""42515"": 1.0}",True,42515,True,Kagddar Bhatiya,Udaipur,Rishabhdeo,42515,Kagdar Bhatia,True,42515,True,True,4_full_coverage,42515,Kagdar Bhatia,Udaipur,Rishabhdeo,kagdarbhatia,udaipur,rishabhdeo,Kagdar Bhatia,kagdarbhatia,udaipur,udaipur,kagdarbhatia,udaipur,1.0,1.0,kherwara,1.0,never,0.0,never,0.0,0.0,True,True,False,0.0,0.0,ST,ST,0.0,never,B_exact_gp_district,Kagdar Bhatia,Udaipur,Rishabhdeo,True,,,,,,,,,,,,False,1_original_gp_lgd_history_match,never,0.0,0.0,0.0,ST,ST
290995.0,25.0508517087,73.666142794,R,RAJASTHAN,Rajsamand,NFHS4,Mamadeo Ki Bhagal,8,123,642,96949,41239.0,Kaleenjar,12,False,True,False,"{""41239"": 1.0}",True,41239,True,Mamadeo Ki Bhagal,Rajsamand,Kumbhalgarh,41239,Kaleenjar,True,41239,True,False,3_gp_no_reservation_history,41239,Kaleenjar,Rajsamand,Kumbhalgarh,kaleenjar,rajsamand,kumbhalgarh,Kaleenjar,kaleenjar,rajsamand,rajsamand,,,,,,,,,,,,False,False,False,,,,,,,,,,,False,,,,,,,,,,,,False,0_unmatched,,,,,,
290996.0,26.3641898378,75.5084171368,R,RAJASTHAN,Tonk,NFHS4,Dholi,8,120,615,92593,42048.0,Dholi,7,False,True,False,"{""42048"": 1.0}",True,42048,True,Dholi,Tonk,Malpura,42048,Dholi,True,42048,True,True,4_full_coverage,42048,Dholi,Tonk,Malpura,dholi,tonk,malpura,Dholi,dholi,tonk,tonk,dholi,tonk,1.0,1.0,malpura,1.0,once,1.0,once,1.0,0.0,True,True,False,1.0,0.0,GEN W,GEN,1.0,once,A_exact_gp_district_samiti,Dholi,Tonk,Malpura,True,,,,,,,,,,,,False,1_original_gp_lgd_history_match,once,1.0,1.0,0.0,GEN W,GEN
290997.0,25.0514850931,74.3765474296,R,RAJASTHAN,Chittaurgarh,NFHS4,Puthwadia,8,126,655,99999,36784.0,Upreda,11,False,True,False,"{""36784"": 1.0}",True,36784,True,Puthwadia,Chittorgarh,Rashmi,36784,Upreda,True,36784,True,True,4_full_coverage,36784,Upreda,Chittorgarh,Rashmi,upreda,chittorgarh,rashmi,Upreda,upreda,chittorgarh,chittorgarh,upreda,chittorgarh,1.0,1.0,rashmi,1.0,once,1.0,once,1.0,0.0,True,True,False,1.0,0.0,SC W,OBC,1.0,once,A_exact_gp_district_samiti,Upreda,Chittorgarh,Rashmi,True,,,,,,,,,,,,False,1_original_gp_lgd_history_match,once,1.0,1.0,0.0,SC W,OBC
291000.0,26.7442228334,72.1536031908,R,RAJASTHAN,Jodhpur,NFHS4,Jawaharpura,8,113,571,85043,,,6,False,True,False,{},True,,False,Jawaharpura,Phalodi,Dechoo,262353,Govindpura,True,262353,True,False,3_gp_no_reservation_history,262353,Govindpura,Phalodi,Dechoo,govindpura,phalodi,dechoo,Govindpura,govindpura,jodhpur,jodhpur,,,,,,,,,,,,False,False,False,,,,,,,,,,,False,,,,,,,,,,,,False,0_unmatched,,,,,,
291001.0,25.4437797916,71.6757877975,R,RAJASTHAN,Barmer,NFHS4,Aadhtara,8,115,581,87821,,,12,False,True,False,{},True,,False,Aadhtara,Barmer,Nokhra,295520,Khardi Beri,True,295520,True,False,3_gp_no_reservation_history,295520,Khardi Beri,Barmer,Gudha Malani,khardiberi,barmer,gudhamalani,Khardi Beri,khardiberi,barmer,barmer,,,,,,,,,,,,False,False,False,,,,,,,,,,,False,,,,,,,,,,,,False,0_unmatched,,,,,,
291002.0,26.8666066743,71.0796362448,R,RAJASTHAN,Jaisalmer,NFHS4,Akal,8,114,574,86170,38719.0,Dabla,4,False,True,False,"{""38719"": 1.0}",True,38719,True,Akal,Jaisalmer,Jaisalmer,38719,Dabla,True,38719,True,True,4_full_coverage,38719,Dabla,Jaisalmer,Jaisalmer,dabla,jaisalmer,jaisalmer,Dabla,dabla,jaisalmer,jaisalmer,dabla,jaisalmer,1.0,1.0,jaisalmer,1.0,never,0.0,never,0.0,0.0,True,True,False,0.0,0.0,SC,GEN,0.0,never,A_exact_gp_district_samiti,Dabla,Jaisalmer,Jaisalmer,True,,,,,,,,,,,,False,1_original_gp_lgd_history_match,never,0.0,0.0,0.0,SC,GEN
291003.0,26.2962139183,73.701362512,R,RAJASTHAN,Jodhpur,NFHS4,Banjara,8,113,573,85761,294474.0,Jaswantpura,6,False,True,False,"{""294474"": 1.0}",True,294474,True,Banjara,Jodhpur (Gramin),Bilara,294474,Jaswantpura,True,294474,True,False,3_gp_no_reservation_history,294474,Jaswantpura,Jodhpur (Gramin),Bilara,jaswantpura,jodhpurgramin,bilara,Jaswantpura,jaswantpura,jodhpur,jodhpur,,,,,,,,,,,,False,False,False,,,,,,,,,,,False,,,,,,,,,,,,False,0_unmatched,,,,,,
291005.0,23.4280147558,74.3553026151,R,RAJASTHAN,Banswara,NFHS4,Barodiya,8,125,653,99377,34363.0,Barodiya,16,False,True,False,"{""34363"": 1.0}",True,34363,True,Barodiya,Banswara,Bagidora,34363,Barodiya,True,34363,True,False,3_gp_no_reservation_history,34363,Barodiya,Banswara,Bagidora,barodiya,banswara,bagidora,Barodiya,barodiya,banswara,banswara,,,,,,,,,,,,False,False,False,,,,,,,,,,,False,,,,,,,,,,,,False,0_unmatched,,,,,,
291006.0,27.8503527548,75.8332581138,R,RAJASTHAN,Sikar,NFHS4,Natha Ki Nangal,8,111,556,82212,41762.0,Natha Ki Nangal,9,False,True,False,"{""41762"": 1.0}",True,41762,True,Natha Ki Nangal,Neem Ka Thana,Neem Ka Thana,41762,Natha Ki Nangal,True,41762,True,True,4_full_coverage,41762,Natha Ki Nangal,Neem Ka Thana,Neem Ka Thana,nathakinangal,neemkathana,neemkathana,Natha Ki Nangal,nathakinangal,sikar,sikar,nathakinangal,sikar,1.0,1.0,neemkathana,1.0,never,0.0,never,0.0,0.0,True,True,False,0.0,0.0,GEN,GEN,0.0,never,C_unique_gp_name_statewide,Natha Ki Nangal,Neem Ka Thana,Neem Ka Thana,True,,,,,,,,,,,,False,1_original_gp_lgd_history_match,never,0.0,0.0,0.0,GEN,GEN
291008.0,24.6967690499,72.2727439179,R,RAJASTHAN,Jalor,NFHS4,Bargaon,8,116,591,89860,38967.0,Bargaon,8,False,True,False,"{""38967"": 1.0}",True,38967,True,Bargaon,Sanchore,Raniwara,38967,Bargaon,True,38967,True,False,3_gp_no_reservation_history,38967,Bargaon,Sanchore,Raniwara,bargaon,sanchore,raniwara,Bargaon,bargaon,jalore,jalore,,,,,,,,,,,,False,False,False,,,,,,,,,,,False,,,,,,,,,,,,False,0_unmatched,,,,,,
291009.0,26.9629388111,76.5731851089,R,RAJASTHAN,Dausa,NFHS4,Sikandara,8,109,535,78287,37250.0,Sikandara,18,False,True,False,"{""37250"": 1.0}",True,37250,True,Sikandara,Dausa,Sikrai,37250,Sikandara,True,37250,True,True,4_full_coverage,37250,Sikandara,Dausa,Sikrai,sikandara,dausa,sikrai,Sikandara,sikandara,dausa,dausa,sikandara,dausa,1.0,1.0,sikrai,1.0,once,1.0,once,1.0,0.0,True,True,False,1.0,0.0,GEN W,SC,1.0,once,A_exact_gp_district_samiti,Sikandara,Dausa,Sikrai,True,,,,,,,,,,,,False,1_original_gp_lgd_history_match,once,1.0,1.0,0.0,GEN W,SC
291010.0,29.2215912923,75.304532981,R,RAJASTHAN,Hanumangarh,NFHS4,5 MRN,8,100,472,68852,37998.0,Meharana (8 Mrn ),7,False,True,False,"{""37998"": 1.0}",True,37998,True,5 Mrn,Hanumangarh,Bhadra,37998,Meharana (8 Mrn ),True,37998,True,False,3_gp_no_reservation_history,37998,Meharana (8 Mrn ),Hanumangarh,Bhadra,meharana8mrn,hanumangarh,bhadra,Meharana (8 Mrn ),meharana8mrn,hanumangarh,hanumangarh,,,,,,,,,,,,False,False,False,,,,,,,,,,,False,,,,,,,,,,,,False,0_unmatched,,,,,,
291012.0,24.9674074789,76.1098497296,R,RAJASTHAN,Kota,NFHS4,Peesahera,8,127,669,102386,40286.0,Khajoori,11,False,True,False,"{""40286"": 1.0}",True,40286,True,Peesahera,Kota,Sangod,40286,Khajoori,True,40286,True,True,4_full_coverage,40286,Khajoori,Kota,Sangod,khajoori,kota,sangod,Khajoori,khajoori,kota,kota,,,,,,,,,,,,False,True,False,0.0,1.0,GEN,SCW,1.0,once,C_unique_gp_name_statewide,Khajoori,Kota,Sangod,True,,,,,,,,,,,,False,1_original_gp_lgd_history_match,once,1.0,0.0,1.0,GEN,SCW
291014.0,27.4645442397,74.5980564793,R,RAJASTHAN,Nagaur,NFHS4,Girdharipura,8,112,558,82485,40403.0,Kalwani,7,False,True,False,"{""40403"": 1.0}",True,40403,True,Girdharipura,Didwana-Kuchaman,Didwana,40403,Kalwani,True,40403,True,False,3_gp_no_reservation_history,40403,Kalwani,Didwana-Kuchaman,Didwana,kalwani,didwanakuchaman,didwana,Kalwani,kalwani,nagaur,nagaur,,,,,,,,,,,,False,False,False,,,,,,,,,,,False,,,,,,,,,,,,False,0_unmatched,,,,,,
291015.0,24.3042396444,73.8389908408,R,RAJASTHAN,Udaipur,NFHS4,Jariyana,8,130,693,107385,42682.0,Amarpura,9,False,True,False,"{""42682"": 1.0}",True,42682,True,Jariyana,Salumbar,Sarada,42682,Amarpura,True,42682,True,False,3_gp_no_reservation_history,42682,Amarpura,Salumbar,Sarada,amarpura,salumbar,sarada,Amarpura,amarpura,udaipur,udaipur,amarpura,udaipur,1.0,1.0,sarada,1.0,twice,2.0,twice,1.0,1.0,True,True,True,,,,,,,,,,,False,,,,,,,,,,,,False,2_direct_gpname_dhsdistrict_match,twice,2.0,1.0,1.0,,
291016.0,25.2663690513,71.8942192113,R,RAJASTHAN,Barmer,NFHS4,Bhedana,8,115,581,88141,35083.0,Bhedana,4,False,True,False,"{""35083"": 1.0}",True,35083,True,Bhedana,Barmer,Gudha Malani,35083,Bhedana,True,35083,True,False,3_gp_no_reservation_history,35083,Bhedana,Barmer,Gudha Malani,bhedana,barmer,gudhamalani,Bhedana,bhedana,barmer,barmer,,,,,,,,,,,,False,False,False,,,,,,,,,,,False,,,,,,,,,,,,False,0_unmatched,,,,,,
291018.0,27.9469763666,75.9638370009,R,RAJASTHAN,Jhunjhunun,NFHS4,Jamalpur,8,103,490,71512,262609.0,Besarda,6,False,True,False,"{""262609"": 1.0}",True,262609,True,Jamalpur,Neem Ka Thana,Khetri,262609,Besarda,True,262609,True,False,3_gp_no_reservation_history,262609,Besarda,Neem Ka Thana,Khetri,besarda,neemkathana,khetri,Besarda,besarda,jhunjhunu,sikar,,,,,,,,,,,,False,False,False,,,,,,,,,,,False,,,,,,,,,,,,False,0_unmatched,,,,,,
291020.0,28.0584192542,75.9340909968,R,RAJASTHAN,Jhunjhunun,NFHS4,Kakrai,8,103,490,71500,39476.0,Mandri,11,False,True,False,"{""39476"": 1.0}",True,39476,True,Kakrai,Neem Ka Thana,Khetri,39476,Mandri,True,39476,True,True,4_full_coverage,39476,Mandri,Neem Ka Thana,Khetri,mandri,neemkathana,khetri,Mandri,mandri,jhunjhunu,sikar,mandri,jhunjhunu,1.0,1.0,khetri,1.0,twice,2.0,twice,1.0,1.0,True,True,False,1.0,1.0,SC W,OBCW,2.0,twice,C_unique_gp_name_statewide,Mandri,Neem Ka Thana,Khetri,True,,,,,,,,,,,,False,1_original_gp_lgd_history_match,twice,2.0,1.0,1.0,SC W,OBCW
291021.0,25.6113598744,71.280878779,R,RAJASTHAN,Barmer,NFHS4,Radwa,8,115,582,88327,34930.0,Balera,6,False,True,False,"{""34930"": 1.0}",True,34930,True,Radwa,Barmer,Barmer,34930,Balera,True,34930,True,True,4_full_coverage,34930,Balera,Barmer,Barmer,balera,barmer,barmer,Balera,balera,barmer,barmer,balera,barmer,1.0,1.0,barmer,1.0,once,1.0,once,0.0,1.0,True,True,False,0.0,1.0,OBC,GENW,1.0,once,A_exact_gp_district_samiti,Balera,Barmer,Barmer,True,,,,,,,,,,,,False,1_original_gp_lgd_history_match,once,1.0,0.0,1.0,OBC,GENW
291022.0,24.7787586264,74.130304141,R,RAJASTHAN,Chittaurgarh,NFHS4,Nilod,8,126,660,101020,36539.0,Nilodh,6,False,True,False,"{""36539"": 1.0}",True,36539,True,Nilod,Chittorgarh,Bhupalsagar,36539,Nilodh,True,36539,True,False,3_gp_no_reservation_history,36539,Nilodh,Chittorgarh,Bhupalsagar,nilodh,chittorgarh,bhupalsagar,Nilodh,nilodh,chittorgarh,chittorgarh,,,,,,,,,,,,False,False,False,,,,,,,,,,,False,once,1.0,1.0,0.0,SC W,ST,0.9090909090909091,0.9090909090909091,high_confidence_gp_and_close_samiti,nilod,BHOPALSAGAR,True,3_fuzzy_gpname_exact_or_close_samiti_match,once,1.0,1.0,0.0,SC W,ST
291023.0,26.6361102652,76.4868279993,R,RAJASTHAN,Sawai Madhopur,NFHS4,Bhanwra,8,108,527,77206,41328.0,Bhanwra,10,False,True,False,"{""41328"": 1.0}",True,41328,True,Bhanwra,Gangapurcity,Bamanwas,41328,Bhanwra,True,41328,True,False,3_gp_no_reservation_history,41328,Bhanwra,Gangapurcity,Bamanwas,bhanwra,gangapurcity,bamanwas,Bhanwra,bhanwra,sawaimadhopur,sawaimadhopur,,,,,,,,,,,,False,False,False,,,,,,,,,,,False,,,,,,,,,,,,False,0_unmatched,,,,,,
291024.0,24.6339521657,72.8758996492,R,RAJASTHAN,Sirohi,NFHS4,Phoola Bai Ka Khera,8,117,594,90094,262403.0,Panchdeval,8,False,True,False,"{""262403"": 1.0}",True,262403,True,Phoola Bai Ka Khera,Sirohi,Pindwara,262403,Panchdeval,True,262403,True,False,3_gp_no_reservation_history,262403,Panchdeval,Sirohi,Pindwara,panchdeval,sirohi,pindwara,Panchdeval,panchdeval,sirohi,sirohi,,,,,,,,,,,,False,False,False,,,,,,,,,,,False,,,,,,,,,,,,False,0_unmatched,,,,,,
291025.0,23.8949320781,73.5806849259,R,RAJASTHAN,Dungarpur,NFHS4,Bokhla Pal,8,124,646,97467,37462.0,Bokhala,11,False,True,False,"{""37462"": 1.0}",True,37462,True,Bokhla Pal,Dungarpur,Paldewal,37462,Bokhala,True,37462,True,True,4_full_coverage,37462,Bokhala,Dungarpur,Paldewal,bokhala,dungarpur,paldewal,Bokhala,bokhala,dungarpur,dungarpur,bokhala,dungarpur,1.0,1.0,bichhiwara,1.0,never,0.0,never,0.0,0.0,True,True,False,0.0,0.0,ST,ST,0.0,never,B_exact_gp_district,Bokhala,Dungarpur,Paldewal,True,,,,,,,,,,,,False,1_original_gp_lgd_history_match,never,0.0,0.0,0.0,ST,ST
291027.0,25.0823500961,72.9746567524,R,RAJASTHAN,Sirohi,NFHS4,Posaliya,8,117,592,89882,41963.0,Posaliyan,11,False,True,False,"{""41963"": 1.0}",True,41963,True,Posaliya,Sirohi,Sheoganj,41963,Posaliyan,True,41963,True,False,3_gp_no_reservation_history,41963,Posaliyan,Sirohi,Sheoganj,posaliyan,sirohi,sheoganj,Posaliyan,posaliyan,sirohi,sirohi,,,,,,,,,,,,False,False,False,,,,,,,,,,,False,once,1.0,0.0,1.0,ST,SCW,0.9411764705882353,1.0,high_confidence_gp_and_exact_samiti,posaliya,SHEOGANJ,True,3_fuzzy_gpname_exact_or_close_samiti_match,once,1.0,0.0,1.0,ST,SCW
291029.0,27.0598273814,77.4214294111,R,RAJASTHAN,Bharatpur,NFHS4,Pichoona,8,105,514,75230,35536.0,Pichuna,10,False,True,False,"{""35536"": 1.0}",True,35536,True,Pichoona,Bharatpur,Uchchain,35536,Pichuna,True,35536,True,True,4_full_coverage,35536,Pichuna,Bharatpur,Uchchain,pichuna,bharatpur,uchchain,Pichuna,pichuna,bharatpur,bharatpur,pichuna,bharatpur,1.0,1.0,rupbas,1.0,once,1.0,once,0.0,1.0,True,True,False,0.0,1.0,OBC,SCW,1.0,once,B_exact_gp_district,Pichuna,Bharatpur,Uchchain,True,,,,,,,,,,,,False,1_original_gp_lgd_history_match,once,1.0,0.0,1.0,OBC,SCW
291030.0,26.2092482564,74.7256535225,R,RAJASTHAN,Ajmer,NFHS4,Jharwasa,8,119,611,92170,33801.0,Jharwasa,7,False,True,False,"{""33801"": 1.0}",True,33801,True,Jharwasa,Ajmer,Nasirabad,33801,Jharwasa,True,33801,True,False,3_gp_no_reservation_history,33801,Jharwasa,Ajmer,Nasirabad,jharwasa,ajmer,nasirabad,Jharwasa,jharwasa,ajmer,ajmer,,,,,,,,,,,,False,False,False,,,,,,,,,,,False,,,,,,,,,,,,False,0_unmatched,,,,,,
291032.0,23.9784581185,74.2972731301,R,RAJASTHAN,Pratapgarh,NFHS4,Deola,8,131,696,107968,42323.0,Devla,6,False,True,False,"{""42323"": 1.0}",True,42323,True,Devla,Pratapgarh,Dhariawad,42323,Devla,True,42323,True,False,3_gp_no_reservation_history,42323,Devla,Pratapgarh,Dhariawad,devla,pratapgarh,dhariawad,Devla,devla,pratapgarh,pratapgarh,,,,,,,,,,,,False,False,False,,,,,,,,,,,False,once,1.0,0.0,1.0,ST,STW,0.9090909090909091,1.0,high_confidence_gp_and_exact_samiti,devala,DHARIAWAD,True,3_fuzzy_gpname_exact_or_close_samiti_match,once,1.0,0.0,1.0,ST,STW
291033.0,23.6356208555,73.642637523,R,RAJASTHAN,Dungarpur,NFHS4,Kundli,8,124,646,97663,37493.0,Renta,8,False,True,False,"{""37493"": 1.0}",True,37493,True,Kundli,Dungarpur,Dungarpur,37493,Renta,True,37493,True,True,4_full_coverage,37493,Renta,Dungarpur,Dungarpur,renta,dungarpur,dungarpur,Renta,renta,dungarpur,dungarpur,renta,dungarpur,1.0,1.0,bichhiwara,1.0,once,1.0,once,1.0,0.0,True,True,False,1.0,0.0,ST W,ST,1.0,once,B_exact_gp_district,Renta,Dungarpur,Dungarpur,True,,,,,,,,,,,,False,1_original_gp_lgd_history_match,once,1.0,1.0,0.0,ST W,ST
291034.0,26.5709822972,71.1488695005,R,RAJASTHAN,Jaisalmer,NFHS4,Unda,8,114,576,86508,262705.0,Unda,3,False,True,False,"{""262705"": 1.0}",True,262705,True,Unda,Jaisalmer,Fatehgarh,262705,Unda,True,262705,True,False,3_gp_no_reservation_history,262705,Unda,Jaisalmer,Fatehgarh,unda,jaisalmer,fatehgarh,Unda,unda,jaisalmer,jaisalmer,,,,,,,,,,,,False,False,False,,,,,,,,,,,False,,,,,,,,,,,,False,0_unmatched,,,,,,
291036.0,25.8069482614,73.667479376,R,RAJASTHAN,Pali,NFHS4,Khariya Swami,8,118,599,90663,41072.0,Khariya Soda,7,False,True,False,"{""41072"": 1.0}",True,41072,True,Khariya Swami,Pali,Sojat,41072,Khariya Soda,True,41072,True,True,4_full_coverage,41072,Khariya Soda,Pali,Sojat,khariyasoda,pali,sojat,Khariya Soda,khariyasoda,pali,pali,khariyasoda,pali,1.0,1.0,sojat,1.0,once,1.0,once,1.0,0.0,True,True,False,1.0,0.0,GEN W,GEN,1.0,once,A_exact_gp_district_samiti,Khariya Soda,Pali,Sojat,True,,,,,,,,,,,,False,1_original_gp_lgd_history_match,once,1.0,1.0,0.0,GEN W,GEN
291037.0,26.6981120184,74.5952972637,R,RAJASTHAN,Nagaur,NFHS4,Peelwa,8,112,564,83582,40752.0,Peelwa,11,False,True,False,"{""40752"": 1.0}",True,40752,True,Peelwa,Didwana-Kuchaman,Parbatsar,40752,Peelwa,True,40752,True,False,3_gp_no_reservation_history,40752,Peelwa,Didwana-Kuchaman,Parbatsar,peelwa,didwanakuchaman,parbatsar,Peelwa,peelwa,nagaur,nagaur,,,,,,,,,,,,False,False,False,,,,,,,,,,,False,,,,,,,,,,,,False,0_unmatched,,,,,,
291038.0,23.6340753762,74.3851203868,R,RAJASTHAN,Banswara,NFHS4,Timba Gamri,8,125,650,98651,34513.0,Badliya,18,False,True,False,"{""34513"": 1.0}",True,34513,True,Timba Gamri,Banswara,Ganora,34513,Badliya,True,34513,True,False,3_gp_no_reservation_history,34513,Badliya,Banswara,Ganora,badliya,banswara,ganora,Badliya,badliya,banswara,banswara,,,,,,,,,,,,False,False,False,,,,,,,,,,,False,,,,,,,,,,,,False,0_unmatched,,,,,,
291039.0,26.5935940539,76.9454461293,R,RAJASTHAN,Sawai Madhopur,NFHS4,Math,8,108,526,77093,41425.0,Raipur,7,False,True,False,"{""41425"": 1.0}",True,41425,True,Math,Gangapurcity,Wazeerpur,41425,Raipur,True,41425,True,False,3_gp_no_reservation_history,41425,Raipur,Gangapurcity,Wazeerpur,raipur,gangapurcity,wazeerpur,Raipur,raipur,sawaimadhopur,sawaimadhopur,raipur,sawaimadhopur,1.0,1.0,gangapur,1.0,once,1.0,once,0.0,1.0,True,True,True,,,,,,,,,,,False,,,,,,,,,,,,False,2_direct_gpname_dhsdistrict_match,once,1.0,0.0,1.0,,
291040.0,24.0126907863,74.1466135045,R,RAJASTHAN,Udaipur,NFHS4,Kalyana Khurd,8,130,692,107328,42661.0,Kalyana Kala,8,False,True,False,"{""42661"": 1.0}",True,42661,True,Kalyana Khurd,Salumbar,Jhallara,42661,Kalyana Kala,True,42661,True,False,3_gp_no_reservation_history,42661,Kalyana Kala,Salumbar,Jhallara,kalyanakala,salumbar,jhallara,Kalyana Kala,kalyanakala,udaipur,udaipur,,,,,,,,,,,,False,False,False,,,,,,,,,,,False,,,,,,,,,,,,False,0_unmatched,,,,,,
291042.0,26.6891296894,77.0771786039,R,RAJASTHAN,Karauli,NFHS4,Vamanpura Goojar,8,107,522,76528,,,8,False,True,False,{},True,,False,Vamanpura Goojar,Karauli,Hindaun,39981,Khareta,True,39981,True,True,4_full_coverage,39981,Khareta,Karauli,Hindaun,khareta,karauli,hindaun,Khareta,khareta,karauli,karauli,khareta,karauli,1.0,1.0,hindaun,1.0,never,0.0,never,0.0,0.0,True,True,False,0.0,0.0,GEN,GEN,0.0,never,A_exact_gp_district_samiti,Khareta,Karauli,Hindaun,True,,,,,,,,,,,,False,1_original_gp_lgd_history_match,never,0.0,0.0,0.0,GEN,GEN
291043.0,23.2546920615,74.4024111546,R,RAJASTHAN,Banswara,NFHS4,Bheemgarh,8,125,654,99657,294653.0,Bakaner,20,False,True,False,"{""294653"": 1.0}",True,294653,True,Bheemgarh,Banswara,Kushalgarh,294653,Bakaner,True,294653,True,False,3_gp_no_reservation_history,294653,Bakaner,Banswara,Kushalgarh,bakaner,banswara,kushalgarh,Bakaner,bakaner,banswara,banswara,,,,,,,,,,,,False,False,False,,,,,,,,,,,False,,,,,,,,,,,,False,0_unmatched,,,,,,
291044.0,26.7804960425,75.2467372276,R,RAJASTHAN,Jaipur,NFHS4,Chainpura,8,110,542,79675,38347.0,Chain Pura,4,False,True,False,"{""38347"": 1.0}",True,38347,True,Chainpura,Jaipur (Gramin),Phulera (Hq.Sambhar),38347,Chain Pura,True,38347,True,False,3_gp_no_reservation_history,38347,Chain Pura,Jaipur (Gramin),Kishangarh Renwal,chainpura,jaipurgramin,kishangarhrenwal,Chain Pura,chainpura,jaipur,jaipur,chainpura,jaipur,1.0,1.0,dudu,1.0,twice,2.0,twice,1.0,1.0,True,True,True,,,,,,,,,,,False,,,,,,,,,,,,False,2_direct_gpname_dhsdistrict_match,twice,2.0,1.0,1.0,,
291046.0,29.553971261,73.4821063628,R,RAJASTHAN,Ganganagar,NFHS4,11 PS,8,99,461,65185,37859.0,66 Rb,11,False,True,False,"{""37859"": 1.0}",True,37859,True,11 Ps,Anupgarh,Raisinghnagar,37859,66 Rb,True,37859,True,False,3_gp_no_reservation_history,37859,66 Rb,Anupgarh,Raisinghnagar,66rb,anupgarh,raisinghnagar,66 Rb,66rb,ganganagar,ganganagar,,,,,,,,,,,,False,False,False,,,,,,,,,,,False,never,0.0,0.0,0.0,OBC,SC,1.0,1.0,high_confidence_gp_and_exact_samiti,66 rb,RAISINGHNAGAR,True,3_fuzzy_gpname_exact_or_close_samiti_match,never,0.0,0.0,0.0,OBC,SC
291051.0,24.9670895311,74.4677966369,R,RAJASTHAN,Chittaurgarh,NFHS4,Banakiya Kalan,8,126,660,100911,36657.0,Banakiya Kalan,12,False,True,False,"{""36657"": 1.0}",True,36657,True,Banakiya Kalan,Chittorgarh,Kapasan,36657,Banakiya Kalan,True,36657,True,True,4_full_coverage,36657,Banakiya Kalan,Chittorgarh,Kapasan,banakiyakalan,chittorgarh,kapasan,Banakiya Kalan,banakiyakalan,chittorgarh,chittorgarh,banakiyakalan,chittorgarh,1.0,1.0,kapasan,1.0,once,1.0,once,0.0,1.0,True,True,False,0.0,1.0,GEN,GENW,1.0,once,A_exact_gp_district_samiti,Banakiya Kalan,Chittorgarh,Kapasan,True,,,,,,,,,,,,False,1_original_gp_lgd_history_match,once,1.0,0.0,1.0,GEN,GENW
291053.0,24.6123366323,73.9333715018,R,RAJASTHAN,Udaipur,NFHS4,Mandesar Ka Gurha,8,130,690,106750,42302.0,Toos Dangiyan,15,False,True,False,"{""42302"": 1.0}",True,42302,True,Mandesar Ka Gurha,Udaipur,Vallabhnagar,42302,Toos Dangiyan,True,42302,True,False,3_gp_no_reservation_history,42302,Toos Dangiyan,Udaipur,Vallabhnagar,toosdangiyan,udaipur,vallabhnagar,Toos Dangiyan,toosdangiyan,udaipur,udaipur,,,,,,,,,,,,False,False,False,,,,,,,,,,,False,,,,,,,,,,,,False,0_unmatched,,,,,,
291054.0,24.7610113792,73.0693731245,R,RAJASTHAN,Sirohi,NFHS4,Gadiya,8,117,594,90059,41883.0,Gharat,8,False,True,False,"{""41883"": 1.0}",True,41883,True,Gadiya,Sirohi,Pindwara,41883,Gharat,True,41883,True,True,4_full_coverage,41883,Gharat,Sirohi,Pindwara,gharat,sirohi,pindwara,Gharat,gharat,sirohi,sirohi,gharat,sirohi,1.0,1.0,pindwara,1.0,never,0.0,never,0.0,0.0,True,True,False,0.0,0.0,ST,ST,0.0,never,A_exact_gp_district_samiti,Gharat,Sirohi,Pindwara,True,,,,,,,,,,,,False,1_original_gp_lgd_history_match,never,0.0,0.0,0.0,ST,ST
291055.0,25.8654441971,72.2204648721,R,RAJASTHAN,Barmer,NFHS4,Jerla,8,115,579,87311,295331.0,Ramseen,8,False,True,False,"{""295331"": 1.0}",True,295331,True,Jerla,Balotra,Pachpadra,295331,Ramseen,True,295331,True,False,3_gp_no_reservation_history,295331,Ramseen,Balotra,Pachpadra,ramseen,balotra,pachpadra,Ramseen,ramseen,barmer,barmer,,,,,,,,,,,,False,False,False,,,,,,,,,,,False,,,,,,,,,,,,False,0_unmatched,,,,,,
291056.0,25.2014882817,72.6162484716,R,RAJASTHAN,Jalor,NFHS4,Doodsi,8,116,587,89308,38920.0,Doodasi,7,False,True,False,"{""38920"": 1.0}",True,38920,True,Doodsi,Jalore,Jalore,38920,Doodasi,True,38920,True,False,3_gp_no_reservation_history,38920,Doodasi,Jalore,Jalore,doodasi,jalore,jalore,Doodasi,doodasi,jalore,jalore,,,,,,,,,,,,False,False,False,,,,,,,,,,,False,,,,,,,,,,,,False,0_unmatched,,,,,,
291058.0,25.4098726881,70.9101749025,R,RAJASTHAN,Barmer,NFHS4,Sukaliya,8,115,584,88777,35032.0,Bijrad,6,False,True,False,"{""35032"": 1.0}",True,35032,True,Sukaliya,Barmer,Chohtan,35032,Bijrad,True,35032,True,True,4_full_coverage,35032,Bijrad,Barmer,Chohtan,bijrad,barmer,chohtan,Bijrad,bijrad,barmer,barmer,bijrad,barmer,1.0,1.0,chohtan,1.0,never,0.0,never,0.0,0.0,True,True,False,0.0,0.0,GEN,SC,0.0,never,A_exact_gp_district_samiti,Bijrad,Barmer,Chohtan,True,,,,,,,,,,,,False,1_original_gp_lgd_history_match,never,0.0,0.0,0.0,GEN,SC
291059.0,26.0108155815,73.8493570027,R,RAJASTHAN,Pali,NFHS4,Chandawal,8,118,599,90689,41057.0,Chandawal,10,False,True,False,"{""41057"": 1.0}",True,41057,True,Chandawal,Pali,Sojat,41057,Chandawal,True,41057,True,True,4_full_coverage,41057,Chandawal,Pali,Sojat,chandawal,pali,sojat,Chandawal,chandawal,pali,pali,chandawal,pali,1.0,1.0,sojat,1.0,once,1.0,once,1.0,0.0,True,True,False,1.0,0.0,GEN W,OBC,1.0,once,A_exact_gp_district_samiti,Chandawal,Pali,Sojat,True,,,,,,,,,,,,False,1_original_gp_lgd_history_match,once,1.0,1.0,0.0,GEN W,OBC
291060.0,24.9711186617,74.4427521905,R,RAJASTHAN,Chittaurgarh,NFHS4,Kodiya Kheri,8,126,660,100910,36667.0,Langach,13,False,True,False,"{""36667"": 1.0}",True,36667,True,Kodiya Kheri,Chittorgarh,Kapasan,36667,Langach,True,36667,True,True,4_full_coverage,36667,Langach,Chittorgarh,Kapasan,langach,chittorgarh,kapasan,Langach,langach,chittorgarh,chittorgarh,langach,chittorgarh,1.0,1.0,kapasan,1.0,never,0.0,never,0.0,0.0,True,True,False,0.0,0.0,SC,GEN,0.0,never,A_exact_gp_district_samiti,Langach,Chittorgarh,Kapasan,True,,,,,,,,,,,,False,1_original_gp_lgd_history_match,never,0.0,0.0,0.0,SC,GEN
291061.0,27.2082089149,76.1097351635,R,RAJASTHAN,Jaipur,NFHS4,Bahlor,8,110,548,80473,38438.0,Behlor,10,False,True,False,"{""38438"": 1.0}",True,38438,True,Bahlor,Jaipur (Gramin),Andhi,38438,Behlor,True,38438,True,False,3_gp_no_reservation_history,38438,Behlor,Jaipur (Gramin),Andhi,behlor,jaipurgramin,andhi,Behlor,behlor,jaipur,jaipur,,,,,,,,,,,,False,False,False,,,,,,,,,,,False,,,,,,,,,,,,False,0_unmatched,,,,,,
291062.0,25.7009320297,76.3709937369,R,RAJASTHAN,Kota,NFHS4,Chak Tori,8,127,665,101684,40187.0,Dhipri Chambal,6,False,True,False,"{""40187"": 1.0}",True,40187,True,Chak Tori,Kota,Pipalda,40187,Dhipri Chambal,True,40187,True,False,3_gp_no_reservation_history,40187,Dhipri Chambal,Kota,Pipalda,dhiprichambal,kota,pipalda,Dhipri Chambal,dhiprichambal,kota,kota,,,,,,,,,,,,False,False,False,,,,,,,,,,,False,,,,,,,,,,,,False,0_unmatched,,,,,,
291063.0,25.9265536156,74.2071285878,R,RAJASTHAN,Ajmer,NFHS4,Jawaja,8,119,609,91852,33666.0,Jawaja,10,False,True,False,"{""33666"": 1.0}",True,33666,True,Jawaja,Beawar,Beawar,33666,Jawaja,True,33666,True,True,4_full_coverage,33666,Jawaja,Beawar,Beawar,jawaja,beawar,beawar,Jawaja,jawaja,ajmer,ajmer,jawaja,ajmer,1.0,1.0,jawaja,1.0,once,1.0,once,1.0,0.0,True,True,False,1.0,0.0,GEN W,SC,1.0,once,C_unique_gp_name_statewide,Jawaja,Beawar,Beawar,True,,,,,,,,,,,,False,1_original_gp_lgd_history_match,once,1.0,1.0,0.0,GEN W,SC
291065.0,24.6269771534,75.9248307554,R,RAJASTHAN,Kota,NFHS4,Kishorpura,8,127,668,102295,40233.0,Manda,9,False,True,False,"{""40233"": 1.0}",True,40233,True,Kishorpura,Kota,Ramganj Mandi,40233,Manda,True,40233,True,True,4_full_coverage,40233,Manda,Kota,Ramganj Mandi,manda,kota,ramganjmandi,Manda,manda,kota,kota,manda,kota,1.0,1.0,khairabad,1.0,once,1.0,once,1.0,0.0,True,True,False,1.0,0.0,SC W,ST,1.0,once,B_exact_gp_district,Manda,Kota,Ramganj Mandi,True,,,,,,,,,,,,False,1_original_gp_lgd_history_match,once,1.0,1.0,0.0,SC W,ST
291066.0,24.6427193905,76.3400921594,R,RAJASTHAN,Jhalawar,NFHS4,Guwari,8,129,678,103895,39208.0,Gadarwara Noorji,12,False,True,False,"{""39208"": 1.0}",True,39208,True,Guwari,Jhalawar,Khanpur,39208,Gadarwara Noorji,True,39208,True,False,3_gp_no_reservation_history,39208,Gadarwara Noorji,Jhalawar,Khanpur,gadarwaranoorji,jhalawar,khanpur,Gadarwara Noorji,gadarwaranoorji,jhalawar,jhalawar,,,,,,,,,,,,False,False,False,,,,,,,,,,,False,,,,,,,,,,,,False,0_unmatched,,,,,,
291067.0,27.7417609789,75.2443280296,R,RAJASTHAN,Sikar,NFHS4,Tarpura,8,111,553,81510,41813.0,Tarpura,7,False,True,False,"{""41813"": 1.0}",True,41813,True,Tarpura,Sikar,Sikar,41813,Tarpura,True,41813,True,False,3_gp_no_reservation_history,41813,Tarpura,Sikar,Sikar,tarpura,sikar,sikar,Tarpura,tarpura,sikar,sikar,,,,,,,,,,,,False,False,False,,,,,,,,,,,False,,,,,,,,,,,,False,0_unmatched,,,,,,
291069.0,26.6988585514,76.9126789319,R,RAJASTHAN,Karauli,NFHS4,Norangabad,8,107,522,76567,39993.0,Shri Mahaveer Ji,16,False,True,False,"{""39993"": 1.0}",True,39993,True,Norangabad,Karauli,Shrimahaveer Ji,39993,Shri Mahaveer Ji,True,39993,True,True,4_full_coverage,39993,Shri Mahaveer Ji,Karauli,Shrimahaveer Ji,shrimahaveerji,karauli,shrimahaveerji,Shri Mahaveer Ji,shrimahaveerji,karauli,karauli,shrimahaveerji,karauli,1.0,1.0,hindaun,1.0,once,1.0,once,0.0,1.0,True,True,False,0.0,1.0,SC,GENW,1.0,once,B_exact_gp_district,Shri Mahaveer Ji,Karauli,Shrimahaveer Ji,True,,,,,,,,,,,,False,1_original_gp_lgd_history_match,once,1.0,0.0,1.0,SC,GENW
291070.0,26.6033923581,72.7238077105,R,RAJASTHAN,Jodhpur,NFHS4,Jasnath Bari,8,113,568,84646,,,5,False,True,False,{},True,,False,Jasnath Bari,Jodhpur (Gramin),Tinwari,294586,Jasnath Bari,True,294586,True,False,3_gp_no_reservation_history,294586,Jasnath Bari,Jodhpur (Gramin),Tinwari,jasnathbari,jodhpurgramin,tinwari,Jasnath Bari,jasnathbari,jodhpur,jodhpur,,,,,,,,,,,,False,False,False,,,,,,,,,,,False,,,,,,,,,,,,False,0_unmatched,,,,,,
291071.0,26.7678263301,76.5160513077,R,RAJASTHAN,Dausa,NFHS4,Moroli,8,109,535,78347,37248.0,Ranoli,6,False,True,False,"{""37248"": 1.0}",True,37248,True,Moroli,Dausa,Bahrawanda,37248,Ranoli,True,37248,True,True,4_full_coverage,37248,Ranoli,Dausa,Bahrawanda,ranoli,dausa,bahrawanda,Ranoli,ranoli,dausa,dausa,ranoli,dausa,1.0,1.0,sikrai,1.0,once,1.0,once,0.0,1.0,True,True,False,0.0,1.0,ST,GENW,1.0,once,B_exact_gp_district,Ranoli,Dausa,Bahrawanda,True,,,,,,,,,,,,False,1_original_gp_lgd_history_match,once,1.0,0.0,1.0,ST,GENW
291072.0,25.0810235369,73.941453905,R,RAJASTHAN,Rajsamand,NFHS4,Bhawa,8,123,643,97068,41300.0,Bhawa,11,False,True,False,"{""41300"": 1.0}",True,41300,True,Bhawa,Rajsamand,Kunwariya,41300,Bhawa,True,41300,True,False,3_gp_no_reservation_history,41300,Bhawa,Rajsamand,Kunwariya,bhawa,rajsamand,kunwariya,Bhawa,bhawa,rajsamand,rajsamand,,,,,,,,,,,,False,False,False,,,,,,,,,,,False,,,,,,,,,,,,False,0_unmatched,,,,,,
291073.0,26.6624593125,77.1948872176,R,RAJASTHAN,Karauli,NFHS4,Khera Rajgarh,8,107,523,76687,40048.0,Seeloti,7,False,True,False,"{""40048"": 1.0}",True,40048,True,Khera Rajgarh,Karauli,Masalpur,40048,Seeloti,True,40048,True,True,4_full_coverage,40048,Seeloti,Karauli,Masalpur,seeloti,karauli,masalpur,Seeloti,seeloti,karauli,karauli,seeloti,karauli,1.0,1.0,karauli,1.0,twice,2.0,twice,1.0,1.0,True,True,False,1.0,1.0,GEN W,SCW,2.0,twice,B_exact_gp_district,Seeloti,Karauli,Masalpur,True,,,,,,,,,,,,False,1_original_gp_lgd_history_match,twice,2.0,1.0,1.0,GEN W,SCW
291074.0,29.7753114986,73.3911121572,R,RAJASTHAN,Ganganagar,NFHS4,59 F-B,8,99,457,64292,37808.0,2 F C Mucan,8,False,True,False,"{""37808"": 1.0}",True,37808,True,59 F-B,Ganganagar,Karanpur,37808,2 F C Mucan,True,37808,True,False,3_gp_no_reservation_history,37808,2 F C Mucan,Ganganagar,Karanpur,2fcmucan,ganganagar,karanpur,2 F C Mucan,2fcmucan,ganganagar,ganganagar,,,,,,,,,,,,False,False,False,,,,,,,,,,,False,,,,,,,,,,,,False,0_unmatched,,,,,,
291075.0,26.8579205647,75.4671608291,R,RAJASTHAN,Jaipur,NFHS4,Jharna,8,110,543,79798,38366.0,Jharna,7,False,True,False,"{""38366"": 1.0}",True,38366,True,Jharna,Dudu,Mauzamabad,38366,Jharna,True,38366,True,True,4_full_coverage,38366,Jharna,Dudu,Mauzamabad,jharna,dudu,mauzamabad,Jharna,jharna,jaipur,jaipur,jharna,jaipur,2.0,2.0,bassi | dudu,1.0,once,1.0,once,0.0,1.0,True,True,False,0.0,1.0,GEN,STW,1.0,once,C_unique_gp_name_statewide,Jharna,Dudu,Mauzamabad,True,,,,,,,,,,,,False,1_original_gp_lgd_history_match,once,1.0,0.0,1.0,GEN,STW
291076.0,26.9591651928,77.5729634358,R,RAJASTHAN,Bharatpur,NFHS4,Rundh Rupbas,8,105,514,75337,35539.0,Rundh Roopbas,11,False,True,False,"{""35539"": 1.0}",True,35539,True,Rundh Rupbas,Bharatpur,Rupbas,35539,Rundh Roopbas,True,35539,True,True,4_full_coverage,35539,Rundh Roopbas,Bharatpur,Rupbas,rundhroopbas,bharatpur,rupbas,Rundh Roopbas,rundhroopbas,bharatpur,bharatpur,rundhroopbas,bharatpur,1.0,1.0,rupbas,1.0,never,0.0,never,0.0,0.0,True,True,False,0.0,0.0,GEN,SC,0.0,never,A_exact_gp_district_samiti,Rundh Roopbas,Bharatpur,Rupbas,True,,,,,,,,,,,,False,1_original_gp_lgd_history_match,never,0.0,0.0,0.0,GEN,SC
291077.0,24.345786613,76.5537714927,R,RAJASTHAN,Jhalawar,NFHS4,Semli Kalan,8,129,680,104510,39098.0,Pachola,8,False,True,False,"{""39098"": 1.0}",True,39098,True,Semli Kalan,Jhalawar,Aklera,39098,Pachola,True,39098,True,True,4_full_coverage,39098,Pachola,Jhalawar,Aklera,pachola,jhalawar,aklera,Pachola,pachola,jhalawar,jhalawar,pachola,jhalawar,1.0,1.0,bakani,1.0,once,1.0,once,0.0,1.0,True,True,False,0.0,1.0,OBC,GENW,1.0,once,B_exact_gp_district,Pachola,Jhalawar,Aklera,True,,,,,,,,,,,,False,1_original_gp_lgd_history_match,once,1.0,0.0,1.0,OBC,GENW
291078.0,25.676830583,75.7130287942,R,RAJASTHAN,Bundi,NFHS4,Chhabariyon Ka Naya Gaon,8,121,622,93699,36223.0,Chhabariyon Ka Naya Gaon,9,False,True,False,"{""36223"": 1.0}",True,36223,True,Chhabariyon Ka Naya Gaon,Bundi,Hindoli,36223,Chhabariyon Ka Naya Gaon,True,36223,True,False,3_gp_no_reservation_history,36223,Chhabariyon Ka Naya Gaon,Bundi,Hindoli,chhabariyonkanayagaon,bundi,hindoli,Chhabariyon Ka Naya Gaon,chhabariyonkanayagaon,bundi,bundi,,,,,,,,,,,,False,False,False,,,,,,,,,,,False,once,1.0,1.0,0.0,GEN W,GEN,0.9047619047619048,1.0,high_confidence_gp_and_exact_samiti,chhabadiyon ka nayawaon,HINDOLI,True,3_fuzzy_gpname_exact_or_close_samiti_match,once,1.0,1.0,0.0,GEN W,GEN
291079.0,23.9856069387,74.0809093406,R,RAJASTHAN,Udaipur,NFHS4,Jetana,8,130,692,107305,42657.0,Jetana,7,False,True,False,"{""42657"": 1.0}",True,42657,True,Jetana,Salumbar,Jhallara,42657,Jetana,True,42657,True,True,4_full_coverage,42657,Jetana,Salumbar,Jhallara,jetana,salumbar,jhallara,Jetana,jetana,udaipur,udaipur,jetana,udaipur,1.0,1.0,salumbar,1.0,never,0.0,never,0.0,0.0,True,True,False,0.0,0.0,ST,ST,0.0,never,C_unique_gp_name_statewide,Jetana,Salumbar,Jhallara,True,,,,,,,,,,,,False,1_original_gp_lgd_history_match,never,0.0,0.0,0.0,ST,ST
291080.0,23.7279602807,74.3110307195,R,RAJASTHAN,Banswara,NFHS4,Bassi Ada,8,125,650,98554,34517.0,Bassiada,15,False,True,False,"{""34517"": 1.0}",True,34517,True,Bassi Ada,Banswara,Ganora,34517,Bassiada,True,34517,True,True,4_full_coverage,34517,Bassiada,Banswara,Ganora,bassiada,banswara,ganora,Bassiada,bassiada,banswara,banswara,bassiada,banswara,1.0,1.0,ghatol,1.0,once,1.0,once,0.0,1.0,True,True,False,0.0,1.0,ST,STW,1.0,once,B_exact_gp_district,Bassiada,Banswara,Ganora,True,,,,,,,,,,,,False,1_original_gp_lgd_history_match,once,1.0,0.0,1.0,ST,STW
291082.0,25.8934325345,73.5617901769,R,RAJASTHAN,Pali,NFHS4,Bagawas,8,118,599,90656,41060.0,Dhakri,6,False,True,False,"{""41060"": 1.0}",True,41060,True,Bagawas,Pali,Sojat,41060,Dhakri,True,41060,True,False,3_gp_no_reservation_history,41060,Dhakri,Pali,Sojat,dhakri,pali,sojat,Dhakri,dhakri,pali,pali,,,,,,,,,,,,False,False,False,,,,,,,,,,,False,twice,2.0,1.0,1.0,GEN W,GENW,0.9230769230769231,1.0,high_confidence_gp_and_exact_samiti,dhakari,SOJAT,True,3_fuzzy_gpname_exact_or_close_samiti_match,twice,2.0,1.0,1.0,GEN W,GENW
291084.0,29.6394086982,74.4429376061,R,RAJASTHAN,Hanumangarh,NFHS4,14 FTP,8,100,467,67352,38101.0,Panniwali,7,False,True,False,"{""38101"": 1.0}",True,38101,True,14 Ftp,Hanumangarh,Tibbi,38101,Panniwali,True,38101,True,False,3_gp_no_reservation_history,38101,Panniwali,Hanumangarh,Tibbi,panniwali,hanumangarh,tibbi,Panniwali,panniwali,hanumangarh,hanumangarh,,,,,,,,,,,,False,False,False,,,,,,,,,,,False,,,,,,,,,,,,False,0_unmatched,,,,,,
291085.0,24.4179323855,74.6794853767,R,RAJASTHAN,Pratapgarh,NFHS4,Achalpura,8,131,698,108328,295015.0,Achalpura,13,False,True,False,"{""295015"": 1.0}",True,295015,True,Achalpura,Pratapgarh,Chhoti Sadri,295015,Achalpura,True,295015,True,False,3_gp_no_reservation_history,295015,Achalpura,Pratapgarh,Chhoti Sadri,achalpura,pratapgarh,chhotisadri,Achalpura,achalpura,pratapgarh,pratapgarh,,,,,,,,,,,,False,False,False,,,,,,,,,,,False,,,,,,,,,,,,False,0_unmatched,,,,,,
291086.0,26.6353792541,72.5684256853,R,RAJASTHAN,Jodhpur,NFHS4,Chamu,8,113,571,85222,39617.0,Chamu,4,False,True,False,"{""39617"": 1.0}",True,39617,True,Chamu,Jodhpur (Gramin),Chamu,39617,Chamu,True,39617,True,False,3_gp_no_reservation_history,39617,Chamu,Jodhpur (Gramin),Chamu,chamu,jodhpurgramin,chamu,Chamu,chamu,jodhpur,jodhpur,,,,,,,,,,,,False,False,False,,,,,,,,,,,False,,,,,,,,,,,,False,0_unmatched,,,,,,
291088.0,28.0594943059,76.4647803465,R,RAJASTHAN,Alwar,NFHS4,Kankar,8,104,493,71810,34122.0,Kuteena,11,False,True,False,"{""34122"": 1.0}",True,34122,True,Kankar,Kotputli-Behror,Neemrana,34122,Kuteena,True,34122,True,False,3_gp_no_reservation_history,34122,Kuteena,Kotputli-Behror,Neemrana,kuteena,kotputlibehror,neemrana,Kuteena,kuteena,alwar,jaipur,,,,,,,,,,,,False,False,False,,,,,,,,,,,False,,,,,,,,,,,,False,0_unmatched,,,,,,
291090.0,28.8981790512,74.4106850918,R,RAJASTHAN,Hanumangarh,NFHS4,KALLASAR,8,100,470,68580,38197.0,Pallu,4,False,True,False,"{""38197"": 1.0}",True,38197,True,Kallasar,Hanumangarh,Pallu,38197,Pallu,True,38197,True,False,3_gp_no_reservation_history,38197,Pallu,Hanumangarh,Pallu,pallu,hanumangarh,pallu,Pallu,pallu,hanumangarh,hanumangarh,,,,,,,,,,,,False,False,False,,,,,,,,,,,False,,,,,,,,,,,,False,0_unmatched,,,,,,
291092.0,29.9606833491,73.4923851082,R,RAJASTHAN,Ganganagar,NFHS4,13 S-A,8,99,457,64091,,,6,False,True,False,{},True,,False,13 S-A,Ganganagar,Karanpur,37781,2 X,True,37781,True,True,4_full_coverage,37781,2 X,Ganganagar,Karanpur,2x,ganganagar,karanpur,2 X,2x,ganganagar,ganganagar,2x,ganganagar,4.0,1.0,karanpur,1.0,once,1.0,once,0.0,1.0,True,True,False,0.0,1.0,SC,GENW,1.0,once,A_exact_gp_district_samiti,2 X,Ganganagar,Karanpur,True,,,,,,,,,,,,False,1_original_gp_lgd_history_match,once,1.0,0.0,1.0,SC,GENW
291094.0,29.2850039683,74.9050025266,R,RAJASTHAN,Hanumangarh,NFHS4,13 JSN,8,100,471,68675,38168.0,Gudiya (14 Jsn ),7,False,True,False,"{""38168"": 1.0}",True,38168,True,13 Jsn,Hanumangarh,Nohar,38168,Gudiya (14 Jsn ),True,38168,True,False,3_gp_no_reservation_history,38168,Gudiya (14 Jsn ),Hanumangarh,Nohar,gudiya14jsn,hanumangarh,nohar,Gudiya (14 Jsn ),gudiya14jsn,hanumangarh,hanumangarh,,,,,,,,,,,,False,False,False,,,,,,,,,,,False,,,,,,,,,,,,False,0_unmatched,,,,,,
291096.0,26.4750402479,76.359580036,R,RAJASTHAN,Dausa,NFHS4,Bagri,8,109,537,78987,37129.0,Bagri,12,False,True,False,"{""37129"": 1.0}",True,37129,True,Bagri,Dausa,Lalsot,37129,Bagri,True,37129,True,True,4_full_coverage,37129,Bagri,Dausa,Lalsot,bagri,dausa,lalsot,Bagri,bagri,dausa,dausa,bagri,dausa,1.0,1.0,lalsot,1.0,once,1.0,once,0.0,1.0,True,True,False,0.0,1.0,ST,SCW,1.0,once,A_exact_gp_district_samiti,Bagri,Dausa,Lalsot,True,,,,,,,,,,,,False,1_original_gp_lgd_history_match,once,1.0,0.0,1.0,ST,SCW
291097.0,27.5714497631,77.1655746029,R,RAJASTHAN,Bharatpur,NFHS4,Bansoli,8,105,506,74097,35362.0,Olanda,13,False,True,False,"{""35362"": 1.0}",True,35362,True,Bansoli,Deeg,Kaman,35362,Olanda,True,35362,True,True,4_full_coverage,35362,Olanda,Deeg,Kaman,olanda,deeg,kaman,Olanda,olanda,bharatpur,bharatpur,olanda,bharatpur,1.0,1.0,kaman,1.0,never,0.0,never,0.0,0.0,True,True,False,0.0,0.0,GEN,GEN,0.0,never,C_unique_gp_name_statewide,Olanda,Deeg,Kaman,True,,,,,,,,,,,,False,1_original_gp_lgd_history_match,never,0.0,0.0,0.0,GEN,GEN
291098.0,26.1306351453,74.5773514798,R,RAJASTHAN,Ajmer,NFHS4,Jamola,8,119,610,92054,33761.0,Jamola,11,False,True,False,"{""33761"": 1.0}",True,33761,True,Jamola,Beawar,Masuda,33761,Jamola,True,33761,True,True,4_full_coverage,33761,Jamola,Beawar,Masuda,jamola,beawar,masuda,Jamola,jamola,ajmer,ajmer,jamola,ajmer,1.0,1.0,masuda,1.0,never,0.0,never,0.0,0.0,True,True,False,0.0,0.0,OBC,GEN,0.0,never,C_unique_gp_name_statewide,Jamola,Beawar,Masuda,True,,,,,,,,,,,,False,1_original_gp_lgd_history_match,never,0.0,0.0,0.0,OBC,GEN
291101.0,28.6573735057,74.0988022991,R,RAJASTHAN,Churu,NFHS4,Nainasar,8,102,483,70292,294606.0,Nainasar,2,False,True,False,"{""294606"": 1.0}",True,294606,True,Nainasar,Churu,Bhanipura,294606,Nainasar,True,294606,True,False,3_gp_no_reservation_history,294606,Nainasar,Churu,Bhanipura,nainasar,churu,bhanipura,Nainasar,nainasar,churu,churu,,,,,,,,,,,,False,False,False,,,,,,,,,,,False,,,,,,,,,,,,False,0_unmatched,,,,,,
291102.0,27.2638722203,71.8317451567,R,RAJASTHAN,Jaisalmer,NFHS4,Chhayan-II,8,114,575,86263,38800.0,Chhayan,2,False,True,False,"{""38800"": 1.0}",True,38800,True,Chhayan-Ii,Jaisalmer,Pokaran,38800,Chhayan,True,38800,True,True,4_full_coverage,38800,Chhayan,Jaisalmer,Pokaran,chhayan,jaisalmer,pokaran,Chhayan,chhayan,jaisalmer,jaisalmer,chhayan,jaisalmer,1.0,1.0,sankra,1.0,never,0.0,never,0.0,0.0,True,True,False,0.0,0.0,GEN,GEN,0.0,never,B_exact_gp_district,Chhayan,Jaisalmer,Pokaran,True,,,,,,,,,,,,False,1_original_gp_lgd_history_match,never,0.0,0.0,0.0,GEN,GEN
291103.0,27.2037665734,70.3586098194,R,RAJASTHAN,Jaisalmer,NFHS4,Bandha,8,114,574,85834,38746.0,Bandha,2,False,True,False,"{""38746"": 1.0}",True,38746,True,Bandha,Jaisalmer,Ramgarh,38746,Bandha,True,38746,True,True,4_full_coverage,38746,Bandha,Jaisalmer,Ramgarh,bandha,jaisalmer,ramgarh,Bandha,bandha,jaisalmer,jaisalmer,bandha,jaisalmer,1.0,1.0,sam,1.0,never,0.0,never,0.0,0.0,True,True,False,0.0,0.0,SC,OBC,0.0,never,B_exact_gp_district,Bandha,Jaisalmer,Ramgarh,True,,,,,,,,,,,,False,1_original_gp_lgd_history_match,never,0.0,0.0,0.0,SC,OBC
291105.0,28.9037499972,72.7299200501,R,RAJASTHAN,Ganganagar,NFHS4,14 KND-A,8,99,463,65963,262431.0,12 Knd,6,False,True,False,"{""262431"": 1.0}",True,262431,True,14 Knd-A,Anupgarh,Rawla,262431,12 Knd,True,262431,True,False,3_gp_no_reservation_history,262431,12 Knd,Anupgarh,Rawla,12knd,anupgarh,rawla,12 Knd,12knd,ganganagar,ganganagar,,,,,,,,,,,,False,False,False,,,,,,,,,,,False,,,,,,,,,,,,False,0_unmatched,,,,,,
291107.0,25.2007687589,76.1420630398,R,RAJASTHAN,Kota,NFHS4,Ukalda,8,127,666,101972,299747.0,Padasaliya,9,False,True,False,"{""299747"": 1.0}",True,299747,True,Ukalda,Kota,Digod,299747,Padasaliya,True,299747,True,False,3_gp_no_reservation_history,299747,Padasaliya,Kota,Digod,padasaliya,kota,digod,Padasaliya,padasaliya,kota,kota,,,,,,,,,,,,False,False,False,,,,,,,,,,,False,,,,,,,,,,,,False,0_unmatched,,,,,,
291108.0,26.7317351825,75.4736732431,R,RAJASTHAN,Jaipur,NFHS4,Jhag,8,110,543,79854,38365.0,Jhag,8,False,True,False,"{""38365"": 1.0}",True,38365,True,Jhag,Dudu,Mauzamabad,38365,Jhag,True,38365,True,True,4_full_coverage,38365,Jhag,Dudu,Mauzamabad,jhag,dudu,mauzamabad,Jhag,jhag,jaipur,jaipur,jhag,jaipur,1.0,1.0,dudu,1.0,once,1.0,once,1.0,0.0,True,True,False,1.0,0.0,GEN W,OBC,1.0,once,C_unique_gp_name_statewide,Jhag,Dudu,Mauzamabad,True,,,,,,,,,,,,False,1_original_gp_lgd_history_match,once,1.0,1.0,0.0,GEN W,OBC
291109.0,26.7475937018,73.6663093968,R,RAJASTHAN,Jodhpur,NFHS4,Harsolao,8,112,562,83085,40616.0,Harsolao,4,False,True,False,"{""40616"": 1.0}",True,40616,True,Harsolao,Nagaur,Merta,40616,Harsolao,True,40616,True,False,3_gp_no_reservation_history,40616,Harsolao,Nagaur,Merta,harsolao,nagaur,merta,Harsolao,harsolao,jodhpur,nagaur,,,,,,,,,,,,False,False,False,,,,,,,,,,,False,,,,,,,,,,,,False,0_unmatched,,,,,,
291111.0,26.1739958044,76.0428118419,R,RAJASTHAN,Sawai Madhopur,NFHS4,Shiwar,8,108,530,77535,41514.0,Shiwar,5,False,True,False,"{""41514"": 1.0}",True,41514,True,Shiwar,Sawai Madhopur,Chauth Ka Barwara,41514,Shiwar,True,41514,True,False,3_gp_no_reservation_history,41514,Shiwar,Sawai Madhopur,Chauth Ka Barwara,shiwar,sawaimadhopur,chauthkabarwara,Shiwar,shiwar,sawaimadhopur,sawaimadhopur,,,,,,,,,,,,False,False,False,,,,,,,,,,,False,,,,,,,,,,,,False,0_unmatched,,,,,,
291112.0,29.1747419751,73.3294801858,R,RAJASTHAN,Ganganagar,NFHS4,65 GB,8,99,462,65690,37709.0,65 Gb,9,False,True,False,"{""37709"": 1.0}",True,37709,True,65 Gb,Anupgarh,Anupgarh,37709,65 Gb,True,37709,True,False,3_gp_no_reservation_history,37709,65 Gb,Anupgarh,Anupgarh,65gb,anupgarh,anupgarh,65 Gb,65gb,ganganagar,ganganagar,,,,,,,,,,,,False,False,False,,,,,,,,,,,False,twice,2.0,1.0,1.0,GEN W,GENW,1.0,1.0,high_confidence_gp_and_exact_samiti,65 gb,ANUPGARH,True,3_fuzzy_gpname_exact_or_close_samiti_match,twice,2.0,1.0,1.0,GEN W,GENW
291115.0,28.2164469689,75.3992251724,R,RAJASTHAN,Jhunjhunun,NFHS4,Ashok Nagar,8,103,487,70961,,,10,False,True,False,{},True,,False,Ashok Nagar,Jhunjhunu,Malsisar,39349,Sonasar,True,39349,True,True,4_full_coverage,39349,Sonasar,Jhunjhunu,Malsisar,sonasar,jhunjhunu,malsisar,Sonasar,sonasar,jhunjhunu,jhunjhunu,sonasar,jhunjhunu,1.0,1.0,alsisar,1.0,once,1.0,once,0.0,1.0,True,True,False,0.0,1.0,GEN,GENW,1.0,once,B_exact_gp_district,Sonasar,Jhunjhunu,Malsisar,True,,,,,,,,,,,,False,1_original_gp_lgd_history_match,once,1.0,0.0,1.0,GEN,GENW
291116.0,28.7158873197,73.3294500645,R,RAJASTHAN,Bikaner,NFHS4,Mahadeowali,8,101,479,69803,36114.0,Mahadevwali,3,False,True,False,"{""36114"": 1.0}",True,36114,True,Mahadev Vali,Bikaner,Chhatargarh,36114,Mahadevwali,True,36114,True,False,3_gp_no_reservation_history,36114,Mahadevwali,Bikaner,Chhatargarh,mahadevwali,bikaner,chhatargarh,Mahadevwali,mahadevwali,bikaner,bikaner,,,,,,,,,,,,False,False,False,,,,,,,,,,,False,,,,,,,,,,,,False,0_unmatched,,,,,,
291118.0,25.4598079909,73.9481495961,R,RAJASTHAN,Rajsamand,NFHS4,Beer Deogarh,8,123,640,96620,41183.0,Swadari(A),8,False,True,False,"{""41183"": 1.0}",True,41183,True,Beer Deogarh,Rajsamand,Deogarh,41183,Swadari(A),True,41183,True,False,3_gp_no_reservation_history,41183,Swadari(A),Rajsamand,Deogarh,swadaria,rajsamand,deogarh,Swadari(A),swadaria,rajsamand,rajsamand,,,,,,,,,,,,False,False,False,,,,,,,,,,,False,never,0.0,0.0,0.0,GEN,ST,0.9333333333333333,1.0,high_confidence_gp_and_exact_samiti,swadari,DEOGARH,True,3_fuzzy_gpname_exact_or_close_samiti_match,never,0.0,0.0,0.0,GEN,ST
291119.0,27.7603927748,77.2606365722,R,RAJASTHAN,Bharatpur,NFHS4,Khaichatan,8,105,506,73995,294135.0,Bamni,15,False,True,False,"{""294135"": 1.0}",True,294135,True,Khaichatan,Deeg,Jurhara,294135,Bamni,True,294135,True,False,3_gp_no_reservation_history,294135,Bamni,Deeg,Jurhara,bamni,deeg,jurhara,Bamni,bamni,bharatpur,bharatpur,,,,,,,,,,,,False,False,False,,,,,,,,,,,False,,,,,,,,,,,,False,0_unmatched,,,,,,
291120.0,28.4663907533,73.2681754625,R,RAJASTHAN,Bikaner,NFHS4,Ambaran,8,101,479,69840,,,2,False,True,False,{},True,,False,Ambaran,Bikaner,Chhatargarh,36119,Rajasar Bhatiyan,True,36119,True,True,4_full_coverage,36119,Rajasar Bhatiyan,Bikaner,Chhatargarh,rajasarbhatiyan,bikaner,chhatargarh,Rajasar Bhatiyan,rajasarbhatiyan,bikaner,bikaner,rajasarbhatiyan,bikaner,1.0,1.0,lunkaransar,1.0,once,1.0,once,1.0,0.0,True,True,False,1.0,0.0,GEN W,OBC,1.0,once,B_exact_gp_district,Rajasar Bhatiyan,Bikaner,Chhatargarh,True,,,,,,,,,,,,False,1_original_gp_lgd_history_match,once,1.0,1.0,0.0,GEN W,OBC
291122.0,25.1170035334,75.6434936932,R,RAJASTHAN,Bundi,NFHS4,Bijari,8,121,626,94551,36350.0,Dora,5,False,True,False,"{""36350"": 1.0}",True,36350,True,Bijari,Bundi,Talera,36350,Dora,True,36350,True,False,3_gp_no_reservation_history,36350,Dora,Bundi,Talera,dora,bundi,talera,Dora,dora,bundi,bundi,,,,,,,,,,,,False,False,False,,,,,,,,,,,False,never,0.0,0.0,0.0,ST,GEN,1.0,1.0,high_confidence_gp_and_exact_samiti,dora,TALERA,True,3_fuzzy_gpname_exact_or_close_samiti_match,never,0.0,0.0,0.0,ST,GEN
291123.0,27.9247243203,74.1516238119,R,RAJASTHAN,Bikaner,NFHS4,Indpalsar Gusainsar,8,101,480,69918,294031.0,Indrpalsar Gudaisar,6,False,True,False,"{""294031"": 1.0}",True,294031,True,Indpalsar Gusainsar,Bikaner,Sridungargarh,294031,Indrpalsar Gudaisar,True,294031,True,False,3_gp_no_reservation_history,294031,Indrpalsar Gudaisar,Bikaner,Sridungargarh,indrpalsargudaisar,bikaner,sridungargarh,Indrpalsar Gudaisar,indrpalsargudaisar,bikaner,bikaner,,,,,,,,,,,,False,False,False,,,,,,,,,,,False,,,,,,,,,,,,False,0_unmatched,,,,,,
291125.0,24.0679366622,74.3454160928,R,RAJASTHAN,Pratapgarh,NFHS4,Nathiya Khera,8,131,696,107926,42350.0,Parel,14,False,True,False,"{""42350"": 1.0}",True,42350,True,Nathiya Khera,Pratapgarh,Dhariawad,42350,Parel,True,42350,True,True,4_full_coverage,42350,Parel,Pratapgarh,Dhariawad,parel,pratapgarh,dhariawad,Parel,parel,pratapgarh,pratapgarh,parel,pratapgarh,1.0,1.0,dhariawad,1.0,once,1.0,once,0.0,1.0,True,True,False,0.0,1.0,ST,STW,1.0,once,A_exact_gp_district_samiti,Parel,Pratapgarh,Dhariawad,True,,,,,,,,,,,,False,1_original_gp_lgd_history_match,once,1.0,0.0,1.0,ST,STW
291126.0,24.7452225136,72.8647508314,R,RAJASTHAN,Sirohi,NFHS4,Ker,8,117,594,90071,294187.0,Ker,9,False,True,False,"{""294187"": 1.0}",True,294187,True,Ker,Sirohi,Pindwara,294187,Ker,True,294187,True,False,3_gp_no_reservation_history,294187,Ker,Sirohi,Pindwara,ker,sirohi,pindwara,Ker,ker,sirohi,sirohi,,,,,,,,,,,,False,False,False,,,,,,,,,,,False,,,,,,,,,,,,False,0_unmatched,,,,,,
291128.0,25.2459127268,76.6984957589,R,RAJASTHAN,Baran,NFHS4,Moyda,8,128,674,103020,34829.0,Karwari Kalan,9,False,True,False,"{""34829"": 1.0}",True,34829,True,Moyda,Baran,Kishanganj,34829,Karwari Kalan,True,34829,True,True,4_full_coverage,34829,Karwari Kalan,Baran,Kishanganj,karwarikalan,baran,kishanganj,Karwari Kalan,karwarikalan,baran,baran,karwarikalan,baran,1.0,1.0,kishanganj,1.0,never,0.0,never,0.0,0.0,True,True,False,0.0,0.0,GEN,ST,0.0,never,A_exact_gp_district_samiti,Karwari Kalan,Baran,Kishanganj,True,,,,,,,,,,,,False,1_original_gp_lgd_history_match,never,0.0,0.0,0.0,GEN,ST
291131.0,27.1338032355,77.3053547837,R,RAJASTHAN,Bharatpur,NFHS4,Basaiya Kalan,8,105,509,74501,35423.0,Gagwana,16,False,True,False,"{""35423"": 1.0}",True,35423,True,Basaiya Kalan,Bharatpur,Nadbai,35423,Gagwana,True,35423,True,True,4_full_coverage,35423,Gagwana,Bharatpur,Nadbai,gagwana,bharatpur,nadbai,Gagwana,gagwana,bharatpur,bharatpur,gagwana,bharatpur,1.0,1.0,nadbai,1.0,once,1.0,once,1.0,0.0,True,True,False,1.0,0.0,GEN W,GEN,1.0,once,A_exact_gp_district_samiti,Gagwana,Bharatpur,Nadbai,True,,,,,,,,,,,,False,1_original_gp_lgd_history_match,once,1.0,1.0,0.0,GEN W,GEN
291135.0,23.9352100915,73.8765917991,R,RAJASTHAN,Dungarpur,NFHS4,Khempur,8,124,646,97595,37521.0,Khempur,14,False,True,False,"{""37521"": 1.0}",True,37521,True,Khempur,Dungarpur,Dovda,37521,Khempur,True,37521,True,True,4_full_coverage,37521,Khempur,Dungarpur,Dovda,khempur,dungarpur,dovda,Khempur,khempur,dungarpur,dungarpur,khempur,dungarpur,1.0,1.0,dungarpur,1.0,never,0.0,never,0.0,0.0,True,True,False,0.0,0.0,ST,ST,0.0,never,B_exact_gp_district,Khempur,Dungarpur,Dovda,True,,,,,,,,,,,,False,1_original_gp_lgd_history_match,never,0.0,0.0,0.0,ST,ST
291136.0,27.7903240174,75.5061915474,R,RAJASTHAN,Jhunjhunun,NFHS4,Jaitpura,8,103,492,71728,294858.0,Jaitpura,6,False,True,False,"{""294858"": 1.0}",True,294858,True,Jaitpura,Jhunjhunu,Gudhagorji,294858,Jaitpura,True,294858,True,False,3_gp_no_reservation_history,294858,Jaitpura,Jhunjhunu,Gudhagorji,jaitpura,jhunjhunu,gudhagorji,Jaitpura,jaitpura,jhunjhunu,jhunjhunu,,,,,,,,,,,,False,False,False,,,,,,,,,,,False,,,,,,,,,,,,False,0_unmatched,,,,,,
291137.0,26.6454523805,77.1783004865,R,RAJASTHAN,Karauli,NFHS4,Seeloti,8,107,523,76684,40048.0,Seeloti,11,False,True,False,"{""40048"": 1.0}",True,40048,True,Seeloti,Karauli,Masalpur,40048,Seeloti,True,40048,True,True,4_full_coverage,40048,Seeloti,Karauli,Masalpur,seeloti,karauli,masalpur,Seeloti,seeloti,karauli,karauli,seeloti,karauli,1.0,1.0,karauli,1.0,twice,2.0,twice,1.0,1.0,True,True,False,1.0,1.0,GEN W,SCW,2.0,twice,B_exact_gp_district,Seeloti,Karauli,Masalpur,True,,,,,,,,,,,,False,1_original_gp_lgd_history_match,twice,2.0,1.0,1.0,GEN W,SCW
291138.0,24.8221250162,72.2898404304,R,RAJASTHAN,Jalor,NFHS4,Dadoki,8,116,591,89808,38965.0,Akhrad,8,False,True,False,"{""38965"": 1.0}",True,38965,True,Dadoki,Sanchore,Raniwara,38965,Akhrad,True,38965,True,False,3_gp_no_reservation_history,38965,Akhrad,Sanchore,Raniwara,akhrad,sanchore,raniwara,Akhrad,akhrad,jalore,jalore,,,,,,,,,,,,False,False,False,,,,,,,,,,,False,never,0.0,0.0,0.0,GEN,SC,0.9230769230769231,1.0,high_confidence_gp_and_exact_samiti,aakhrad,RANIWARA,True,3_fuzzy_gpname_exact_or_close_samiti_match,never,0.0,0.0,0.0,GEN,SC
291140.0,24.3845040942,76.0707542469,R,RAJASTHAN,Jhalawar,NFHS4,Dubaliya,8,129,683,105023,39283.0,Dubaliya,10,False,True,False,"{""39283"": 1.0}",True,39283,True,Dubaliya,Jhalawar,Raipur,39283,Dubaliya,True,39283,True,False,3_gp_no_reservation_history,39283,Dubaliya,Jhalawar,Raipur,dubaliya,jhalawar,raipur,Dubaliya,dubaliya,jhalawar,jhalawar,,,,,,,,,,,,False,False,False,,,,,,,,,,,False,,,,,,,,,,,,False,0_unmatched,,,,,,
291141.0,27.5563361717,75.2120442646,R,RAJASTHAN,Sikar,NFHS4,Malkera,8,111,553,81648,41796.0,Malkera,10,False,True,False,"{""41796"": 1.0}",True,41796,True,Malkera,Sikar,Sikar,41796,Malkera,True,41796,True,False,3_gp_no_reservation_history,41796,Malkera,Sikar,Sikar,malkera,sikar,sikar,Malkera,malkera,sikar,sikar,,,,,,,,,,,,False,False,False,,,,,,,,,,,False,,,,,,,,,,,,False,0_unmatched,,,,,,
291142.0,25.6217594177,72.4801034066,R,RAJASTHAN,Barmer,NFHS4,Mawri,8,115,580,87582,35232.0,Mawari,7,False,True,False,"{""35232"": 1.0}",True,35232,True,Mawri,Balotra,Siwana,35232,Mawari,True,35232,True,False,3_gp_no_reservation_history,35232,Mawari,Balotra,Siwana,mawari,balotra,siwana,Mawari,mawari,barmer,barmer,,,,,,,,,,,,False,False,False,,,,,,,,,,,False,,,,,,,,,,,,False,0_unmatched,,,,,,
291143.0,24.0897797079,74.767909238,R,RAJASTHAN,Pratapgarh,NFHS4,Sidhpura,8,131,699,108572,36757.0,Sidh Pura,13,False,True,False,"{""36757"": 1.0}",True,36757,True,Sidhpura,Pratapgarh,Pratapgarh,36757,Sidh Pura,True,36757,True,False,3_gp_no_reservation_history,36757,Sidh Pura,Pratapgarh,Pratapgarh,sidhpura,pratapgarh,pratapgarh,Sidh Pura,sidhpura,pratapgarh,pratapgarh,,,,,,,,,,,,False,False,False,,,,,,,,,,,False,never,0.0,0.0,0.0,ST,ST,0.9411764705882353,1.0,high_confidence_gp_and_exact_samiti,siddhpura,PRATAPGARH,True,3_fuzzy_gpname_exact_or_close_samiti_match,never,0.0,0.0,0.0,ST,ST
291144.0,26.7565716678,77.8620202276,R,RAJASTHAN,Dhaulpur,NFHS4,Odi Ka Pura,8,106,518,75972,37351.0,Odi,16,False,True,False,"{""37351"": 1.0}",True,37351,True,Odi Ka Pura,Dholpur,Dholpur,37351,Odi,True,37351,True,False,3_gp_no_reservation_history,37351,Odi,Dholpur,Dholpur,odi,dholpur,dholpur,Odi,odi,dholpur,dholpur,,,,,,,,,,,,False,False,False,,,,,,,,,,,False,,,,,,,,,,,,False,0_unmatched,,,,,,
291149.0,24.2772342172,74.0459792734,R,RAJASTHAN,Udaipur,NFHS4,Eklavya Nagar,8,130,692,107129,,,13,False,True,False,{},True,,False,Eklavya Nagar,Salumbar,Salumbar,42675,Saradi,True,42675,True,True,4_full_coverage,42675,Saradi,Salumbar,Salumbar,saradi,salumbar,salumbar,Saradi,saradi,udaipur,udaipur,saradi,udaipur,1.0,1.0,salumbar,1.0,never,0.0,never,0.0,0.0,True,True,False,0.0,0.0,ST,ST,0.0,never,C_unique_gp_name_statewide,Saradi,Salumbar,Salumbar,True,,,,,,,,,,,,False,1_original_gp_lgd_history_match,never,0.0,0.0,0.0,ST,ST
291150.0,25.0015985442,70.9629193384,R,RAJASTHAN,Barmer,NFHS4,Saraiyon Ka Tala,8,115,584,88948,35048.0,Janpaliya,3,False,True,False,"{""35048"": 1.0}",True,35048,True,Saraiyon Ka Tala,Barmer,Sedwa,35048,Janpaliya,True,35048,True,False,3_gp_no_reservation_history,35048,Janpaliya,Barmer,Sedwa,janpaliya,barmer,sedwa,Janpaliya,janpaliya,barmer,barmer,,,,,,,,,,,,False,False,False,,,,,,,,,,,False,,,,,,,,,,,,False,0_unmatched,,,,,,
291151.0,25.2759960896,76.1442737581,R,RAJASTHAN,Kota,NFHS4,Zalimpura,8,127,666,101935,40315.0,Jalimpura,9,False,True,False,"{""40315"": 1.0}",True,40315,True,Jalimpura,Kota,Digod,40315,Jalimpura,True,40315,True,False,3_gp_no_reservation_history,40315,Jalimpura,Kota,Digod,jalimpura,kota,digod,Jalimpura,jalimpura,kota,kota,,,,,,,,,,,,False,False,False,,,,,,,,,,,False,,,,,,,,,,,,False,0_unmatched,,,,,,
291152.0,27.4263244072,72.9753239388,R,RAJASTHAN,Bikaner,NFHS4,Hanuman Nagar,8,101,476,69571,36064.0,Bhelu,1,True,False,False,"{""36064"": 1.0}",True,36064,True,Hanuman Nagar,Bikaner,Hadan,36064,Bhelu,True,36064,True,True,4_full_coverage,36064,Bhelu,Bikaner,Hadan,bhelu,bikaner,hadan,Bhelu,bhelu,bikaner,bikaner,bhelu,bikaner,1.0,1.0,kolayat,1.0,once,1.0,once,0.0,1.0,True,True,False,0.0,1.0,SC,GENW,1.0,once,B_exact_gp_district,Bhelu,Bikaner,Hadan,True,,,,,,,,,,,,False,1_original_gp_lgd_history_match,once,1.0,0.0,1.0,SC,GENW
291154.0,24.7291207503,71.6943779037,R,RAJASTHAN,Jalor,NFHS4,Vasan Chauhan,8,116,590,89652,,,7,False,True,False,{},True,,False,Vasan Chauhan,Sanchore,Sanchore,39014,Kilawa,True,39014,True,False,3_gp_no_reservation_history,39014,Kilawa,Sanchore,Sanchore,kilawa,sanchore,sanchore,Kilawa,kilawa,jalore,jalore,,,,,,,,,,,,False,False,False,,,,,,,,,,,False,,,,,,,,,,,,False,0_unmatched,,,,,,
291155.0,28.5027846211,75.3551238566,R,RAJASTHAN,Churu,NFHS4,Bairasar Bara,8,102,482,70243,36820.0,Bairasar Chhota,7,False,True,False,"{""36820"": 1.0}",True,36820,True,Bairasar Bara,Churu,Rajgarh,36820,Bairasar Chhota,True,36820,True,True,4_full_coverage,36820,Bairasar Chhota,Churu,Rajgarh,bairasarchhota,churu,rajgarh,Bairasar Chhota,bairasarchhota,churu,churu,bairasarchhota,churu,1.0,1.0,rajgarh,1.0,never,0.0,never,0.0,0.0,True,True,False,0.0,0.0,SC,GEN,0.0,never,A_exact_gp_district_samiti,Bairasar Chhota,Churu,Rajgarh,True,,,,,,,,,,,,False,1_original_gp_lgd_history_match,never,0.0,0.0,0.0,SC,GEN
291156.0,25.0264921947,75.7199230142,R,RAJASTHAN,Kota,NFHS4,Akhawa,8,127,667,102104,40249.0,Borabas,1,True,False,False,"{""40249"": 1.0}",True,40249,True,Akhawa,Kota,Ladpura,40249,Borabas,True,40249,True,True,4_full_coverage,40249,Borabas,Kota,Ladpura,borabas,kota,ladpura,Borabas,borabas,kota,kota,borabas,kota,1.0,1.0,ladpura,1.0,once,1.0,once,1.0,0.0,True,True,False,1.0,0.0,GEN W,OBC,1.0,once,A_exact_gp_district_samiti,Borabas,Kota,Ladpura,True,,,,,,,,,,,,False,1_original_gp_lgd_history_match,once,1.0,1.0,0.0,GEN W,OBC
291157.0,25.1179437973,76.4227823957,R,RAJASTHAN,Baran,NFHS4,Bijora,8,128,671,102663,34667.0,Bijora,7,False,True,False,"{""34667"": 1.0}",True,34667,True,Bijora,Baran,Anta,34667,Bijora,True,34667,True,True,4_full_coverage,34667,Bijora,Baran,Anta,bijora,baran,anta,Bijora,bijora,baran,baran,bijora,baran,1.0,1.0,antah,1.0,never,0.0,never,0.0,0.0,True,True,False,0.0,0.0,GEN,OBC,0.0,never,B_exact_gp_district,Bijora,Baran,Anta,True,,,,,,,,,,,,False,1_original_gp_lgd_history_match,never,0.0,0.0,0.0,GEN,OBC
291159.0,26.0675111973,76.0647401148,R,RAJASTHAN,Tonk,NFHS4,Sedri,8,120,621,93472,42215.0,Kunder,5,False,True,False,"{""42215"": 1.0}",True,42215,True,Sedri,Tonk,Uniara,42215,Kunder,True,42215,True,True,4_full_coverage,42215,Kunder,Tonk,Uniara,kunder,tonk,uniara,Kunder,kunder,tonk,tonk,kunder,tonk,1.0,1.0,uniara,1.0,never,0.0,never,0.0,0.0,True,True,False,0.0,0.0,SC,OBC,0.0,never,A_exact_gp_district_samiti,Kunder,Tonk,Uniara,True,,,,,,,,,,,,False,1_original_gp_lgd_history_match,never,0.0,0.0,0.0,SC,OBC
291160.0,26.3650467365,73.7454372943,R,RAJASTHAN,Jodhpur,NFHS4,Ransi Gaon,8,113,573,85721,39740.0,Ransigaon,6,False,True,False,"{""39740"": 1.0}",True,39740,True,Ransi Gaon,Jodhpur (Gramin),Bilara,39740,Ransigaon,True,39740,True,True,4_full_coverage,39740,Ransigaon,Jodhpur (Gramin),Bilara,ransigaon,jodhpurgramin,bilara,Ransigaon,ransigaon,jodhpur,jodhpur,ransigaon,jodhpur,1.0,1.0,bilara,1.0,once,1.0,once,0.0,1.0,True,True,False,0.0,1.0,SC,GENW,1.0,once,C_unique_gp_name_statewide,Ransigaon,Jodhpur (Gramin),Bilara,True,,,,,,,,,,,,False,1_original_gp_lgd_history_match,once,1.0,0.0,1.0,SC,GENW
291161.0,24.905383808,73.7176659263,R,RAJASTHAN,Rajsamand,NFHS4,Warni Ki Bhagal,8,123,645,97378,41202.0,Khamnor,12,False,True,False,"{""41202"": 1.0}",True,41202,True,Warni Ki Bhagal,Rajsamand,Khamnor,41202,Khamnor,True,41202,True,True,4_full_coverage,41202,Khamnor,Rajsamand,Khamnor,khamnor,rajsamand,khamnor,Khamnor,khamnor,rajsamand,rajsamand,khamnor,rajsamand,1.0,1.0,khamnor,1.0,never,0.0,never,0.0,0.0,True,True,False,0.0,0.0,GEN,ST,0.0,never,A_exact_gp_district_samiti,Khamnor,Rajsamand,Khamnor,True,,,,,,,,,,,,False,1_original_gp_lgd_history_match,never,0.0,0.0,0.0,GEN,ST
291162.0,29.4843321093,74.0172979467,R,RAJASTHAN,Hanumangarh,NFHS4,8 LGW-A,8,100,469,68067,38122.0,Saravan Wala,10,False,True,False,"{""38122"": 1.0}",True,38122,True,8 Lgw-A,Hanumangarh,Pilibanga,38122,Saravan Wala,True,38122,True,False,3_gp_no_reservation_history,38122,Saravan Wala,Hanumangarh,Pilibanga,saravanwala,hanumangarh,pilibanga,Saravan Wala,saravanwala,hanumangarh,hanumangarh,,,,,,,,,,,,False,False,False,,,,,,,,,,,False,,,,,,,,,,,,False,0_unmatched,,,,,,
291163.0,27.2482905039,77.5434333617,R,RAJASTHAN,Bharatpur,NFHS4,Jagheena  ( Rural ),8,105,511,74722,,,11,False,True,False,{},True,,False,Jagheena ( Rural ),Bharatpur,Bharatpur,35558,Jaghina,True,35558,True,True,4_full_coverage,35558,Jaghina,Bharatpur,Bharatpur,jaghina,bharatpur,bharatpur,Jaghina,jaghina,bharatpur,bharatpur,jaghina,bharatpur,1.0,1.0,sewar,1.0,once,1.0,once,0.0,1.0,True,True,False,0.0,1.0,OBC,GENW,1.0,once,B_exact_gp_district,Jaghina,Bharatpur,Bharatpur,True,,,,,,,,,,,,False,1_original_gp_lgd_history_match,once,1.0,0.0,1.0,OBC,GENW
291164.0,24.2539483483,75.9193454061,R,RAJASTHAN,Jhalawar,NFHS4,Boliya Bujurg,8,129,683,105100,39275.0,Boliya Bujurg,12,False,True,False,"{""39275"": 1.0}",True,39275,True,Boliya Bujurg,Jhalawar,Sunel,39275,Boliya Bujurg,True,39275,True,False,3_gp_no_reservation_history,39275,Boliya Bujurg,Jhalawar,Sunel,boliyabujurg,jhalawar,sunel,Boliya Bujurg,boliyabujurg,jhalawar,jhalawar,,,,,,,,,,,,False,False,False,,,,,,,,,,,False,,,,,,,,,,,,False,0_unmatched,,,,,,
291165.0,24.4944486802,76.1757990537,R,RAJASTHAN,Jhalawar,NFHS4,Chandiya Kheri,8,129,679,104071,39185.0,Piplod,9,False,True,False,"{""39185"": 1.0}",True,39185,True,Chandiya Kheri,Jhalawar,Jhalrapatan,39185,Piplod,True,39185,True,True,4_full_coverage,39185,Piplod,Jhalawar,Jhalrapatan,piplod,jhalawar,jhalrapatan,Piplod,piplod,jhalawar,jhalawar,piplod,jhalawar,1.0,1.0,jhalrapatan,1.0,once,1.0,once,1.0,0.0,True,True,False,1.0,1.0,OBC W,ST,2.0,twice,A_exact_gp_district_samiti,Piplod,Jhalawar,Jhalrapatan,True,,,,,,,,,,,,False,1_original_gp_lgd_history_match,twice,2.0,1.0,1.0,OBC W,ST
291166.0,27.8666026958,74.4987717066,R,RAJASTHAN,Churu,NFHS4,Randhisar,8,102,486,70728,36997.0,Randhisar,7,False,True,False,"{""36997"": 1.0}",True,36997,True,Randhisar,Churu,Sujangarh,36997,Randhisar,True,36997,True,True,4_full_coverage,36997,Randhisar,Churu,Sujangarh,randhisar,churu,sujangarh,Randhisar,randhisar,churu,churu,randhisar,churu,1.0,1.0,sujangarh,1.0,once,1.0,once,0.0,1.0,True,True,False,0.0,1.0,GEN,SCW,1.0,once,A_exact_gp_district_samiti,Randhisar,Churu,Sujangarh,True,,,,,,,,,,,,False,1_original_gp_lgd_history_match,once,1.0,0.0,1.0,GEN,SCW
291167.0,27.7462991237,76.4533023237,R,RAJASTHAN,Alwar,NFHS4,Narol,8,104,500,72923,33883.0,Harsora,12,False,True,False,"{""33883"": 1.0}",True,33883,True,Narol,Kotputli-Behror,Bansur,33883,Harsora,True,33883,True,False,3_gp_no_reservation_history,33883,Harsora,Kotputli-Behror,Bansur,harsora,kotputlibehror,bansur,Harsora,harsora,alwar,jaipur,,,,,,,,,,,,False,False,False,,,,,,,,,,,False,,,,,,,,,,,,False,0_unmatched,,,,,,
291169.0,25.2640171302,76.370852775,R,RAJASTHAN,Baran,NFHS4,Chhatrapura,8,128,670,102596,294164.0,Chatrapura,9,False,True,False,"{""294164"": 1.0}",True,294164,True,Chhatrapura,Baran,Mangrol,294164,Chatrapura,True,294164,True,False,3_gp_no_reservation_history,294164,Chatrapura,Baran,Mangrol,chatrapura,baran,mangrol,Chatrapura,chatrapura,baran,baran,,,,,,,,,,,,False,False,False,,,,,,,,,,,False,,,,,,,,,,,,False,0_unmatched,,,,,,
291170.0,25.4478791836,75.9049131737,R,RAJASTHAN,Bundi,NFHS4,Chhawani,8,121,626,94400,36385.0,Rihana,10,False,True,False,"{""36385"": 1.0}",True,36385,True,Chhawani,Bundi,Raithal,36385,Rihana,True,36385,True,False,3_gp_no_reservation_history,36385,Rihana,Bundi,Raithal,rihana,bundi,raithal,Rihana,rihana,bundi,bundi,,,,,,,,,,,,False,False,False,,,,,,,,,,,False,,,,,,,,,,,,False,0_unmatched,,,,,,
291171.0,25.8047496669,76.4743465291,R,RAJASTHAN,Kota,NFHS4,Dhanwan,8,127,665,101702,40198.0,Kethoda,4,False,True,False,"{""40198"": 1.0}",True,40198,True,Dhanwan,Kota,Pipalda,40198,Kethoda,True,40198,True,False,3_gp_no_reservation_history,40198,Kethoda,Kota,Pipalda,kethoda,kota,pipalda,Kethoda,kethoda,kota,kota,,,,,,,,,,,,False,False,False,,,,,,,,,,,False,,,,,,,,,,,,False,0_unmatched,,,,,,
291172.0,25.0939600991,73.2908139374,R,RAJASTHAN,Pali,NFHS4,Padarla,8,118,605,91318,40829.0,Paderla,9,False,True,False,"{""40829"": 1.0}",True,40829,True,Padarla,Pali,Bali,40829,Paderla,True,40829,True,False,3_gp_no_reservation_history,40829,Paderla,Pali,Bali,paderla,pali,bali,Paderla,paderla,pali,pali,,,,,,,,,,,,False,False,False,,,,,,,,,,,False,,,,,,,,,,,,False,0_unmatched,,,,,,
291174.0,27.6708556927,77.0757800278,R,RAJASTHAN,Bharatpur,NFHS4,Bodoli,8,105,505,73911,35454.0,Bodoli,15,False,True,False,"{""35454"": 1.0}",True,35454,True,Nagla Kala,Deeg,Pahari,35454,Bodoli,True,35454,True,True,4_full_coverage,35454,Bodoli,Deeg,Pahari,bodoli,deeg,pahari,Bodoli,bodoli,bharatpur,bharatpur,bodoli,bharatpur,1.0,1.0,nagar,1.0,never,0.0,never,0.0,0.0,True,True,False,0.0,0.0,OBC,SC,0.0,never,C_unique_gp_name_statewide,Bodoli,Deeg,Pahari,True,,,,,,,,,,,,False,1_original_gp_lgd_history_match,never,0.0,0.0,0.0,OBC,SC
291175.0,27.1585718455,76.6136783802,R,RAJASTHAN,Dausa,NFHS4,Jhajhi Rampura,8,109,533,77921,37057.0,Jhajhirampura,3,False,True,False,"{""37057"": 1.0}",True,37057,True,Jhajhi Rampura,Dausa,Baswa,37057,Jhajhirampura,True,37057,True,False,3_gp_no_reservation_history,37057,Jhajhirampura,Dausa,Baswa,jhajhirampura,dausa,baswa,Jhajhirampura,jhajhirampura,dausa,dausa,,,,,,,,,,,,False,False,False,,,,,,,,,,,False,,,,,,,,,,,,False,0_unmatched,,,,,,
291176.0,27.8569537249,72.4539610945,R,RAJASTHAN,Bikaner,NFHS4,Mithriya,8,101,476,69456,36089.0,Mithariya,6,False,True,False,"{""36089"": 1.0}",True,36089,True,Mithriya,Bikaner,Bajju,36089,Mithariya,True,36089,True,False,3_gp_no_reservation_history,36089,Mithariya,Bikaner,Bajju,mithariya,bikaner,bajju,Mithariya,mithariya,bikaner,bikaner,,,,,,,,,,,,False,False,False,,,,,,,,,,,False,,,,,,,,,,,,False,0_unmatched,,,,,,
291177.0,26.5719015243,71.3371145854,R,RAJASTHAN,Jaisalmer,NFHS4,Chhodiya,8,114,576,86501,294253.0,Chhodiya,3,False,True,False,"{""294253"": 1.0}",True,294253,True,Chhodiya,Jaisalmer,Fatehgarh,294253,Chhodiya,True,294253,True,False,3_gp_no_reservation_history,294253,Chhodiya,Jaisalmer,Fatehgarh,chhodiya,jaisalmer,fatehgarh,Chhodiya,chhodiya,jaisalmer,jaisalmer,,,,,,,,,,,,False,False,False,,,,,,,,,,,False,,,,,,,,,,,,False,0_unmatched,,,,,,
291178.0,25.3268989164,72.8234473859,R,RAJASTHAN,Jalor,NFHS4,Thanwala,8,116,586,89226,38869.0,Thanwala,7,False,True,False,"{""38869"": 1.0}",True,38869,True,Thanwala,Jalore,Ahore,38869,Thanwala,True,38869,True,False,3_gp_no_reservation_history,38869,Thanwala,Jalore,Ahore,thanwala,jalore,ahore,Thanwala,thanwala,jalore,jalore,,,,,,,,,,,,False,False,False,,,,,,,,,,,False,,,,,,,,,,,,False,0_unmatched,,,,,,
291179.0,25.0889641856,75.3250982125,R,RAJASTHAN,Bhilwara,NFHS4,Shambhoopura,8,122,638,96360,35871.0,Uma Ji Ka Khera,8,False,True,False,"{""35871"": 1.0}",True,35871,True,Shambhoopura,Bhilwara,Bijoliya,35871,Uma Ji Ka Khera,True,35871,True,False,3_gp_no_reservation_history,35871,Uma Ji Ka Khera,Bhilwara,Bijoliya,umajikakhera,bhilwara,bijoliya,Uma Ji Ka Khera,umajikakhera,bhilwara,bhilwara,,,,,,,,,,,,False,False,False,,,,,,,,,,,False,,,,,,,,,,,,False,0_unmatched,,,,,,
291180.0,26.6801496865,75.6865401013,R,RAJASTHAN,Jaipur,NFHS4,Renwal Manji,8,110,544,79907,38565.0,Renwal Maji,8,False,True,False,"{""38565"": 1.0}",True,38565,True,Renwal Manji,Jaipur (Gramin),Madhorajpura,38565,Renwal Maji,True,38565,True,False,3_gp_no_reservation_history,38565,Renwal Maji,Jaipur (Gramin),Madhorajpura,renwalmaji,jaipurgramin,madhorajpura,Renwal Maji,renwalmaji,jaipur,jaipur,,,,,,,,,,,,False,False,False,,,,,,,,,,,False,,,,,,,,,,,,False,0_unmatched,,,,,,
291181.0,28.6911775251,73.8078986253,R,RAJASTHAN,Bikaner,NFHS4,Mohkampura,8,101,475,69299,294068.0,Mohakampura,4,False,True,False,"{""294068"": 1.0}",True,294068,True,Mokhapura,Bikaner,Lunkaransar,294068,Mohakampura,True,294068,True,True,4_full_coverage,294068,Mohakampura,Bikaner,Lunkaransar,mohakampura,bikaner,lunkaransar,Mohakampura,mohakampura,bikaner,bikaner,,,,,,,,,,,,False,True,False,1.0,1.0,ST W,STW,2.0,twice,C_unique_gp_name_statewide,Mohakampura,Bikaner,Lunkaransar,True,,,,,,,,,,,,False,1_original_gp_lgd_history_match,twice,2.0,1.0,1.0,ST W,STW
291182.0,27.7165380477,73.0059178713,R,RAJASTHAN,Bikaner,NFHS4,Chak Vijaisinghpura,8,101,476,69560,295121.0,Chak Vijaysinghpura,5,False,True,False,"{""295121"": 1.0}",True,295121,True,Chak Vijaisinghpura,Bikaner,Kolayat,295121,Chak Vijaysinghpura,True,295121,True,False,3_gp_no_reservation_history,295121,Chak Vijaysinghpura,Bikaner,Kolayat,chakvijaysinghpura,bikaner,kolayat,Chak Vijaysinghpura,chakvijaysinghpura,bikaner,bikaner,,,,,,,,,,,,False,False,False,,,,,,,,,,,False,,,,,,,,,,,,False,0_unmatched,,,,,,
291183.0,24.895537205,72.7119967792,R,RAJASTHAN,Sirohi,NFHS4,Varal,8,117,593,89974,41972.0,Dodua,5,False,True,False,"{""41972"": 1.0}",True,41972,True,Varal,Sirohi,Sirohi,41972,Dodua,True,41972,True,True,4_full_coverage,41972,Dodua,Sirohi,Sirohi,dodua,sirohi,sirohi,Dodua,dodua,sirohi,sirohi,dodua,sirohi,1.0,1.0,sirohi,1.0,once,1.0,once,0.0,1.0,True,True,False,0.0,1.0,SC,GENW,1.0,once,A_exact_gp_district_samiti,Dodua,Sirohi,Sirohi,True,,,,,,,,,,,,False,1_original_gp_lgd_history_match,once,1.0,0.0,1.0,SC,GENW
291185.0,26.7379474997,76.4434946849,R,RAJASTHAN,Dausa,NFHS4,Sar,8,109,536,78677,37104.0,Khawaraoji,7,False,True,False,"{""37104"": 1.0}",True,37104,True,Sar,Dausa,Paparda,37104,Khawaraoji,True,37104,True,True,4_full_coverage,37104,Khawaraoji,Dausa,Paparda,khawaraoji,dausa,paparda,Khawaraoji,khawaraoji,dausa,dausa,khawaraoji,dausa,1.0,1.0,dausa,1.0,once,1.0,once,0.0,1.0,True,True,False,0.0,1.0,GEN,GENW,1.0,once,B_exact_gp_district,Khawaraoji,Dausa,Paparda,True,,,,,,,,,,,,False,1_original_gp_lgd_history_match,once,1.0,0.0,1.0,GEN,GENW
291186.0,26.5526636858,72.0249424008,R,RAJASTHAN,Jaisalmer,NFHS4,Garhi Champawat,8,114,575,86412,38807.0,Jhabra,3,False,True,False,"{""38807"": 1.0}",True,38807,True,Garhi Champawat,Jaisalmer,Bhaniyana,38807,Jhabra,True,38807,True,False,3_gp_no_reservation_history,38807,Jhabra,Jaisalmer,Bhaniyana,jhabra,jaisalmer,bhaniyana,Jhabra,jhabra,jaisalmer,jaisalmer,jhabra,jaisalmer,1.0,1.0,sankra,1.0,once,1.0,once,1.0,0.0,True,True,True,,,,,,,,,,,False,,,,,,,,,,,,False,2_direct_gpname_dhsdistrict_match,once,1.0,1.0,0.0,,
291187.0,25.462510567,75.5212879592,R,RAJASTHAN,Bundi,NFHS4,Sathoor,8,121,622,93861,36248.0,Sathoor,6,False,True,False,"{""36248"": 1.0}",True,36248,True,Sathoor,Bundi,Hindoli,36248,Sathoor,True,36248,True,True,4_full_coverage,36248,Sathoor,Bundi,Hindoli,sathoor,bundi,hindoli,Sathoor,sathoor,bundi,bundi,sathoor,bundi,1.0,1.0,hindoli,1.0,never,0.0,never,0.0,0.0,True,True,False,0.0,0.0,ST,GEN,0.0,never,A_exact_gp_district_samiti,Sathoor,Bundi,Hindoli,True,,,,,,,,,,,,False,1_original_gp_lgd_history_match,never,0.0,0.0,0.0,ST,GEN
291190.0,24.8320667761,76.47858162,R,RAJASTHAN,Baran,NFHS4,Dhumen,8,128,673,102870,34710.0,Kanotiya,3,False,True,False,"{""34710"": 1.0}",True,34710,True,Dhumen,Baran,Atru,34710,Kanotiya,True,34710,True,True,4_full_coverage,34710,Kanotiya,Baran,Atru,kanotiya,baran,atru,Kanotiya,kanotiya,baran,baran,kanotiya,baran,1.0,1.0,atru,1.0,once,1.0,once,1.0,0.0,True,True,False,1.0,0.0,GEN W,ST,1.0,once,A_exact_gp_district_samiti,Kanotiya,Baran,Atru,True,,,,,,,,,,,,False,1_original_gp_lgd_history_match,once,1.0,1.0,0.0,GEN W,ST
291192.0,26.1338220916,73.3279493227,R,RAJASTHAN,Jodhpur,NFHS4,Moretuka,8,113,570,85015,39772.0,Lolawas,5,False,True,False,"{""39772"": 1.0}",True,39772,True,Moretuka,Jodhpur (Gramin),Kudi Bhagtasni,39772,Lolawas,True,39772,True,False,3_gp_no_reservation_history,39772,Lolawas,Jodhpur (Gramin),Kudi Bhagtasni,lolawas,jodhpurgramin,kudibhagtasni,Lolawas,lolawas,jodhpur,jodhpur,,,,,,,,,,,,False,False,False,,,,,,,,,,,False,,,,,,,,,,,,False,0_unmatched,,,,,,
291194.0,24.145442075,73.4092078094,R,RAJASTHAN,Udaipur,NFHS4,Samlaipanwa,8,130,695,107685,294204.0,Magra,8,False,True,False,"{""294204"": 1.0}",True,294204,True,Samlaipanwa,Udaipur,Kherwara,294204,Magra,True,294204,True,False,3_gp_no_reservation_history,294204,Magra,Udaipur,Kherwara,magra,udaipur,kherwara,Magra,magra,udaipur,udaipur,,,,,,,,,,,,False,False,False,,,,,,,,,,,False,,,,,,,,,,,,False,0_unmatched,,,,,,
291196.0,23.5700094672,74.1030343596,R,RAJASTHAN,Banswara,NFHS4,Bori,8,125,651,98763,34468.0,Bori,11,False,True,False,"{""34468"": 1.0}",True,34468,True,Bori,Banswara,Garhi,34468,Bori,True,34468,True,True,4_full_coverage,34468,Bori,Banswara,Garhi,bori,banswara,garhi,Bori,bori,banswara,banswara,bori,banswara,2.0,1.0,garhi,1.0,once,1.0,once,0.0,1.0,True,True,False,0.0,1.0,ST,STW,1.0,once,A_exact_gp_district_samiti,Bori,Banswara,Garhi,True,,,,,,,,,,,,False,1_original_gp_lgd_history_match,once,1.0,0.0,1.0,ST,STW
291197.0,25.1987138933,76.592657032,R,RAJASTHAN,Baran,NFHS4,Koyla,8,128,672,102727,34741.0,Koyla,9,False,True,False,"{""34741"": 1.0}",True,34741,True,Koyla,Baran,Baran,34741,Koyla,True,34741,True,True,4_full_coverage,34741,Koyla,Baran,Baran,koyla,baran,baran,Koyla,koyla,baran,baran,,,,,,,,,,,,False,True,False,0.0,1.0,SC,STW,1.0,once,C_unique_gp_name_statewide,Koyla,Baran,Baran,True,,,,,,,,,,,,False,1_original_gp_lgd_history_match,once,1.0,0.0,1.0,SC,STW
291198.0,24.7367292378,72.4516483126,R,RAJASTHAN,Sirohi,NFHS4,Anapur,8,117,596,90226,294194.0,Harni Amarpura,5,False,True,False,"{""294194"": 1.0}",True,294194,True,Anapur,Sirohi,Reodar,294194,Harni Amarpura,True,294194,True,False,3_gp_no_reservation_history,294194,Harni Amarpura,Sirohi,Reodar,harniamarpura,sirohi,reodar,Harni Amarpura,harniamarpura,sirohi,sirohi,,,,,,,,,,,,False,False,False,,,,,,,,,,,False,,,,,,,,,,,,False,0_unmatched,,,,,,
291199.0,24.9452700661,74.3112170734,R,RAJASTHAN,Chittaurgarh,NFHS4,Dowani,8,126,660,100895,36662.0,Dowani,12,False,True,False,"{""36662"": 1.0}",True,36662,True,Dowani,Chittorgarh,Kapasan,36662,Dowani,True,36662,True,False,3_gp_no_reservation_history,36662,Dowani,Chittorgarh,Kapasan,dowani,chittorgarh,kapasan,Dowani,dowani,chittorgarh,chittorgarh,,,,,,,,,,,,False,False,False,,,,,,,,,,,False,,,,,,,,,,,,False,0_unmatched,,,,,,
291200.0,26.2088865439,75.195838528,R,RAJASTHAN,Tonk,NFHS4,Jharli,8,120,615,92614,42053.0,Jhadali,4,False,True,False,"{""42053"": 1.0}",True,42053,True,Jharli,Tonk,Malpura,42053,Jhadali,True,42053,True,False,3_gp_no_reservation_history,42053,Jhadali,Tonk,Malpura,jhadali,tonk,malpura,Jhadali,jhadali,tonk,tonk,,,,,,,,,,,,False,False,False,,,,,,,,,,,False,never,0.0,0.0,0.0,GEN,OBC,0.9230769230769231,1.0,high_confidence_gp_and_exact_samiti,jhadli,MALPURA,True,3_fuzzy_gpname_exact_or_close_samiti_match,never,0.0,0.0,0.0,GEN,OBC
291206.0,26.6343161119,77.0905462328,R,RAJASTHAN,Karauli,NFHS4,Ponchhri,8,107,522,76536,39961.0,Bhango,8,False,True,False,"{""39961"": 1.0}",True,39961,True,Ponchhri,Karauli,Hindaun,39961,Bhango,True,39961,True,True,4_full_coverage,39961,Bhango,Karauli,Hindaun,bhango,karauli,hindaun,Bhango,bhango,karauli,karauli,bhango,karauli,1.0,1.0,hindaun,1.0,twice,2.0,twice,1.0,1.0,True,True,False,1.0,1.0,SC W,GENW,2.0,twice,A_exact_gp_district_samiti,Bhango,Karauli,Hindaun,True,,,,,,,,,,,,False,1_original_gp_lgd_history_match,twice,2.0,1.0,1.0,SC W,GENW
291207.0,26.6694686452,74.8335502549,R,RAJASTHAN,Ajmer,NFHS4,Khatoli,8,119,606,91445,33728.0,Khatoli,9,False,True,False,"{""33728"": 1.0}",True,33728,True,Khatoli,Ajmer,Kishangarh,33728,Khatoli,True,33728,True,True,4_full_coverage,33728,Khatoli,Ajmer,Kishangarh,khatoli,ajmer,kishangarh,Khatoli,khatoli,ajmer,ajmer,khatoli,ajmer,1.0,1.0,kishangarh,1.0,never,0.0,never,0.0,0.0,True,True,False,0.0,0.0,GEN,GEN,0.0,never,A_exact_gp_district_samiti,Khatoli,Ajmer,Kishangarh,True,,,,,,,,,,,,False,1_original_gp_lgd_history_match,never,0.0,0.0,0.0,GEN,GEN
291209.0,28.7815320575,73.2052778015,R,RAJASTHAN,Bikaner,NFHS4,3 RJD,8,101,479,69806,36125.0,Sansardesar,4,False,True,False,"{""36125"": 1.0}",True,36125,True,3 Rjd,Bikaner,Chhatargarh,36125,Sansardesar,True,36125,True,True,4_full_coverage,36125,Sansardesar,Bikaner,Chhatargarh,sansardesar,bikaner,chhatargarh,Sansardesar,sansardesar,bikaner,bikaner,sansardesar,bikaner,1.0,1.0,lunkaransar,1.0,never,0.0,never,0.0,0.0,True,True,False,0.0,0.0,SC,GEN,0.0,never,B_exact_gp_district,Sansardesar,Bikaner,Chhatargarh,True,,,,,,,,,,,,False,1_original_gp_lgd_history_match,never,0.0,0.0,0.0,SC,GEN
291210.0,25.8616118259,71.2228631072,R,RAJASTHAN,Barmer,NFHS4,Vishala Agor,8,115,582,88212,34975.0,Vishala Agore,8,False,True,False,"{""34975"": 1.0}",True,34975,True,Vishala Agor,Barmer,Barmer,34975,Vishala Agore,True,34975,True,False,3_gp_no_reservation_history,34975,Vishala Agore,Barmer,Barmer,vishalaagore,barmer,barmer,Vishala Agore,vishalaagore,barmer,barmer,,,,,,,,,,,,False,False,False,,,,,,,,,,,False,,,,,,,,,,,,False,0_unmatched,,,,,,
291212.0,26.4462256808,75.5736194073,R,RAJASTHAN,Tonk,NFHS4,Soda Baori,8,120,615,92580,42072.0,Sodabawari,4,False,True,False,"{""42072"": 1.0}",True,42072,True,Soda Baori,Tonk,Malpura,42072,Sodabawari,True,42072,True,False,3_gp_no_reservation_history,42072,Sodabawari,Tonk,Malpura,sodabawari,tonk,malpura,Sodabawari,sodabawari,tonk,tonk,,,,,,,,,,,,False,False,False,,,,,,,,,,,False,,,,,,,,,,,,False,0_unmatched,,,,,,
291215.0,26.4457694116,76.9233723223,R,RAJASTHAN,Karauli,NFHS4,Mamchari,8,107,523,76773,40034.0,Mamchari,14,False,True,False,"{""40034"": 1.0}",True,40034,True,Mamchari,Karauli,Karauli,40034,Mamchari,True,40034,True,True,4_full_coverage,40034,Mamchari,Karauli,Karauli,mamchari,karauli,karauli,Mamchari,mamchari,karauli,karauli,mamchari,karauli,1.0,1.0,karauli,1.0,once,1.0,once,0.0,1.0,True,True,False,0.0,1.0,GEN,GENW,1.0,once,A_exact_gp_district_samiti,Mamchari,Karauli,Karauli,True,,,,,,,,,,,,False,1_original_gp_lgd_history_match,once,1.0,0.0,1.0,GEN,GENW
291216.0,27.196138098,76.870385654,R,RAJASTHAN,Dausa,NFHS4,Nangal Kolra,8,109,534,78133,37186.0,Haldena,7,False,True,False,"{""37186"": 1.0}",True,37186,True,Nangal Kolra,Dausa,Mandawar,37186,Haldena,True,37186,True,True,4_full_coverage,37186,Haldena,Dausa,Mandawar,haldena,dausa,mandawar,Haldena,haldena,dausa,dausa,haldena,dausa,1.0,1.0,mahwa,1.0,once,1.0,once,0.0,1.0,True,True,False,0.0,1.0,GEN,SCW,1.0,once,B_exact_gp_district,Haldena,Dausa,Mandawar,True,,,,,,,,,,,,False,1_original_gp_lgd_history_match,once,1.0,0.0,1.0,GEN,SCW
291217.0,23.1646174508,74.5655861908,R,RAJASTHAN,Banswara,NFHS4,Orwa,8,125,654,99911,294651.0,Bhanwarda,13,False,True,False,"{""294651"": 1.0}",True,294651,True,Orwa,Banswara,Kushalgarh,294651,Bhanwarda,True,294651,True,False,3_gp_no_reservation_history,294651,Bhanwarda,Banswara,Kushalgarh,bhanwarda,banswara,kushalgarh,Bhanwarda,bhanwarda,banswara,banswara,,,,,,,,,,,,False,False,False,,,,,,,,,,,False,,,,,,,,,,,,False,0_unmatched,,,,,,
291219.0,28.7524989006,75.0332733366,R,RAJASTHAN,Churu,NFHS4,Bhalau Tal,8,102,481,69985,37024.0,Nethwa,5,False,True,False,"{""37024"": 1.0}",True,37024,True,Bhalau Tal,Churu,Taranagar,37024,Nethwa,True,37024,True,True,4_full_coverage,37024,Nethwa,Churu,Taranagar,nethwa,churu,taranagar,Nethwa,nethwa,churu,churu,nethwa,churu,1.0,1.0,taranagar,1.0,once,1.0,once,0.0,1.0,True,True,False,0.0,1.0,OBC,SCW,1.0,once,A_exact_gp_district_samiti,Nethwa,Churu,Taranagar,True,,,,,,,,,,,,False,1_original_gp_lgd_history_match,once,1.0,0.0,1.0,OBC,SCW
291221.0,25.6277481773,72.4399147925,R,RAJASTHAN,Barmer,NFHS4,Nimbeshwar,8,115,580,87583,35232.0,Mawari,6,False,True,False,"{""35232"": 1.0}",True,35232,True,Nimbeshwar,Balotra,Siwana,35232,Mawari,True,35232,True,False,3_gp_no_reservation_history,35232,Mawari,Balotra,Siwana,mawari,balotra,siwana,Mawari,mawari,barmer,barmer,,,,,,,,,,,,False,False,False,,,,,,,,,,,False,,,,,,,,,,,,False,0_unmatched,,,,,,
291222.0,28.6811550693,73.9249208456,R,RAJASTHAN,Bikaner,NFHS4,18 MKD,8,101,475,69303,36107.0,Kapurisar,4,False,True,False,"{""36107"": 1.0}",True,36107,True,18 Mkd,Bikaner,Lunkaransar,36107,Kapurisar,True,36107,True,True,4_full_coverage,36107,Kapurisar,Bikaner,Lunkaransar,kapurisar,bikaner,lunkaransar,Kapurisar,kapurisar,bikaner,bikaner,kapurisar,bikaner,1.0,1.0,lunkaransar,1.0,twice,2.0,twice,1.0,1.0,True,True,False,1.0,1.0,OBC W,GENW,2.0,twice,A_exact_gp_district_samiti,Kapurisar,Bikaner,Lunkaransar,True,,,,,,,,,,,,False,1_original_gp_lgd_history_match,twice,2.0,1.0,1.0,OBC W,GENW
291223.0,23.9105622988,74.0497342007,R,RAJASTHAN,Dungarpur,NFHS4,Barhoda,8,124,647,97813,37410.0,Badoda,16,False,True,False,"{""37410"": 1.0}",True,37410,True,Baroda,Dungarpur,Aspur,37410,Badoda,True,37410,True,False,3_gp_no_reservation_history,37410,Badoda,Dungarpur,Aspur,badoda,dungarpur,aspur,Badoda,badoda,dungarpur,dungarpur,,,,,,,,,,,,False,False,False,,,,,,,,,,,False,once,1.0,1.0,0.0,ST W,ST,1.0,1.0,high_confidence_gp_and_exact_samiti,badoda,ASPUR,True,3_fuzzy_gpname_exact_or_close_samiti_match,once,1.0,1.0,0.0,ST W,ST
291224.0,27.3069511801,77.0380770616,R,RAJASTHAN,Alwar,NFHS4,Kherli Tarf Rela,8,104,504,73730,262600.0,Berka,15,False,True,False,"{""262600"": 1.0}",True,262600,True,Kherli Tarf Rela,Alwar,Kathumar,262600,Berka,True,262600,True,False,3_gp_no_reservation_history,262600,Berka,Alwar,Kathumar,berka,alwar,kathumar,Berka,berka,alwar,alwar,,,,,,,,,,,,False,False,False,,,,,,,,,,,False,,,,,,,,,,,,False,0_unmatched,,,,,,
291225.0,26.9700934331,76.8540607583,R,RAJASTHAN,Karauli,NFHS4,Bhaiseena,8,107,520,76186,40139.0,Bhanakpura,8,False,True,False,"{""40139"": 1.0}",True,40139,True,Bhaiseena,Gangapurcity,Todabhim,40139,Bhanakpura,True,40139,True,True,4_full_coverage,40139,Bhanakpura,Gangapurcity,Todabhim,bhanakpura,gangapurcity,todabhim,Bhanakpura,bhanakpura,karauli,sawaimadhopur,bhanakpura,karauli,1.0,1.0,todabhim,1.0,once,1.0,once,1.0,0.0,True,True,False,1.0,0.0,ST W,GEN,1.0,once,C_unique_gp_name_statewide,Bhanakpura,Gangapurcity,Todabhim,True,,,,,,,,,,,,False,1_original_gp_lgd_history_match,once,1.0,1.0,0.0,ST W,GEN
291226.0,24.7249842349,73.8555747408,R,RAJASTHAN,Udaipur,NFHS4,Bitholi,8,130,685,105476,42623.0,Rakhyaval,11,False,True,False,"{""42623"": 1.0}",True,42623,True,Bitholi,Udaipur,Ghasa,42623,Rakhyaval,True,42623,True,False,3_gp_no_reservation_history,42623,Rakhyaval,Udaipur,Ghasa,rakhyaval,udaipur,ghasa,Rakhyaval,rakhyaval,udaipur,udaipur,,,,,,,,,,,,False,False,False,,,,,,,,,,,False,,,,,,,,,,,,False,0_unmatched,,,,,,
291229.0,23.2136352505,74.4242273357,R,RAJASTHAN,Banswara,NFHS4,Churada,8,125,654,99725,294643.0,Churada,19,False,True,False,"{""294643"": 1.0}",True,294643,True,Churada,Banswara,Kushalgarh,294643,Churada,True,294643,True,False,3_gp_no_reservation_history,294643,Churada,Banswara,Kushalgarh,churada,banswara,kushalgarh,Churada,churada,banswara,banswara,,,,,,,,,,,,False,False,False,,,,,,,,,,,False,,,,,,,,,,,,False,0_unmatched,,,,,,
291230.0,26.766809574,76.9821482043,R,RAJASTHAN,Karauli,NFHS4,Mandawara,8,107,522,76552,39990.0,Mandawara,19,False,True,False,"{""39990"": 1.0}",True,39990,True,Mandawara,Karauli,Hindaun,39990,Mandawara,True,39990,True,True,4_full_coverage,39990,Mandawara,Karauli,Hindaun,mandawara,karauli,hindaun,Mandawara,mandawara,karauli,karauli,mandawara,karauli,1.0,1.0,hindaun,1.0,never,0.0,never,0.0,0.0,True,True,False,0.0,0.0,GEN,SC,0.0,never,A_exact_gp_district_samiti,Mandawara,Karauli,Hindaun,True,,,,,,,,,,,,False,1_original_gp_lgd_history_match,never,0.0,0.0,0.0,GEN,SC
291231.0,26.1920544202,73.900761968,R,RAJASTHAN,Pali,NFHS4,Hunawas Kalan,8,118,597,90405,40873.0,Garniya,7,False,True,False,"{""40873"": 1.0}",True,40873,True,Hunawas Kalan,Beawar,Jaitaran,40873,Garniya,True,40873,True,True,4_full_coverage,40873,Garniya,Beawar,Jaitaran,garniya,beawar,jaitaran,Garniya,garniya,pali,ajmer,garniya,pali,1.0,1.0,jaitaran,1.0,once,1.0,once,0.0,1.0,True,True,False,0.0,1.0,OBC,GENW,1.0,once,C_unique_gp_name_statewide,Garniya,Beawar,Jaitaran,True,,,,,,,,,,,,False,1_original_gp_lgd_history_match,once,1.0,0.0,1.0,OBC,GENW
291232.0,26.4925798783,74.5070311788,R,RAJASTHAN,Ajmer,NFHS4,Kishanpura,8,119,607,91597,33825.0,Tilora,5,False,True,False,"{""33825"": 1.0}",True,33825,True,Kishanpura,Ajmer,Pushkar,33825,Tilora,True,33825,True,True,4_full_coverage,33825,Tilora,Ajmer,Pushkar,tilora,ajmer,pushkar,Tilora,tilora,ajmer,ajmer,tilora,ajmer,1.0,1.0,peesangan,1.0,once,1.0,once,1.0,0.0,True,True,False,1.0,0.0,GEN W,SC,1.0,once,B_exact_gp_district,Tilora,Ajmer,Pushkar,True,,,,,,,,,,,,False,1_original_gp_lgd_history_match,once,1.0,1.0,0.0,GEN W,SC
291233.0,23.9445350357,74.660181064,R,RAJASTHAN,Pratapgarh,NFHS4,Sonagar,8,131,697,108194,36761.0,Veerpur,10,False,True,False,"{""36761"": 1.0}",True,36761,True,Sonagar,Pratapgarh,Suhagpura,36761,Veerpur,True,36761,True,True,4_full_coverage,36761,Veerpur,Pratapgarh,Suhagpura,veerpur,pratapgarh,suhagpura,Veerpur,veerpur,pratapgarh,pratapgarh,,,,,,,,,,,,False,True,False,0.0,1.0,ST,STW,1.0,once,C_unique_gp_name_statewide,Veerpur,Pratapgarh,Suhagpura,True,,,,,,,,,,,,False,1_original_gp_lgd_history_match,once,1.0,0.0,1.0,ST,STW
291234.0,25.7190106283,76.3950756458,R,RAJASTHAN,Kota,NFHS4,Neemola,8,127,665,101691,40203.0,Nimola,7,False,True,False,"{""40203"": 1.0}",True,40203,True,Neemola,Kota,Pipalda,40203,Nimola,True,40203,True,True,4_full_coverage,40203,Nimola,Kota,Pipalda,nimola,kota,pipalda,Nimola,nimola,kota,kota,nimola,kota,1.0,1.0,itawa,1.0,twice,2.0,twice,1.0,1.0,True,True,False,1.0,1.0,ST W,GENW,2.0,twice,B_exact_gp_district,Nimola,Kota,Pipalda,True,,,,,,,,,,,,False,1_original_gp_lgd_history_match,twice,2.0,1.0,1.0,ST W,GENW
291237.0,25.534604741,75.4926267651,R,RAJASTHAN,Bundi,NFHS4,Barwas,8,121,622,93777,36221.0,Chatar Ganj,10,False,True,False,"{""36221"": 1.0}",True,36221,True,Barwas,Bundi,Hindoli,36221,Chatar Ganj,True,36221,True,True,4_full_coverage,36221,Chatar Ganj,Bundi,Hindoli,chatarganj,bundi,hindoli,Chatar Ganj,chatarganj,bundi,bundi,chatarganj,bundi,1.0,1.0,hindoli,1.0,once,1.0,once,0.0,1.0,True,True,False,0.0,1.0,OBC,GENW,1.0,once,A_exact_gp_district_samiti,Chatar Ganj,Bundi,Hindoli,True,,,,,,,,,,,,False,1_original_gp_lgd_history_match,once,1.0,0.0,1.0,OBC,GENW
291238.0,23.4029033711,74.2001781203,R,RAJASTHAN,Banswara,NFHS4,Jalampura,8,125,653,99356,34359.0,Udaipura Bara,15,False,True,False,"{""34359"": 1.0}",True,34359,True,Jalampura,Banswara,Anandpuri,34359,Udaipura Bara,True,34359,True,False,3_gp_no_reservation_history,34359,Udaipura Bara,Banswara,Anandpuri,udaipurabara,banswara,anandpuri,Udaipura Bara,udaipurabara,banswara,banswara,,,,,,,,,,,,False,False,False,,,,,,,,,,,False,once,1.0,0.0,1.0,ST,STW,0.9166666666666666,1.0,high_confidence_gp_and_exact_samiti,udaipura bada,ANANDPURI,True,3_fuzzy_gpname_exact_or_close_samiti_match,once,1.0,0.0,1.0,ST,STW
291241.0,27.3702869117,77.400259871,R,RAJASTHAN,Bharatpur,NFHS4,Kasot,8,105,508,74400,35313.0,Kasot,12,False,True,False,"{""35313"": 1.0}",True,35313,True,Kasot,Deeg,Deeg,35313,Kasot,True,35313,True,False,3_gp_no_reservation_history,35313,Kasot,Deeg,Deeg,kasot,deeg,deeg,Kasot,kasot,bharatpur,bharatpur,,,,,,,,,,,,False,False,False,,,,,,,,,,,False,once,1.0,1.0,0.0,GEN W,GEN,0.9090909090909091,1.0,high_confidence_gp_and_exact_samiti,kasoot,DEEG,True,3_fuzzy_gpname_exact_or_close_samiti_match,once,1.0,1.0,0.0,GEN W,GEN
291242.0,26.8204461374,77.5418420385,R,RAJASTHAN,Dhaulpur,NFHS4,Karilpura,8,106,515,75369,37288.0,Bagthar,8,False,True,False,"{""37288"": 1.0}",True,37288,True,Karilpura,Dholpur,Baseri,37288,Bagthar,True,37288,True,True,4_full_coverage,37288,Bagthar,Dholpur,Baseri,bagthar,dholpur,baseri,Bagthar,bagthar,dholpur,dholpur,bagthar,dholpur,1.0,1.0,baseri,1.0,never,0.0,never,0.0,0.0,True,True,False,0.0,0.0,SC,GEN,0.0,never,A_exact_gp_district_samiti,Bagthar,Dholpur,Baseri,True,,,,,,,,,,,,False,1_original_gp_lgd_history_match,never,0.0,0.0,0.0,SC,GEN
291243.0,28.0662615508,75.7634047909,R,RAJASTHAN,Jhunjhunun,NFHS4,Tateeja,8,103,490,71468,39493.0,Tateeja,13,False,True,False,"{""39493"": 1.0}",True,39493,True,Tateeja,Neem Ka Thana,Khetri,39493,Tateeja,True,39493,True,True,4_full_coverage,39493,Tateeja,Neem Ka Thana,Khetri,tateeja,neemkathana,khetri,Tateeja,tateeja,jhunjhunu,sikar,tateeja,jhunjhunu,1.0,1.0,khetri,1.0,never,0.0,never,0.0,0.0,True,True,False,0.0,0.0,GEN,GEN,0.0,never,C_unique_gp_name_statewide,Tateeja,Neem Ka Thana,Khetri,True,,,,,,,,,,,,False,1_original_gp_lgd_history_match,never,0.0,0.0,0.0,GEN,GEN
291245.0,28.0789917856,75.4674925665,R,RAJASTHAN,Jhunjhunun,NFHS4,Khatehpura,8,103,487,71083,294947.0,Dorasar,10,False,True,False,"{""294947"": 1.0}",True,294947,True,Khatehpura,Jhunjhunu,Jhunjhunu,294947,Dorasar,True,294947,True,False,3_gp_no_reservation_history,294947,Dorasar,Jhunjhunu,Jhunjhunu,dorasar,jhunjhunu,jhunjhunu,Dorasar,dorasar,jhunjhunu,jhunjhunu,,,,,,,,,,,,False,False,False,,,,,,,,,,,False,,,,,,,,,,,,False,0_unmatched,,,,,,
291246.0,28.2921714424,75.4668392385,R,RAJASTHAN,Jhunjhunun,NFHS4,Bhairoogarh,8,103,488,71168,39397.0,Bajawa,9,False,True,False,"{""39397"": 1.0}",True,39397,True,Bhairoogarh,Jhunjhunu,Chirawa,39397,Bajawa,True,39397,True,True,4_full_coverage,39397,Bajawa,Jhunjhunu,Chirawa,bajawa,jhunjhunu,chirawa,Bajawa,bajawa,jhunjhunu,jhunjhunu,bajawa,jhunjhunu,1.0,1.0,chirawa,1.0,once,1.0,once,1.0,0.0,True,True,False,1.0,0.0,SC W,ST,1.0,once,A_exact_gp_district_samiti,Bajawa,Jhunjhunu,Chirawa,True,,,,,,,,,,,,False,1_original_gp_lgd_history_match,once,1.0,1.0,0.0,SC W,ST
291247.0,26.4384182606,74.7760939517,R,RAJASTHAN,Ajmer,NFHS4,Srinagar,8,119,611,92097,33860.0,Srinagar,9,False,True,False,"{""33860"": 1.0}",True,33860,True,Srinagar,Ajmer,Nasirabad,33860,Srinagar,True,33860,True,True,4_full_coverage,33860,Srinagar,Ajmer,Nasirabad,srinagar,ajmer,nasirabad,Srinagar,srinagar,ajmer,ajmer,srinagar,ajmer,1.0,1.0,srinagar,1.0,once,1.0,once,1.0,0.0,True,True,False,1.0,0.0,GEN W,OBC,1.0,once,B_exact_gp_district,Srinagar,Ajmer,Nasirabad,True,,,,,,,,,,,,False,1_original_gp_lgd_history_match,once,1.0,1.0,0.0,GEN W,OBC
291249.0,26.3734124401,72.7659171197,R,RAJASTHAN,Jodhpur,NFHS4,Basni Sepha,8,113,570,84886,262228.0,Chawanda,8,False,True,False,"{""262228"": 1.0}",True,262228,True,Basni Sepha,Jodhpur,Jodhpur,262228,Chawanda,True,262228,True,False,3_gp_no_reservation_history,262228,Chawanda,Jodhpur,Jodhpur,chawanda,jodhpur,jodhpur,Chawanda,chawanda,jodhpur,jodhpur,,,,,,,,,,,,False,False,False,,,,,,,,,,,False,,,,,,,,,,,,False,0_unmatched,,,,,,
291252.0,23.1859140023,74.5794432787,R,RAJASTHAN,Banswara,NFHS4,Sataliya Ki Todi,8,125,654,99896,34567.0,Bawaliya Para,14,False,True,False,"{""34567"": 1.0}",True,34567,True,Sataliya Ki Todi,Banswara,Kushalgarh,34567,Bawaliya Para,True,34567,True,False,3_gp_no_reservation_history,34567,Bawaliya Para,Banswara,Kushalgarh,bawaliyapara,banswara,kushalgarh,Bawaliya Para,bawaliyapara,banswara,banswara,,,,,,,,,,,,False,False,False,,,,,,,,,,,False,,,,,,,,,,,,False,0_unmatched,,,,,,
291253.0,24.2270080588,74.4672876183,R,RAJASTHAN,Chittaurgarh,NFHS4,Forest Block,8,126,664,101669,,,3,False,True,False,{},True,,False,Forest Block,Chittorgarh,Bari Sadri,36439,Moonjwa,True,36439,True,False,3_gp_no_reservation_history,36439,Moonjwa,Chittorgarh,Bari Sadri,moonjwa,chittorgarh,barisadri,Moonjwa,moonjwa,chittorgarh,chittorgarh,,,,,,,,,,,,False,False,False,,,,,,,,,,,False,,,,,,,,,,,,False,0_unmatched,,,,,,
291254.0,25.4322427203,76.3802290537,R,RAJASTHAN,Kota,NFHS4,Dorli,8,127,665,101814,40185.0,Binayaka,6,False,True,False,"{""40185"": 1.0}",True,40185,True,Dorli,Kota,Pipalda,40185,Binayaka,True,40185,True,True,4_full_coverage,40185,Binayaka,Kota,Pipalda,binayaka,kota,pipalda,Binayaka,binayaka,kota,kota,binayaka,kota,1.0,1.0,itawa,1.0,twice,2.0,twice,1.0,1.0,True,True,False,1.0,1.0,GEN W,STW,2.0,twice,B_exact_gp_district,Binayaka,Kota,Pipalda,True,,,,,,,,,,,,False,1_original_gp_lgd_history_match,twice,2.0,1.0,1.0,GEN W,STW
291256.0,28.1110464504,75.5416501765,R,RAJASTHAN,Jhunjhunun,NFHS4,Chinchroli,8,103,487,71078,39429.0,Bhadunda Khurd,11,False,True,False,"{""39429"": 1.0}",True,39429,True,Chinchroli,Jhunjhunu,Jhunjhunu,39429,Bhadunda Khurd,True,39429,True,False,3_gp_no_reservation_history,39429,Bhadunda Khurd,Jhunjhunu,Jhunjhunu,bhadundakhurd,jhunjhunu,jhunjhunu,Bhadunda Khurd,bhadundakhurd,jhunjhunu,jhunjhunu,,,,,,,,,,,,False,False,False,,,,,,,,,,,False,,,,,,,,,,,,False,0_unmatched,,,,,,
291257.0,26.9239568855,76.9241115773,R,RAJASTHAN,Karauli,NFHS4,Dorawali,8,107,520,76237,40148.0,Jonl,8,False,True,False,"{""40148"": 1.0}",True,40148,True,Dorawali,Gangapurcity,Todabhim,40148,Jonl,True,40148,True,False,3_gp_no_reservation_history,40148,Jonl,Gangapurcity,Todabhim,jonl,gangapurcity,todabhim,Jonl,jonl,karauli,sawaimadhopur,,,,,,,,,,,,False,False,False,,,,,,,,,,,False,,,,,,,,,,,,False,0_unmatched,,,,,,
291259.0,24.9965167968,73.7967255664,R,RAJASTHAN,Rajsamand,NFHS4,Dhanyla,8,123,645,97290,41193.0,Dhanyla,11,False,True,False,"{""41193"": 1.0}",True,41193,True,Dhanyla,Rajsamand,Nathdwara,41193,Dhanyla,True,41193,True,False,3_gp_no_reservation_history,41193,Dhanyla,Rajsamand,Nathdwara,dhanyla,rajsamand,nathdwara,Dhanyla,dhanyla,rajsamand,rajsamand,,,,,,,,,,,,False,False,False,,,,,,,,,,,False,,,,,,,,,,,,False,0_unmatched,,,,,,
291263.0,24.4969797246,76.8253693661,R,RAJASTHAN,Baran,NFHS4,Madanpura,8,128,677,103771,,,6,False,True,False,{},True,,False,Madanpura,Baran,Chhipabarod,34810,Sehjanpur,True,34810,True,False,3_gp_no_reservation_history,34810,Sehjanpur,Baran,Chhipabarod,sehjanpur,baran,chhipabarod,Sehjanpur,sehjanpur,baran,baran,,,,,,,,,,,,False,False,False,,,,,,,,,,,False,,,,,,,,,,,,False,0_unmatched,,,,,,
291264.0,24.6245290618,72.8397326072,R,RAJASTHAN,Sirohi,NFHS4,Block No. 2,8,117,594,90100,262403.0,Panchdeval,8,False,True,False,"{""262403"": 1.0}",True,262403,True,Block No. 2,Sirohi,Pindwara,262403,Panchdeval,True,262403,True,False,3_gp_no_reservation_history,262403,Panchdeval,Sirohi,Pindwara,panchdeval,sirohi,pindwara,Panchdeval,panchdeval,sirohi,sirohi,,,,,,,,,,,,False,False,False,,,,,,,,,,,False,,,,,,,,,,,,False,0_unmatched,,,,,,
291265.0,26.4306695381,71.9557026298,R,RAJASTHAN,Jaisalmer,NFHS4,Phalsoond,8,114,575,86457,38822.0,Phalsoond,7,False,True,False,"{""38822"": 1.0}",True,38822,True,Phalsoond,Jaisalmer,Phalsoond,38822,Phalsoond,True,38822,True,False,3_gp_no_reservation_history,38822,Phalsoond,Jaisalmer,Phalsoond,phalsoond,jaisalmer,phalsoond,Phalsoond,phalsoond,jaisalmer,jaisalmer,,,,,,,,,,,,False,False,False,,,,,,,,,,,False,,,,,,,,,,,,False,0_unmatched,,,,,,
291266.0,27.3496096713,74.9698146112,R,RAJASTHAN,Sikar,NFHS4,Rad Ki Dhani,8,111,554,81695,41554.0,Mundiyawas,6,False,True,False,"{""41554"": 1.0}",True,41554,True,Rad Ki Dhani,Sikar,Danta Ramgarh,41554,Mundiyawas,True,41554,True,True,4_full_coverage,41554,Mundiyawas,Sikar,Danta Ramgarh,mundiyawas,sikar,dantaramgarh,Mundiyawas,mundiyawas,sikar,sikar,mundiyawas,sikar,1.0,1.0,dantaramgarh,1.0,once,1.0,once,1.0,0.0,True,True,False,1.0,0.0,GEN W,GEN,1.0,once,A_exact_gp_district_samiti,Mundiyawas,Sikar,Danta Ramgarh,True,,,,,,,,,,,,False,1_original_gp_lgd_history_match,once,1.0,1.0,0.0,GEN W,GEN
291268.0,28.3401376456,74.8973435199,R,RAJASTHAN,Churu,NFHS4,Ghantel,8,102,484,70495,36797.0,Ghantel,7,False,True,False,"{""36797"": 1.0}",True,36797,True,Ghantel,Churu,Churu,36797,Ghantel,True,36797,True,True,4_full_coverage,36797,Ghantel,Churu,Churu,ghantel,churu,churu,Ghantel,ghantel,churu,churu,ghantel,churu,1.0,1.0,churu,1.0,once,1.0,once,1.0,0.0,True,True,False,1.0,0.0,GEN W,GEN,1.0,once,A_exact_gp_district_samiti,Ghantel,Churu,Churu,True,,,,,,,,,,,,False,1_original_gp_lgd_history_match,once,1.0,1.0,0.0,GEN W,GEN
291269.0,26.4826359121,74.2145989302,R,RAJASTHAN,Nagaur,NFHS4,Rohisi,8,112,562,83250,40791.0,Rohisa,5,False,True,False,"{""40791"": 1.0}",True,40791,True,Rohisi,Nagaur,Riyan Bari,40791,Rohisa,True,40791,True,True,4_full_coverage,40791,Rohisa,Nagaur,Riyan Bari,rohisa,nagaur,riyanbari,Rohisa,rohisa,nagaur,nagaur,rohisa,nagaur,1.0,1.0,riyan,1.0,once,1.0,once,0.0,1.0,True,True,False,0.0,1.0,SC,GENW,1.0,once,B_exact_gp_district,Rohisa,Nagaur,Riyan Bari,True,,,,,,,,,,,,False,1_original_gp_lgd_history_match,once,1.0,0.0,1.0,SC,GENW
291270.0,23.9744134388,75.7788806519,R,RAJASTHAN,Jhalawar,NFHS4,Patlai,8,129,684,105322,39132.0,Mandirpur,6,False,True,False,"{""39132"": 1.0}",True,39132,True,Patlai,Jhalawar,Dag,39132,Mandirpur,True,39132,True,True,4_full_coverage,39132,Mandirpur,Jhalawar,Dag,mandirpur,jhalawar,dag,Mandirpur,mandirpur,jhalawar,jhalawar,mandirpur,jhalawar,1.0,1.0,dag,1.0,once,1.0,once,1.0,0.0,True,True,False,1.0,0.0,GEN W,GEN,1.0,once,A_exact_gp_district_samiti,Mandirpur,Jhalawar,Dag,True,,,,,,,,,,,,False,1_original_gp_lgd_history_match,once,1.0,1.0,0.0,GEN W,GEN
291272.0,26.8806699443,75.9313991174,R,RAJASTHAN,Jaipur,NFHS4,Bagrana,8,110,546,80247,262448.0,Bagrana,8,False,True,False,"{""262448"": 1.0}",True,262448,True,Bagrana (Ct),Jaipur,Jaipur,262448,Bagrana,True,262448,True,False,3_gp_no_reservation_history,262448,Bagrana,Jaipur,Jaipur,bagrana,jaipur,jaipur,Bagrana,bagrana,jaipur,jaipur,,,,,,,,,,,,False,False,False,,,,,,,,,,,False,,,,,,,,,,,,False,0_unmatched,,,,,,
291274.0,26.4162843249,76.6684469832,R,RAJASTHAN,Sawai Madhopur,NFHS4,Bucholai,8,108,526,77167,41405.0,Bucholai,11,False,True,False,"{""41405"": 1.0}",True,41405,True,Bucholai,Gangapurcity,Talawara,41405,Bucholai,True,41405,True,True,4_full_coverage,41405,Bucholai,Gangapurcity,Talawara,bucholai,gangapurcity,talawara,Bucholai,bucholai,sawaimadhopur,sawaimadhopur,bucholai,sawaimadhopur,1.0,1.0,gangapur,1.0,once,1.0,once,1.0,0.0,True,True,False,1.0,0.0,ST W,SC,1.0,once,C_unique_gp_name_statewide,Bucholai,Gangapurcity,Talawara,True,,,,,,,,,,,,False,1_original_gp_lgd_history_match,once,1.0,1.0,0.0,ST W,SC
291278.0,26.9521652719,76.4661106317,R,RAJASTHAN,Dausa,NFHS4,Dhanawar,8,109,533,77958,37047.0,Dhanawar,13,False,True,False,"{""37047"": 1.0}",True,37047,True,Dhanawar,Dausa,Bandikui,37047,Dhanawar,True,37047,True,False,3_gp_no_reservation_history,37047,Dhanawar,Dausa,Bandikui,dhanawar,dausa,bandikui,Dhanawar,dhanawar,dausa,dausa,,,,,,,,,,,,False,False,False,,,,,,,,,,,False,,,,,,,,,,,,False,0_unmatched,,,,,,
291279.0,25.6998972028,75.6632478761,R,RAJASTHAN,Bundi,NFHS4,Roneeja,8,121,622,93696,36244.0,Roneeja,4,False,True,False,"{""36244"": 1.0}",True,36244,True,Roneeja,Bundi,Hindoli,36244,Roneeja,True,36244,True,False,3_gp_no_reservation_history,36244,Roneeja,Bundi,Hindoli,roneeja,bundi,hindoli,Roneeja,roneeja,bundi,bundi,,,,,,,,,,,,False,False,False,,,,,,,,,,,False,,,,,,,,,,,,False,0_unmatched,,,,,,
291280.0,25.249273949,71.1954240745,R,RAJASTHAN,Barmer,NFHS4,Tardon Ka Tala,8,115,584,88860,35109.0,Nawatala Rathoran,8,False,True,False,"{""35109"": 1.0}",True,35109,True,Tardon Ka Tala,Barmer,Dhanau,35109,Nawatala Rathoran,True,35109,True,False,3_gp_no_reservation_history,35109,Nawatala Rathoran,Barmer,Dhanau,nawatalarathoran,barmer,dhanau,Nawatala Rathoran,nawatalarathoran,barmer,barmer,,,,,,,,,,,,False,False,False,,,,,,,,,,,False,,,,,,,,,,,,False,0_unmatched,,,,,,
291282.0,25.224343364,73.3195440949,R,RAJASTHAN,Pali,NFHS4,Dantiwara,8,118,605,91288,40803.0,Bheetwara,6,False,True,False,"{""40803"": 1.0}",True,40803,True,Dantiwara,Pali,Bali,40803,Bheetwara,True,40803,True,False,3_gp_no_reservation_history,40803,Bheetwara,Pali,Bali,bheetwara,pali,bali,Bheetwara,bheetwara,pali,pali,,,,,,,,,,,,False,False,False,,,,,,,,,,,False,,,,,,,,,,,,False,0_unmatched,,,,,,
291283.0,25.3463340854,73.0223930391,R,RAJASTHAN,Pali,NFHS4,Gogra,8,118,604,91220,41102.0,Gogara,4,False,True,False,"{""41102"": 1.0}",True,41102,True,Gogra,Pali,Sumerpur,41102,Gogara,True,41102,True,False,3_gp_no_reservation_history,41102,Gogara,Pali,Sumerpur,gogara,pali,sumerpur,Gogara,gogara,pali,pali,,,,,,,,,,,,False,False,False,,,,,,,,,,,False,never,0.0,0.0,0.0,OBC,GEN,0.9090909090909091,1.0,high_confidence_gp_and_exact_samiti,gogra,SUMERPUR,True,3_fuzzy_gpname_exact_or_close_samiti_match,never,0.0,0.0,0.0,OBC,GEN
291284.0,27.6839834748,76.0429131149,R,RAJASTHAN,Jaipur,NFHS4,Beri,8,110,538,79049,,,12,False,True,False,{},True,,False,Beri,Kotputli-Behror,Paota,38526,Purushottampura,True,38526,True,False,3_gp_no_reservation_history,38526,Purushottampura,Kotputli-Behror,Paota,purushottampura,kotputlibehror,paota,Purushottampura,purushottampura,jaipur,jaipur,,,,,,,,,,,,False,False,False,,,,,,,,,,,False,,,,,,,,,,,,False,0_unmatched,,,,,,
291285.0,27.0241780538,74.1686693468,R,RAJASTHAN,Nagaur,NFHS4,Dotina,8,112,559,82781,40449.0,Dotina,8,False,True,False,"{""40449"": 1.0}",True,40449,True,Dotina,Nagaur,Jayal,40449,Dotina,True,40449,True,False,3_gp_no_reservation_history,40449,Dotina,Nagaur,Jayal,dotina,nagaur,jayal,Dotina,dotina,nagaur,nagaur,,,,,,,,,,,,False,False,False,,,,,,,,,,,False,never,0.0,0.0,0.0,GEN,OBC,1.0,1.0,high_confidence_gp_and_exact_samiti,dotina,JAYAL,True,3_fuzzy_gpname_exact_or_close_samiti_match,never,0.0,0.0,0.0,GEN,OBC
291286.0,27.6399174266,73.6310655575,R,RAJASTHAN,Bikaner,NFHS4,Himatsar,8,101,477,69654,36145.0,Himmatasar,5,False,True,False,"{""36145"": 1.0}",True,36145,True,Himmatasar,Bikaner,Nokha,36145,Himmatasar,True,36145,True,False,3_gp_no_reservation_history,36145,Himmatasar,Bikaner,Nokha,himmatasar,bikaner,nokha,Himmatasar,himmatasar,bikaner,bikaner,,,,,,,,,,,,False,False,False,,,,,,,,,,,False,twice,2.0,1.0,1.0,SC W,GENW,0.9473684210526315,1.0,high_confidence_gp_and_exact_samiti,himmatsar,NOKHA,True,3_fuzzy_gpname_exact_or_close_samiti_match,twice,2.0,1.0,1.0,SC W,GENW
291287.0,25.1699261843,72.8045712582,R,RAJASTHAN,Sirohi,NFHS4,Jhadoli,8,117,592,89878,41953.0,Jhadoli,3,False,True,False,"{""41953"": 1.0}",True,41953,True,Jhadoli,Sirohi,Sheoganj,41953,Jhadoli,True,41953,True,True,4_full_coverage,41953,Jhadoli,Sirohi,Sheoganj,jhadoli,sirohi,sheoganj,Jhadoli,jhadoli,sirohi,sirohi,jhadoli,sirohi,1.0,1.0,pindwara,1.0,twice,2.0,twice,1.0,1.0,True,True,False,1.0,1.0,GEN W,SCW,2.0,twice,B_exact_gp_district,Jhadoli,Sirohi,Sheoganj,True,,,,,,,,,,,,False,1_original_gp_lgd_history_match,twice,2.0,1.0,1.0,GEN W,SCW
291288.0,27.465830638,73.2275122281,R,RAJASTHAN,Bikaner,NFHS4,Panchoo,8,101,477,69631,36166.0,Panchoo,3,False,True,False,"{""36166"": 1.0}",True,36166,True,Panchoo,Bikaner,Nokha,36166,Panchoo,True,36166,True,False,3_gp_no_reservation_history,36166,Panchoo,Bikaner,Bikaner,panchoo,bikaner,bikaner,Panchoo,panchoo,bikaner,bikaner,,,,,,,,,,,,False,False,False,,,,,,,,,,,False,,,,,,,,,,,,False,0_unmatched,,,,,,
291289.0,27.9732570394,74.0773321474,R,RAJASTHAN,Bikaner,NFHS4,Khiyani Bas,8,101,480,69906,36185.0,Bana,4,False,True,False,"{""36185"": 1.0}",True,36185,True,Khiyani Bas,Bikaner,Sridungargarh,36185,Bana,True,36185,True,True,4_full_coverage,36185,Bana,Bikaner,Sridungargarh,bana,bikaner,sridungargarh,Bana,bana,bikaner,bikaner,bana,bikaner,2.0,1.0,dungargarh,1.0,once,1.0,once,1.0,0.0,True,True,False,1.0,0.0,SC W,GEN,1.0,once,B_exact_gp_district,Bana,Bikaner,Sridungargarh,True,,,,,,,,,,,,False,1_original_gp_lgd_history_match,once,1.0,1.0,0.0,SC W,GEN
291291.0,24.84840053,73.9428472376,R,RAJASTHAN,Rajsamand,NFHS4,Khema Khera,8,130,685,105417,42630.0,Varni,10,False,True,False,"{""42630"": 1.0}",True,42630,True,Khema Khera,Udaipur,Ghasa,42630,Varni,True,42630,True,False,3_gp_no_reservation_history,42630,Varni,Udaipur,Ghasa,varni,udaipur,ghasa,Varni,varni,rajsamand,udaipur,,,,,,,,,,,,False,False,False,,,,,,,,,,,False,,,,,,,,,,,,False,0_unmatched,,,,,,
291292.0,27.9823551018,74.6441417772,R,RAJASTHAN,Churu,NFHS4,Sangasar,8,102,485,70656,36902.0,Sangasar,6,False,True,False,"{""36902"": 1.0}",True,36902,True,Sangasar,Churu,Ratangarh,36902,Sangasar,True,36902,True,True,4_full_coverage,36902,Sangasar,Churu,Ratangarh,sangasar,churu,ratangarh,Sangasar,sangasar,churu,churu,sangasar,churu,1.0,1.0,ratangarh,1.0,never,0.0,never,0.0,0.0,True,True,False,0.0,0.0,SC,GEN,0.0,never,A_exact_gp_district_samiti,Sangasar,Churu,Ratangarh,True,,,,,,,,,,,,False,1_original_gp_lgd_history_match,never,0.0,0.0,0.0,SC,GEN
291293.0,27.6081632279,73.4373721881,R,RAJASTHAN,Bikaner,NFHS4,Nokhagaon,8,101,477,69636,36165.0,Nokha Gaon,7,False,True,False,"{""36165"": 1.0}",True,36165,True,Nokha Gaon,Bikaner,Nokha,36165,Nokha Gaon,True,36165,True,True,4_full_coverage,36165,Nokha Gaon,Bikaner,Nokha,nokhagaon,bikaner,nokha,Nokha Gaon,nokhagaon,bikaner,bikaner,nokhagaon,bikaner,1.0,1.0,nokha,1.0,never,0.0,never,0.0,0.0,True,True,False,0.0,0.0,GEN,OBC,0.0,never,A_exact_gp_district_samiti,Nokha Gaon,Bikaner,Nokha,True,,,,,,,,,,,,False,1_original_gp_lgd_history_match,never,0.0,0.0,0.0,GEN,OBC
291295.0,27.7672441292,71.6162076971,R,RAJASTHAN,Jaisalmer,NFHS4,Rohironwala,8,114,575,86184,294239.0,Ankal Ka Tala,3,False,True,False,"{""294239"": 1.0}",True,294239,True,Rohironwala,Jaisalmer,Pokaran,294239,Ankal Ka Tala,True,294239,True,False,3_gp_no_reservation_history,294239,Ankal Ka Tala,Jaisalmer,Pokaran,ankalkatala,jaisalmer,pokaran,Ankal Ka Tala,ankalkatala,jaisalmer,jaisalmer,,,,,,,,,,,,False,False,False,,,,,,,,,,,False,,,,,,,,,,,,False,0_unmatched,,,,,,
291296.0,26.4415577454,72.898115012,R,RAJASTHAN,Jodhpur,NFHS4,Indroka,8,113,570,84894,39801.0,Indroka,7,False,True,False,"{""39801"": 1.0}",True,39801,True,Indroka,Jodhpur,Jodhpur,39801,Indroka,True,39801,True,True,4_full_coverage,39801,Indroka,Jodhpur,Jodhpur,indroka,jodhpur,jodhpur,Indroka,indroka,jodhpur,jodhpur,indroka,jodhpur,1.0,1.0,mandor,1.0,once,1.0,once,1.0,0.0,True,True,False,1.0,0.0,GEN W,OBC,1.0,once,B_exact_gp_district,Indroka,Jodhpur,Jodhpur,True,,,,,,,,,,,,False,1_original_gp_lgd_history_match,once,1.0,1.0,0.0,GEN W,OBC
291297.0,27.3287357094,76.1245042812,R,RAJASTHAN,Jaipur,NFHS4,Bihajar,8,110,539,79237,38701.0,Talwa,7,False,True,False,"{""38701"": 1.0}",True,38701,True,Bihajar,Kotputli-Behror,Viratnagar,38701,Talwa,True,38701,True,False,3_gp_no_reservation_history,38701,Talwa,Kotputli-Behror,Viratnagar,talwa,kotputlibehror,viratnagar,Talwa,talwa,jaipur,jaipur,,,,,,,,,,,,False,False,False,,,,,,,,,,,False,,,,,,,,,,,,False,0_unmatched,,,,,,
291298.0,23.6135761736,73.5140616796,R,RAJASTHAN,Dungarpur,NFHS4,Gesuon Ka Wanga,8,124,646,97656,262610.0,Sharam,5,False,True,False,"{""262610"": 1.0}",True,262610,True,Gesuon Ka Wanga,Dungarpur,Gamri Ahara,262610,Sharam,True,262610,True,False,3_gp_no_reservation_history,262610,Sharam,Dungarpur,Gamri Ahara,sharam,dungarpur,gamriahara,Sharam,sharam,dungarpur,dungarpur,,,,,,,,,,,,False,False,False,,,,,,,,,,,False,,,,,,,,,,,,False,0_unmatched,,,,,,
291299.0,26.9471100796,76.7818345741,R,RAJASTHAN,Dausa,NFHS4,Parli,8,109,535,78304,294682.0,Parali,9,False,True,False,"{""294682"": 1.0}",True,294682,True,Parli,Dausa,Sikrai,294682,Parali,True,294682,True,False,3_gp_no_reservation_history,294682,Parali,Dausa,Sikrai,parali,dausa,sikrai,Parali,parali,dausa,dausa,,,,,,,,,,,,False,False,False,,,,,,,,,,,False,,,,,,,,,,,,False,0_unmatched,,,,,,
291300.0,25.2550670007,76.1068246744,R,RAJASTHAN,Kota,NFHS4,Doongarjya,8,127,666,101946,40313.0,Doongarja,8,False,True,False,"{""40313"": 1.0}",True,40313,True,Doongarjya,Kota,Digod,40313,Doongarja,True,40313,True,False,3_gp_no_reservation_history,40313,Doongarja,Kota,Digod,doongarja,kota,digod,Doongarja,doongarja,kota,kota,,,,,,,,,,,,False,False,False,,,,,,,,,,,False,,,,,,,,,,,,False,0_unmatched,,,,,,
291301.0,26.5266593207,73.4230567457,R,RAJASTHAN,Jodhpur,NFHS4,Artiya Kalan,8,113,569,84864,39670.0,Artiya Kalan,8,False,True,False,"{""39670"": 1.0}",True,39670,True,Artiya Kalan,Jodhpur (Gramin),Bhopalgarh,39670,Artiya Kalan,True,39670,True,False,3_gp_no_reservation_history,39670,Artiya Kalan,Jodhpur (Gramin),Bhopalgarh,artiyakalan,jodhpurgramin,bhopalgarh,Artiya Kalan,artiyakalan,jodhpur,jodhpur,,,,,,,,,,,,False,False,False,,,,,,,,,,,False,twice,2.0,1.0,1.0,GEN W,SCW,0.9523809523809523,1.0,high_confidence_gp_and_exact_samiti,artiya kala,BHOPALGARH,True,3_fuzzy_gpname_exact_or_close_samiti_match,twice,2.0,1.0,1.0,GEN W,SCW
291302.0,26.2768575991,74.7072021913,R,RAJASTHAN,Ajmer,NFHS4,Dholadanta Derathoo,8,119,611,92144,33784.0,Bhatiyani,6,False,True,False,"{""33784"": 1.0}",True,33784,True,Dholadanta Derathoo,Ajmer,Nasirabad,33784,Bhatiyani,True,33784,True,True,4_full_coverage,33784,Bhatiyani,Ajmer,Nasirabad,bhatiyani,ajmer,nasirabad,Bhatiyani,bhatiyani,ajmer,ajmer,bhatiyani,ajmer,1.0,1.0,peesangan,1.0,never,0.0,never,0.0,0.0,True,True,False,0.0,0.0,GEN,GEN,0.0,never,B_exact_gp_district,Bhatiyani,Ajmer,Nasirabad,True,,,,,,,,,,,,False,1_original_gp_lgd_history_match,never,0.0,0.0,0.0,GEN,GEN
291303.0,27.1077543347,75.4983078832,R,RAJASTHAN,Jaipur,NFHS4,Khijooriya,8,110,542,79491,38591.0,Karansar,11,False,True,False,"{""38591"": 1.0}",True,38591,True,Khijooriya,Jaipur (Gramin),Jobner,38591,Karansar,True,38591,True,False,3_gp_no_reservation_history,38591,Karansar,Jaipur (Gramin),Jobner,karansar,jaipurgramin,jobner,Karansar,karansar,jaipur,jaipur,,,,,,,,,,,,False,False,False,,,,,,,,,,,False,,,,,,,,,,,,False,0_unmatched,,,,,,
291304.0,27.2106138307,76.0104467259,R,RAJASTHAN,Jaipur,NFHS4,Majipura,8,110,548,80477,262416.0,Bhuranpura,12,False,True,False,"{""262416"": 1.0}",True,262416,True,Majipura,Jaipur (Gramin),Jamwaramgarh,262416,Bhuranpura,True,262416,True,False,3_gp_no_reservation_history,262416,Bhuranpura,Jaipur (Gramin),Jamwaramgarh,bhuranpura,jaipurgramin,jamwaramgarh,Bhuranpura,bhuranpura,jaipur,jaipur,,,,,,,,,,,,False,False,False,,,,,,,,,,,False,,,,,,,,,,,,False,0_unmatched,,,,,,
291305.0,26.2641072388,70.9707615611,R,RAJASTHAN,Jaisalmer,NFHS4,Modha,8,114,576,86596,38772.0,Modha,5,False,True,False,"{""38772"": 1.0}",True,38772,True,Modha,Jaisalmer,Fatehgarh,38772,Modha,True,38772,True,True,4_full_coverage,38772,Modha,Jaisalmer,Fatehgarh,modha,jaisalmer,fatehgarh,Modha,modha,jaisalmer,jaisalmer,modha,jaisalmer,1.0,1.0,sam,1.0,once,1.0,once,1.0,0.0,True,True,False,1.0,0.0,GEN W,OBC,1.0,once,B_exact_gp_district,Modha,Jaisalmer,Fatehgarh,True,,,,,,,,,,,,False,1_original_gp_lgd_history_match,once,1.0,1.0,0.0,GEN W,OBC
291306.0,23.3836529659,74.3938723003,R,RAJASTHAN,Banswara,NFHS4,Sewana,8,125,653,99410,294712.0,Sewana,12,False,True,False,"{""294712"": 1.0}",True,294712,True,Sewana,Banswara,Bagidora,294712,Sewana,True,294712,True,False,3_gp_no_reservation_history,294712,Sewana,Banswara,Bagidora,sewana,banswara,bagidora,Sewana,sewana,banswara,banswara,,,,,,,,,,,,False,False,False,,,,,,,,,,,False,,,,,,,,,,,,False,0_unmatched,,,,,,
291307.0,23.9171451988,73.9840457273,R,RAJASTHAN,Dungarpur,NFHS4,Kanthri,8,124,647,97767,37424.0,Kanthadi,13,False,True,False,"{""37424"": 1.0}",True,37424,True,Kanthri,Dungarpur,Aspur,37424,Kanthadi,True,37424,True,False,3_gp_no_reservation_history,37424,Kanthadi,Dungarpur,Aspur,kanthadi,dungarpur,aspur,Kanthadi,kanthadi,dungarpur,dungarpur,,,,,,,,,,,,False,False,False,,,,,,,,,,,False,,,,,,,,,,,,False,0_unmatched,,,,,,
291310.0,23.5304082034,73.742130588,R,RAJASTHAN,Dungarpur,NFHS4,Peeth,8,124,649,98290,37630.0,Peeth,19,False,True,False,"{""37630"": 1.0}",True,37630,True,Peeth,Dungarpur,Simalwara,37630,Peeth,True,37630,True,True,4_full_coverage,37630,Peeth,Dungarpur,Simalwara,peeth,dungarpur,simalwara,Peeth,peeth,dungarpur,dungarpur,peeth,dungarpur,1.0,1.0,simalwara,1.0,never,0.0,never,0.0,0.0,True,True,False,0.0,0.0,ST,ST,0.0,never,A_exact_gp_district_samiti,Peeth,Dungarpur,Simalwara,True,,,,,,,,,,,,False,1_original_gp_lgd_history_match,never,0.0,0.0,0.0,ST,ST
291311.0,25.4967539812,71.5775861898,R,RAJASTHAN,Barmer,NFHS4,Jagram Ki Dhani,8,115,581,87676,35197.0,Nokhara,5,False,True,False,"{""35197"": 1.0}",True,35197,True,Jagram Ki Dhani,Barmer,Nokhra,35197,Nokhara,True,35197,True,True,4_full_coverage,35197,Nokhara,Barmer,Nokhra,nokhara,barmer,nokhra,Nokhara,nokhara,barmer,barmer,,,,,,,,,,,,False,True,False,0.0,0.0,GEN,GEN,0.0,never,C_unique_gp_name_statewide,Nokhara,Barmer,Nokhra,True,,,,,,,,,,,,False,1_original_gp_lgd_history_match,never,0.0,0.0,0.0,GEN,GEN
291312.0,26.1582681351,76.4528679115,R,RAJASTHAN,Sawai Madhopur,NFHS4,Chakeri,8,108,531,77629,41481.0,Chakeri,14,False,True,False,"{""41481"": 1.0}",True,41481,True,Chakeri,Sawai Madhopur,Sawai Madhopur,41481,Chakeri,True,41481,True,False,3_gp_no_reservation_history,41481,Chakeri,Sawai Madhopur,Sawai Madhopur,chakeri,sawaimadhopur,sawaimadhopur,Chakeri,chakeri,sawaimadhopur,sawaimadhopur,,,,,,,,,,,,False,False,False,,,,,,,,,,,False,,,,,,,,,,,,False,0_unmatched,,,,,,
291313.0,26.4426278997,77.1620818512,R,RAJASTHAN,Karauli,NFHS4,Baharda,8,107,524,76832,40090.0,Batda,8,False,True,False,"{""40090"": 1.0}",True,40090,True,Baharda,Karauli,Mandrayal,40090,Batda,True,40090,True,False,3_gp_no_reservation_history,40090,Batda,Karauli,Mandrayal,batda,karauli,mandrayal,Batda,batda,karauli,karauli,,,,,,,,,,,,False,False,False,,,,,,,,,,,False,,,,,,,,,,,,False,0_unmatched,,,,,,
291314.0,25.7311725635,75.1104630411,R,RAJASTHAN,Ajmer,NFHS4,Cheeklya,8,119,614,92480,33698.0,Gordha,5,False,True,False,"{""33698"": 1.0}",True,33698,True,Cheeklya,Kekri,Sawar,33698,Gordha,True,33698,True,True,4_full_coverage,33698,Gordha,Kekri,Sawar,gordha,kekri,sawar,Gordha,gordha,ajmer,ajmer,gordha,ajmer,1.0,1.0,kekri,1.0,never,0.0,never,0.0,0.0,True,True,False,0.0,0.0,GEN,SC,0.0,never,C_unique_gp_name_statewide,Gordha,Kekri,Sawar,True,,,,,,,,,,,,False,1_original_gp_lgd_history_match,never,0.0,0.0,0.0,GEN,SC
291315.0,24.3792958603,76.3976220301,R,RAJASTHAN,Jhalawar,NFHS4,Barkheri,8,129,680,104420,,,8,False,True,False,{},True,,False,Barkheri,Jhalawar,Aklera,39069,Baira Garh,True,39069,True,False,3_gp_no_reservation_history,39069,Baira Garh,Jhalawar,Aklera,bairagarh,jhalawar,aklera,Baira Garh,bairagarh,jhalawar,jhalawar,,,,,,,,,,,,False,False,False,,,,,,,,,,,False,,,,,,,,,,,,False,0_unmatched,,,,,,
291317.0,25.3371018092,71.4185500533,R,RAJASTHAN,Barmer,NFHS4,Sardarpura,8,115,581,87707,35091.0,Doodhu,9,False,True,False,"{""35091"": 1.0}",True,35091,True,Sardarpura,Barmer,Dhorimanna,35091,Doodhu,True,35091,True,False,3_gp_no_reservation_history,35091,Doodhu,Barmer,Dhorimanna,doodhu,barmer,dhorimanna,Doodhu,doodhu,barmer,barmer,,,,,,,,,,,,False,False,False,,,,,,,,,,,False,,,,,,,,,,,,False,0_unmatched,,,,,,
291318.0,29.0136724562,74.7361587299,R,RAJASTHAN,Hanumangarh,NFHS4,LAKHASAR,8,100,471,68757,38180.0,Lakhasar,5,False,True,False,"{""38180"": 1.0}",True,38180,True,Lakhasar,Hanumangarh,Nohar,38180,Lakhasar,True,38180,True,True,4_full_coverage,38180,Lakhasar,Hanumangarh,Nohar,lakhasar,hanumangarh,nohar,Lakhasar,lakhasar,hanumangarh,hanumangarh,lakhasar,hanumangarh,1.0,1.0,nohar,1.0,never,0.0,never,0.0,0.0,True,True,False,0.0,0.0,GEN,GEN,0.0,never,A_exact_gp_district_samiti,Lakhasar,Hanumangarh,Nohar,True,,,,,,,,,,,,False,1_original_gp_lgd_history_match,never,0.0,0.0,0.0,GEN,GEN
291319.0,29.6460550151,74.4323788355,R,RAJASTHAN,Hanumangarh,NFHS4,3 DPM,8,100,467,67336,38083.0,Malar Khera,9,False,True,False,"{""38083"": 1.0}",True,38083,True,3 Dpm,Hanumangarh,Tibbi,38083,Malar Khera,True,38083,True,False,3_gp_no_reservation_history,38083,Malar Khera,Hanumangarh,Tibbi,malarkhera,hanumangarh,tibbi,Malar Khera,malarkhera,hanumangarh,hanumangarh,,,,,,,,,,,,False,False,False,,,,,,,,,,,False,,,,,,,,,,,,False,0_unmatched,,,,,,
291321.0,23.7912159756,73.5698631052,R,RAJASTHAN,Dungarpur,NFHS4,Bilpan,8,124,646,97543,262606.0,Bilpan,15,False,True,False,"{""262606"": 1.0}",True,262606,True,Bilpan,Dungarpur,Bichhiwara,262606,Bilpan,True,262606,True,False,3_gp_no_reservation_history,262606,Bilpan,Dungarpur,Bichhiwara,bilpan,dungarpur,bichhiwara,Bilpan,bilpan,dungarpur,dungarpur,,,,,,,,,,,,False,False,False,,,,,,,,,,,False,,,,,,,,,,,,False,0_unmatched,,,,,,
291323.0,24.491656136,75.959676232,R,RAJASTHAN,Jhalawar,NFHS4,Ganeshpura,8,129,682,104855,39160.0,Ganeshpura,6,False,True,False,"{""39160"": 1.0}",True,39160,True,Ganeshpura,Jhalawar,Pachpahar,39160,Ganeshpura,True,39160,True,True,4_full_coverage,39160,Ganeshpura,Jhalawar,Pachpahar,ganeshpura,jhalawar,pachpahar,Ganeshpura,ganeshpura,jhalawar,jhalawar,ganeshpura,jhalawar,1.0,1.0,jhalrapatan,1.0,once,1.0,once,1.0,0.0,True,True,False,1.0,0.0,GEN W,SC,1.0,once,B_exact_gp_district,Ganeshpura,Jhalawar,Pachpahar,True,,,,,,,,,,,,False,1_original_gp_lgd_history_match,once,1.0,1.0,0.0,GEN W,SC
291324.0,25.4160907855,74.9719724671,R,RAJASTHAN,Bhilwara,NFHS4,Sagatpuriya,8,122,635,95719,35756.0,Birdhol,8,False,True,False,"{""35756"": 1.0}",True,35756,True,Sagatpuriya,Shahpura,Kotri,35756,Birdhol,True,35756,True,False,3_gp_no_reservation_history,35756,Birdhol,Shahpura,Kotri,birdhol,shahpura,kotri,Birdhol,birdhol,bhilwara,bhilwara,,,,,,,,,,,,False,False,False,,,,,,,,,,,False,,,,,,,,,,,,False,0_unmatched,,,,,,
291327.0,23.5856865969,74.2720718947,R,RAJASTHAN,Banswara,NFHS4,Kushalpura,8,125,652,98877,34431.0,Kushalpura,17,False,True,False,"{""34431"": 1.0}",True,34431,True,Kushalpura,Banswara,Banswara,34431,Kushalpura,True,34431,True,False,3_gp_no_reservation_history,34431,Kushalpura,Banswara,Banswara,kushalpura,banswara,banswara,Kushalpura,kushalpura,banswara,banswara,,,,,,,,,,,,False,False,False,,,,,,,,,,,False,,,,,,,,,,,,False,0_unmatched,,,,,,
291328.0,26.6660047979,77.4883606233,R,RAJASTHAN,Dhaulpur,NFHS4,Khoole Ka Pura,8,106,516,75564,294028.0,Dhannu Ka Pura,14,False,True,False,"{""294028"": 1.0}",True,294028,True,Khoole Ka Pura,Dholpur,Bari,294028,Dhannu Ka Pura,True,294028,True,False,3_gp_no_reservation_history,294028,Dhannu Ka Pura,Dholpur,Bari,dhannukapura,dholpur,bari,Dhannu Ka Pura,dhannukapura,dholpur,dholpur,,,,,,,,,,,,False,False,False,,,,,,,,,,,False,,,,,,,,,,,,False,0_unmatched,,,,,,
291329.0,25.7229294562,75.1741283345,R,RAJASTHAN,Ajmer,NFHS4,Kushayata,8,119,614,92487,33705.0,Kushayata,6,False,True,False,"{""33705"": 1.0}",True,33705,True,Kushayata,Kekri,Sawar,33705,Kushayata,True,33705,True,True,4_full_coverage,33705,Kushayata,Kekri,Sawar,kushayata,kekri,sawar,Kushayata,kushayata,ajmer,ajmer,kushayata,ajmer,1.0,1.0,kekri,1.0,twice,2.0,twice,1.0,1.0,True,True,False,1.0,1.0,OBC W,STW,2.0,twice,C_unique_gp_name_statewide,Kushayata,Kekri,Sawar,True,,,,,,,,,,,,False,1_original_gp_lgd_history_match,twice,2.0,1.0,1.0,OBC W,STW
291332.0,26.6375435854,74.8367644812,R,RAJASTHAN,Ajmer,NFHS4,Mohan Pura,8,119,606,91456,33728.0,Khatoli,4,False,True,False,"{""33728"": 1.0}",True,33728,True,Mohan Pura,Ajmer,Kishangarh,33728,Khatoli,True,33728,True,True,4_full_coverage,33728,Khatoli,Ajmer,Kishangarh,khatoli,ajmer,kishangarh,Khatoli,khatoli,ajmer,ajmer,khatoli,ajmer,1.0,1.0,kishangarh,1.0,never,0.0,never,0.0,0.0,True,True,False,0.0,0.0,GEN,GEN,0.0,never,A_exact_gp_district_samiti,Khatoli,Ajmer,Kishangarh,True,,,,,,,,,,,,False,1_original_gp_lgd_history_match,never,0.0,0.0,0.0,GEN,GEN
291335.0,25.1264959336,73.1334161893,R,RAJASTHAN,Pali,NFHS4,Galthani,8,118,604,91268,295140.0,Galthani,5,False,True,False,"{""295140"": 1.0}",True,295140,True,Galthani,Pali,Sumerpur,295140,Galthani,True,295140,True,False,3_gp_no_reservation_history,295140,Galthani,Pali,Sumerpur,galthani,pali,sumerpur,Galthani,galthani,pali,pali,,,,,,,,,,,,False,False,False,,,,,,,,,,,False,,,,,,,,,,,,False,0_unmatched,,,,,,
291336.0,28.2021562441,75.8740506355,R,RAJASTHAN,Jhunjhunun,NFHS4,Buhana,8,103,489,71369,39356.0,Buhana,11,False,True,False,"{""39356"": 1.0}",True,39356,True,Buhana,Jhunjhunu,Buhana,39356,Buhana,True,39356,True,True,4_full_coverage,39356,Buhana,Jhunjhunu,Buhana,buhana,jhunjhunu,buhana,Buhana,buhana,jhunjhunu,jhunjhunu,buhana,jhunjhunu,1.0,1.0,buhana,1.0,twice,2.0,twice,1.0,1.0,True,True,False,1.0,1.0,OBC W,GENW,2.0,twice,A_exact_gp_district_samiti,Buhana,Jhunjhunu,Buhana,True,,,,,,,,,,,,False,1_original_gp_lgd_history_match,twice,2.0,1.0,1.0,OBC W,GENW
291338.0,28.0401449388,74.7140139975,R,RAJASTHAN,Churu,NFHS4,Har Desar,8,102,485,70658,36906.0,Tidiyasar,6,False,True,False,"{""36906"": 1.0}",True,36906,True,Har Desar,Churu,Ratangarh,36906,Tidiyasar,True,36906,True,False,3_gp_no_reservation_history,36906,Tidiyasar,Churu,Ratangarh,tidiyasar,churu,ratangarh,Tidiyasar,tidiyasar,churu,churu,tidiyasar,churu,1.0,1.0,ratangarh,1.0,twice,2.0,twice,1.0,1.0,True,True,True,,,,,,,,,,,False,,,,,,,,,,,,False,2_direct_gpname_dhsdistrict_match,twice,2.0,1.0,1.0,,
291339.0,24.9192404623,75.4857385744,R,RAJASTHAN,Chittaurgarh,NFHS4,Luhariya,8,126,658,100459,,,6,False,True,False,{},True,,False,Luhariya,Chittorgarh,Rawatbhata,36519,Luhariya,True,36519,True,True,4_full_coverage,36519,Luhariya,Chittorgarh,Rawatbhata,luhariya,chittorgarh,rawatbhata,Luhariya,luhariya,chittorgarh,chittorgarh,luhariya,chittorgarh,1.0,1.0,bhainsrorgarh,1.0,twice,2.0,twice,1.0,1.0,True,True,False,1.0,1.0,GEN W,STW,2.0,twice,B_exact_gp_district,Luhariya,Chittorgarh,Rawatbhata,True,,,,,,,,,,,,False,1_original_gp_lgd_history_match,twice,2.0,1.0,1.0,GEN W,STW
291340.0,24.9652033473,73.8129333875,R,RAJASTHAN,Rajsamand,NFHS4,Kalan Kheri Patiya,8,123,645,97295,41197.0,Gunjol,10,False,True,False,"{""41197"": 1.0}",True,41197,True,Kalan Kheri Patiya,Rajsamand,Nathdwara,41197,Gunjol,True,41197,True,True,4_full_coverage,41197,Gunjol,Rajsamand,Nathdwara,gunjol,rajsamand,nathdwara,Gunjol,gunjol,rajsamand,rajsamand,gunjol,rajsamand,1.0,1.0,khamnor,1.0,once,1.0,once,0.0,1.0,True,True,False,0.0,1.0,SC,STW,1.0,once,B_exact_gp_district,Gunjol,Rajsamand,Nathdwara,True,,,,,,,,,,,,False,1_original_gp_lgd_history_match,once,1.0,0.0,1.0,SC,STW
291341.0,26.5274497283,76.7173623567,R,RAJASTHAN,Sawai Madhopur,NFHS4,Udai Kalan  (Rural),8,108,526,77110,41433.0,Udai Kalan,11,False,True,False,"{""41433"": 1.0}",True,41433,True,Udai Kalan (Rural),Gangapurcity,Gangapur,41433,Udai Kalan,True,41433,True,True,4_full_coverage,41433,Udai Kalan,Gangapurcity,Gangapur,udaikalan,gangapurcity,gangapur,Udai Kalan,udaikalan,sawaimadhopur,sawaimadhopur,udaikalan,sawaimadhopur,1.0,1.0,gangapur,1.0,never,0.0,never,0.0,0.0,True,True,False,0.0,0.0,GEN,SC,0.0,never,C_unique_gp_name_statewide,Udai Kalan,Gangapurcity,Gangapur,True,,,,,,,,,,,,False,1_original_gp_lgd_history_match,never,0.0,0.0,0.0,GEN,SC
291344.0,24.1102198879,74.7324368478,R,RAJASTHAN,Pratapgarh,NFHS4,Tanda,8,131,699,108543,36739.0,Kulmi Pura,12,False,True,False,"{""36739"": 1.0}",True,36739,True,Tanda,Pratapgarh,Pratapgarh,36739,Kulmi Pura,True,36739,True,True,4_full_coverage,36739,Kulmi Pura,Pratapgarh,Pratapgarh,kulmipura,pratapgarh,pratapgarh,Kulmi Pura,kulmipura,pratapgarh,pratapgarh,kulmipura,pratapgarh,1.0,1.0,pratapgarh,1.0,once,1.0,once,0.0,1.0,True,True,False,0.0,1.0,ST,STW,1.0,once,A_exact_gp_district_samiti,Kulmi Pura,Pratapgarh,Pratapgarh,True,,,,,,,,,,,,False,1_original_gp_lgd_history_match,once,1.0,0.0,1.0,ST,STW
291346.0,26.2028893743,75.6163979112,R,RAJASTHAN,Tonk,NFHS4,Naner,8,120,616,92760,42183.0,Naner,11,False,True,False,"{""42183"": 1.0}",True,42183,True,Naner,Tonk,Peeplu,42183,Naner,True,42183,True,True,4_full_coverage,42183,Naner,Tonk,Peeplu,naner,tonk,peeplu,Naner,naner,tonk,tonk,naner,tonk,1.0,1.0,tonk,1.0,never,0.0,never,0.0,0.0,True,True,False,0.0,0.0,GEN,GEN,0.0,never,B_exact_gp_district,Naner,Tonk,Peeplu,True,,,,,,,,,,,,False,1_original_gp_lgd_history_match,never,0.0,0.0,0.0,GEN,GEN
291347.0,27.2963456071,75.483146265,R,RAJASTHAN,Sikar,NFHS4,Dadiyarampura,8,111,555,82076,41822.0,Dadiya Rampura,4,False,True,False,"{""41822"": 1.0}",True,41822,True,Dadiyarampura,Sikar,Reengus,41822,Dadiya Rampura,True,41822,True,True,4_full_coverage,41822,Dadiya Rampura,Sikar,Reengus,dadiyarampura,sikar,reengus,Dadiya Rampura,dadiyarampura,sikar,sikar,dadiyarampura,sikar,1.0,1.0,srimadhopur,1.0,once,1.0,once,1.0,0.0,True,True,False,1.0,0.0,GEN W,OBC,1.0,once,B_exact_gp_district,Dadiya Rampura,Sikar,Reengus,True,,,,,,,,,,,,False,1_original_gp_lgd_history_match,once,1.0,1.0,0.0,GEN W,OBC
291348.0,26.8318110083,72.8829853373,R,RAJASTHAN,Jodhpur,NFHS4,Bheeyadiya,8,113,568,84553,262552.0,Bheenyariya,6,False,True,False,"{""262552"": 1.0}",True,262552,True,Bheeyadiya,Phalodi,Lohawat,262552,Bheenyariya,True,262552,True,False,3_gp_no_reservation_history,262552,Bheenyariya,Jodhpur (Gramin),Chamu,bheenyariya,jodhpurgramin,chamu,Bheenyariya,bheenyariya,jodhpur,jodhpur,,,,,,,,,,,,False,False,False,,,,,,,,,,,False,,,,,,,,,,,,False,0_unmatched,,,,,,
291349.0,23.3335780249,74.3635385434,R,RAJASTHAN,Banswara,NFHS4,Beelri,8,125,654,99624,34630.0,Beelari,16,False,True,False,"{""34630"": 1.0}",True,34630,True,Beelri,Banswara,Sajjangarh,34630,Beelari,True,34630,True,False,3_gp_no_reservation_history,34630,Beelari,Banswara,Sajjangarh,beelari,banswara,sajjangarh,Beelari,beelari,banswara,banswara,,,,,,,,,,,,False,False,False,,,,,,,,,,,False,,,,,,,,,,,,False,0_unmatched,,,,,,
291350.0,24.9227978372,75.9110110275,R,RAJASTHAN,Kota,NFHS4,Mandalya,8,127,667,102101,40262.0,Mandliya,7,False,True,False,"{""40262"": 1.0}",True,40262,True,Mandalya,Kota,Ladpura,40262,Mandliya,True,40262,True,False,3_gp_no_reservation_history,40262,Mandliya,Kota,Ladpura,mandliya,kota,ladpura,Mandliya,mandliya,kota,kota,,,,,,,,,,,,False,False,False,,,,,,,,,,,False,never,0.0,0.0,0.0,SC,GEN,0.9411764705882353,1.0,high_confidence_gp_and_exact_samiti,mandaliya,LADPURA,True,3_fuzzy_gpname_exact_or_close_samiti_match,never,0.0,0.0,0.0,SC,GEN
291351.0,28.4783129627,74.8168647116,R,RAJASTHAN,Churu,NFHS4,Khandwa Patta Churu,8,102,484,70466,36803.0,Khandwa Patta Churu,7,False,True,False,"{""36803"": 1.0}",True,36803,True,Khandwa Patta Churu,Churu,Churu,36803,Khandwa Patta Churu,True,36803,True,True,4_full_coverage,36803,Khandwa Patta Churu,Churu,Churu,khandwapattachuru,churu,churu,Khandwa Patta Churu,khandwapattachuru,churu,churu,khandwapattachuru,churu,1.0,1.0,churu,1.0,once,1.0,once,0.0,1.0,True,True,False,0.0,1.0,GEN,SCW,1.0,once,A_exact_gp_district_samiti,Khandwa Patta Churu,Churu,Churu,True,,,,,,,,,,,,False,1_original_gp_lgd_history_match,once,1.0,0.0,1.0,GEN,SCW
291352.0,26.5930827195,74.9760183309,R,RAJASTHAN,Ajmer,NFHS4,Bargaon,8,119,606,91473,33736.0,Patan,6,False,True,False,"{""33736"": 1.0}",True,33736,True,Bargaon,Ajmer,Kishangarh,33736,Patan,True,33736,True,True,4_full_coverage,33736,Patan,Ajmer,Kishangarh,patan,ajmer,kishangarh,Patan,patan,ajmer,ajmer,patan,ajmer,1.0,1.0,kishangarh,1.0,never,0.0,never,0.0,0.0,True,True,False,0.0,0.0,GEN,GEN,0.0,never,A_exact_gp_district_samiti,Patan,Ajmer,Kishangarh,True,,,,,,,,,,,,False,1_original_gp_lgd_history_match,never,0.0,0.0,0.0,GEN,GEN
291355.0,27.0046363031,76.6528227235,R,RAJASTHAN,Dausa,NFHS4,Anantwara,8,109,533,78038,37035.0,Anantwara,16,False,True,False,"{""37035"": 1.0}",True,37035,True,Anantwara,Dausa,Bandikui,37035,Anantwara,True,37035,True,False,3_gp_no_reservation_history,37035,Anantwara,Dausa,Bandikui,anantwara,dausa,bandikui,Anantwara,anantwara,dausa,dausa,,,,,,,,,,,,False,False,False,,,,,,,,,,,False,,,,,,,,,,,,False,0_unmatched,,,,,,
291356.0,29.0312159103,74.1525122503,R,RAJASTHAN,Hanumangarh,NFHS4,MOTER,8,100,470,68548,38190.0,Moter,3,False,True,False,"{""38190"": 1.0}",True,38190,True,Moter,Hanumangarh,Pallu,38190,Moter,True,38190,True,False,3_gp_no_reservation_history,38190,Moter,Hanumangarh,Pallu,moter,hanumangarh,pallu,Moter,moter,hanumangarh,hanumangarh,,,,,,,,,,,,False,False,False,,,,,,,,,,,False,,,,,,,,,,,,False,0_unmatched,,,,,,
291357.0,28.2702240939,75.0029852267,R,RAJASTHAN,Churu,NFHS4,Khasoli,8,102,484,70552,36804.0,Khansoli,5,False,True,False,"{""36804"": 1.0}",True,36804,True,Khasoli,Churu,Churu,36804,Khansoli,True,36804,True,True,4_full_coverage,36804,Khansoli,Churu,Churu,khansoli,churu,churu,Khansoli,khansoli,churu,churu,khansoli,churu,1.0,1.0,churu,1.0,once,1.0,once,0.0,1.0,True,True,False,0.0,1.0,GEN,SCW,1.0,once,A_exact_gp_district_samiti,Khansoli,Churu,Churu,True,,,,,,,,,,,,False,1_original_gp_lgd_history_match,once,1.0,0.0,1.0,GEN,SCW
291358.0,23.7118792522,74.8238208778,R,RAJASTHAN,Pratapgarh,NFHS4,Sewana,8,131,700,108806,36420.0,Sewana,12,False,True,False,"{""36420"": 1.0}",True,36420,True,Sewana,Pratapgarh,Dalot,36420,Sewana,True,36420,True,True,4_full_coverage,36420,Sewana,Pratapgarh,Dalot,sewana,pratapgarh,dalot,Sewana,sewana,pratapgarh,pratapgarh,sewana,pratapgarh,1.0,1.0,arnod,1.0,once,1.0,once,0.0,1.0,True,True,False,0.0,1.0,ST,STW,1.0,once,B_exact_gp_district,Sewana,Pratapgarh,Dalot,True,,,,,,,,,,,,False,1_original_gp_lgd_history_match,once,1.0,0.0,1.0,ST,STW
291359.0,23.5678180388,73.8486723853,R,RAJASTHAN,Dungarpur,NFHS4,Bansiya,8,124,649,98297,37591.0,Bansiya,15,False,True,False,"{""37591"": 1.0}",True,37591,True,Bansiya,Dungarpur,Simalwara,37591,Bansiya,True,37591,True,True,4_full_coverage,37591,Bansiya,Dungarpur,Simalwara,bansiya,dungarpur,simalwara,Bansiya,bansiya,dungarpur,dungarpur,bansiya,dungarpur,1.0,1.0,simalwara,1.0,never,0.0,never,0.0,0.0,True,True,False,0.0,0.0,ST,ST,0.0,never,A_exact_gp_district_samiti,Bansiya,Dungarpur,Simalwara,True,,,,,,,,,,,,False,1_original_gp_lgd_history_match,never,0.0,0.0,0.0,ST,ST
291360.0,26.9883822243,76.5579613097,R,RAJASTHAN,Dausa,NFHS4,Goojarwas,8,109,533,78024,37069.0,Peechupara Kalan,18,False,True,False,"{""37069"": 1.0}",True,37069,True,Goojarwas,Dausa,Bandikui,37069,Peechupara Kalan,True,37069,True,False,3_gp_no_reservation_history,37069,Peechupara Kalan,Dausa,Bandikui,peechuparakalan,dausa,bandikui,Peechupara Kalan,peechuparakalan,dausa,dausa,,,,,,,,,,,,False,False,False,,,,,,,,,,,False,once,1.0,1.0,0.0,GEN W,ST,0.9333333333333333,1.0,high_confidence_gp_and_exact_samiti,peechupada kalan,BANDIKUI,True,3_fuzzy_gpname_exact_or_close_samiti_match,once,1.0,1.0,0.0,GEN W,ST
291363.0,26.2059301129,75.493807835,R,RAJASTHAN,Tonk,NFHS4,Teelanju,8,120,615,92642,42073.0,Tilanjoo,7,False,True,False,"{""42073"": 1.0}",True,42073,True,Teelanju,Tonk,Malpura,42073,Tilanjoo,True,42073,True,False,3_gp_no_reservation_history,42073,Tilanjoo,Tonk,Malpura,tilanjoo,tonk,malpura,Tilanjoo,tilanjoo,tonk,tonk,,,,,,,,,,,,False,False,False,,,,,,,,,,,False,,,,,,,,,,,,False,0_unmatched,,,,,,
291364.0,24.3723874644,73.9703477148,R,RAJASTHAN,Udaipur,NFHS4,Kheri,8,130,689,106641,42373.0,Dantisar,11,False,True,False,"{""42373"": 1.0}",True,42373,True,Kheri,Udaipur,Kurabar,42373,Dantisar,True,42373,True,True,4_full_coverage,42373,Dantisar,Udaipur,Kurabar,dantisar,udaipur,kurabar,Dantisar,dantisar,udaipur,udaipur,dantisar,udaipur,1.0,1.0,girwa,1.0,once,1.0,once,1.0,0.0,True,True,False,1.0,0.0,ST W,ST,1.0,once,B_exact_gp_district,Dantisar,Udaipur,Kurabar,True,,,,,,,,,,,,False,1_original_gp_lgd_history_match,once,1.0,1.0,0.0,ST W,ST
291365.0,25.5592568342,71.2647831267,R,RAJASTHAN,Barmer,NFHS4,Taratara Math,8,115,584,88665,34972.0,Tarataramath,6,False,True,False,"{""34972"": 1.0}",True,34972,True,Taratara Math,Barmer,Chohtan,34972,Tarataramath,True,34972,True,True,4_full_coverage,34972,Tarataramath,Barmer,Chohtan,tarataramath,barmer,chohtan,Tarataramath,tarataramath,barmer,barmer,tarataramath,barmer,1.0,1.0,barmer,1.0,never,0.0,never,0.0,0.0,True,True,False,0.0,0.0,GEN,SC,0.0,never,B_exact_gp_district,Tarataramath,Barmer,Chohtan,True,,,,,,,,,,,,False,1_original_gp_lgd_history_match,never,0.0,0.0,0.0,GEN,SC
291366.0,25.5385499916,71.3544091383,R,RAJASTHAN,Barmer,NFHS4,Nimbasar Nadi,8,115,582,88331,295353.0,Ramderiya,8,False,True,False,"{""295353"": 1.0}",True,295353,True,Nimbasar Nadi,Barmer,Barmer,295353,Ramderiya,True,295353,True,False,3_gp_no_reservation_history,295353,Ramderiya,Barmer,Barmer,ramderiya,barmer,barmer,Ramderiya,ramderiya,barmer,barmer,,,,,,,,,,,,False,False,False,,,,,,,,,,,False,,,,,,,,,,,,False,0_unmatched,,,,,,
291367.0,25.0589343476,73.3143541096,R,RAJASTHAN,Pali,NFHS4,Gura Gumansingh,8,118,605,91321,40829.0,Paderla,8,False,True,False,"{""40829"": 1.0}",True,40829,True,Gura Gumansingh,Pali,Bali,40829,Paderla,True,40829,True,False,3_gp_no_reservation_history,40829,Paderla,Pali,Bali,paderla,pali,bali,Paderla,paderla,pali,pali,,,,,,,,,,,,False,False,False,,,,,,,,,,,False,,,,,,,,,,,,False,0_unmatched,,,,,,
291368.0,27.002308884,76.8956046526,R,RAJASTHAN,Dausa,NFHS4,Khohri,8,109,534,78225,37194.0,Khonch Puri,11,False,True,False,"{""37194"": 1.0}",True,37194,True,Khohri,Dausa,Mahwa,37194,Khonch Puri,True,37194,True,True,4_full_coverage,37194,Khonch Puri,Dausa,Mahwa,khonchpuri,dausa,mahwa,Khonch Puri,khonchpuri,dausa,dausa,khonchpuri,dausa,1.0,1.0,mahwa,1.0,never,0.0,never,0.0,0.0,True,True,False,0.0,0.0,SC,ST,0.0,never,A_exact_gp_district_samiti,Khonch Puri,Dausa,Mahwa,True,,,,,,,,,,,,False,1_original_gp_lgd_history_match,never,0.0,0.0,0.0,SC,ST
291371.0,24.9937248194,76.2312542875,R,RAJASTHAN,Kota,NFHS4,Vinod Kalan,8,127,669,102408,40302.0,Vinod Khurd,7,False,True,False,"{""40302"": 1.0}",True,40302,True,Vinod Kalan,Kota,Sangod,40302,Vinod Khurd,True,40302,True,True,4_full_coverage,40302,Vinod Khurd,Kota,Sangod,vinodkhurd,kota,sangod,Vinod Khurd,vinodkhurd,kota,kota,vinodkhurd,kota,1.0,1.0,sangod,1.0,twice,2.0,twice,1.0,1.0,True,True,False,1.0,1.0,GEN W,GENW,2.0,twice,A_exact_gp_district_samiti,Vinod Khurd,Kota,Sangod,True,,,,,,,,,,,,False,1_original_gp_lgd_history_match,twice,2.0,1.0,1.0,GEN W,GENW
291372.0,24.7929443434,72.0722703526,R,RAJASTHAN,Jalor,NFHS4,Santroo,8,116,591,89827,38984.0,Kura,6,False,True,False,"{""38984"": 1.0}",True,38984,True,Santroo,Sanchore,Raniwara,38984,Kura,True,38984,True,False,3_gp_no_reservation_history,38984,Kura,Sanchore,Raniwara,kura,sanchore,raniwara,Kura,kura,jalore,jalore,,,,,,,,,,,,False,False,False,,,,,,,,,,,False,,,,,,,,,,,,False,0_unmatched,,,,,,
291374.0,25.4456090583,76.4323158005,R,RAJASTHAN,Kota,NFHS4,Ayana,8,127,665,101829,40180.0,Ayana,8,False,True,False,"{""40180"": 1.0}",True,40180,True,Ayana,Kota,Pipalda,40180,Ayana,True,40180,True,True,4_full_coverage,40180,Ayana,Kota,Pipalda,ayana,kota,pipalda,Ayana,ayana,kota,kota,ayana,kota,2.0,1.0,itawa,1.0,never,0.0,never,0.0,0.0,True,True,False,0.0,0.0,ST,SC,0.0,never,B_exact_gp_district,Ayana,Kota,Pipalda,True,,,,,,,,,,,,False,1_original_gp_lgd_history_match,never,0.0,0.0,0.0,ST,SC
291375.0,23.4052358228,73.9386925972,R,RAJASTHAN,Dungarpur,NFHS4,Nawa Gaon,8,124,649,98416,294854.0,Bormata,17,False,True,False,"{""294854"": 1.0}",True,294854,True,Nawa Gaon,Dungarpur,Chikhali,294854,Bormata,True,294854,True,False,3_gp_no_reservation_history,294854,Bormata,Dungarpur,Chikhali,bormata,dungarpur,chikhali,Bormata,bormata,dungarpur,dungarpur,,,,,,,,,,,,False,False,False,,,,,,,,,,,False,,,,,,,,,,,,False,0_unmatched,,,,,,
291376.0,25.0903486049,76.8416507067,R,RAJASTHAN,Baran,NFHS4,Gajron,8,128,674,103111,34826.0,Ghatti,4,False,True,False,"{""34826"": 1.0}",True,34826,True,Gajron,Baran,Kishanganj,34826,Ghatti,True,34826,True,True,4_full_coverage,34826,Ghatti,Baran,Kishanganj,ghatti,baran,kishanganj,Ghatti,ghatti,baran,baran,ghatti,baran,1.0,1.0,kishanganj,1.0,never,0.0,never,0.0,0.0,True,True,False,0.0,0.0,ST,GEN,0.0,never,A_exact_gp_district_samiti,Ghatti,Baran,Kishanganj,True,,,,,,,,,,,,False,1_original_gp_lgd_history_match,never,0.0,0.0,0.0,ST,GEN
291377.0,25.8445660997,75.0544917708,R,RAJASTHAN,Ajmer,NFHS4,Kachariya,8,119,614,92442,33691.0,Bheemrawas,5,False,True,False,"{""33691"": 1.0}",True,33691,True,Kachariya,Kekri,Kekri,33691,Bheemrawas,True,33691,True,False,3_gp_no_reservation_history,33691,Bheemrawas,Kekri,Kekri,bheemrawas,kekri,kekri,Bheemrawas,bheemrawas,ajmer,ajmer,,,,,,,,,,,,False,False,False,,,,,,,,,,,False,never,0.0,0.0,0.0,GEN,ST,0.9,1.0,high_confidence_gp_and_exact_samiti,bheemdawas,KEKRI,True,3_fuzzy_gpname_exact_or_close_samiti_match,never,0.0,0.0,0.0,GEN,ST
291379.0,25.0338403743,71.051018328,R,RAJASTHAN,Barmer,NFHS4,Sinhar,8,115,584,88934,295193.0,Sinhar,7,False,True,False,"{""295193"": 1.0}",True,295193,True,Sinhar,Barmer,Sedwa,295193,Sinhar,True,295193,True,False,3_gp_no_reservation_history,295193,Sinhar,Barmer,Sedwa,sinhar,barmer,sedwa,Sinhar,sinhar,barmer,barmer,,,,,,,,,,,,False,False,False,,,,,,,,,,,False,,,,,,,,,,,,False,0_unmatched,,,,,,
291380.0,29.5803670071,74.1825739295,R,RAJASTHAN,Hanumangarh,NFHS4,2 MOD-A,8,100,468,67698,38036.0,Dabali Bas Kutab,8,False,True,False,"{""38036"": 1.0}",True,38036,True,2 Mod-A,Hanumangarh,Hanumangarh,38036,Dabali Bas Kutab,True,38036,True,False,3_gp_no_reservation_history,38036,Dabali Bas Kutab,Hanumangarh,Hanumangarh,dabalibaskutab,hanumangarh,hanumangarh,Dabali Bas Kutab,dabalibaskutab,hanumangarh,hanumangarh,,,,,,,,,,,,False,False,False,,,,,,,,,,,False,,,,,,,,,,,,False,0_unmatched,,,,,,
291381.0,26.7161002339,77.0036696398,R,RAJASTHAN,Karauli,NFHS4,Sikroda Meena,8,107,522,76547,40001.0,Sikroda Meena,12,False,True,False,"{""40001"": 1.0}",True,40001,True,Sikroda Meena,Karauli,Hindaun,40001,Sikroda Meena,True,40001,True,True,4_full_coverage,40001,Sikroda Meena,Karauli,Hindaun,sikrodameena,karauli,hindaun,Sikroda Meena,sikrodameena,karauli,karauli,sikrodameena,karauli,1.0,1.0,hindaun,1.0,once,1.0,once,1.0,0.0,True,True,False,1.0,0.0,SC W,GEN,1.0,once,A_exact_gp_district_samiti,Sikroda Meena,Karauli,Hindaun,True,,,,,,,,,,,,False,1_original_gp_lgd_history_match,once,1.0,1.0,0.0,SC W,GEN
291382.0,28.0452399953,75.7824588801,R,RAJASTHAN,Jhunjhunun,NFHS4,Kharkhara,8,103,490,71470,39473.0,Kharkhara,13,False,True,False,"{""39473"": 1.0}",True,39473,True,Kharkhara,Neem Ka Thana,Khetri,39473,Kharkhara,True,39473,True,False,3_gp_no_reservation_history,39473,Kharkhara,Neem Ka Thana,Khetri,kharkhara,neemkathana,khetri,Kharkhara,kharkhara,jhunjhunu,sikar,kharkhara,jhunjhunu,1.0,1.0,khetri,1.0,never,0.0,never,0.0,0.0,True,True,True,,,,,,,,,,,False,,,,,,,,,,,,False,2_direct_gpname_dhsdistrict_match,never,0.0,0.0,0.0,,
291383.0,26.9602262023,72.1910900519,R,RAJASTHAN,Jodhpur,NFHS4,Matol Chak,8,113,567,84383,294955.0,Daya Sagar,6,False,True,False,"{""294955"": 1.0}",True,294955,True,Matol Chak,Phalodi,Phalodi,294955,Daya Sagar,True,294955,True,False,3_gp_no_reservation_history,294955,Daya Sagar,Phalodi,Phalodi,dayasagar,phalodi,phalodi,Daya Sagar,dayasagar,jodhpur,jodhpur,,,,,,,,,,,,False,False,False,,,,,,,,,,,False,,,,,,,,,,,,False,0_unmatched,,,,,,
291384.0,27.0157103798,76.3510716827,R,RAJASTHAN,Dausa,NFHS4,Dharampura,8,109,536,78449,294549.0,Baroli,14,False,True,False,"{""294549"": 1.0}",True,294549,True,Dharampura,Dausa,Kundal,294549,Baroli,True,294549,True,False,3_gp_no_reservation_history,294549,Baroli,Dausa,Kundal,baroli,dausa,kundal,Baroli,baroli,dausa,dausa,,,,,,,,,,,,False,False,False,,,,,,,,,,,False,,,,,,,,,,,,False,0_unmatched,,,,,,
291385.0,27.7536443872,74.8187689056,R,RAJASTHAN,Sikar,NFHS4,Deewanji Ka Bas,8,111,552,81383,41691.0,Dhanani,9,False,True,False,"{""41691"": 1.0}",True,41691,True,Deewanji Ka Bas,Sikar,Lachhmangarh,41691,Dhanani,True,41691,True,False,3_gp_no_reservation_history,41691,Dhanani,Sikar,Lachhmangarh,dhanani,sikar,lachhmangarh,Dhanani,dhanani,sikar,sikar,,,,,,,,,,,,False,False,False,,,,,,,,,,,False,,,,,,,,,,,,False,0_unmatched,,,,,,
291390.0,26.8119744385,76.8822090675,R,RAJASTHAN,Karauli,NFHS4,Penchla,8,107,520,76280,40157.0,Lapawali,13,False,True,False,"{""40157"": 1.0}",True,40157,True,Penchla,Gangapurcity,Balghat,40157,Lapawali,True,40157,True,False,3_gp_no_reservation_history,40157,Lapawali,Gangapurcity,Balghat,lapawali,gangapurcity,balghat,Lapawali,lapawali,karauli,sawaimadhopur,,,,,,,,,,,,False,False,False,,,,,,,,,,,False,,,,,,,,,,,,False,0_unmatched,,,,,,
291391.0,27.7633338276,74.1948656175,R,RAJASTHAN,Churu,NFHS4,Sandwa,8,102,486,70701,37000.0,Sandwa,5,False,True,False,"{""37000"": 1.0}",True,37000,True,Sandwa,Churu,Bidasar,37000,Sandwa,True,37000,True,False,3_gp_no_reservation_history,37000,Sandwa,Churu,Bidasar,sandwa,churu,bidasar,Sandwa,sandwa,churu,churu,,,,,,,,,,,,False,False,False,,,,,,,,,,,False,,,,,,,,,,,,False,0_unmatched,,,,,,
291392.0,24.1969878916,76.7246615898,R,RAJASTHAN,Jhalawar,NFHS4,Bamla Beh,8,129,681,104753,39252.0,Kolookheri Kalan,8,False,True,False,"{""39252"": 1.0}",True,39252,True,Bamla Beh,Jhalawar,Manohar Thana,39252,Kolookheri Kalan,True,39252,True,False,3_gp_no_reservation_history,39252,Kolookheri Kalan,Jhalawar,Manohar Thana,kolookherikalan,jhalawar,manoharthana,Kolookheri Kalan,kolookherikalan,jhalawar,jhalawar,,,,,,,,,,,,False,False,False,,,,,,,,,,,False,,,,,,,,,,,,False,0_unmatched,,,,,,
291393.0,26.7840906396,77.206957631,R,RAJASTHAN,Bharatpur,NFHS4,Durgasi,8,107,522,76487,39976.0,Jatwara,6,False,True,False,"{""39976"": 1.0}",True,39976,True,Durgasi,Karauli,Suroth,39976,Jatwara,True,39976,True,True,4_full_coverage,39976,Jatwara,Karauli,Suroth,jatwara,karauli,suroth,Jatwara,jatwara,bharatpur,karauli,,,,,,,,,,,,False,True,False,0.0,1.0,GEN,GENW,1.0,once,B_exact_gp_district,Jatwara,Karauli,Suroth,True,,,,,,,,,,,,False,1_original_gp_lgd_history_match,once,1.0,0.0,1.0,GEN,GENW
291394.0,26.0218909025,76.7635753799,R,RAJASTHAN,Sawai Madhopur,NFHS4,Kosra With Chhareta Tod,8,108,532,77810,41457.0,Kosra,7,False,True,False,"{""41457"": 1.0}",True,41457,True,Kosra With Chhareta Tod,Sawai Madhopur,Khandar,41457,Kosra,True,41457,True,False,3_gp_no_reservation_history,41457,Kosra,Sawai Madhopur,Khandar,kosra,sawaimadhopur,khandar,Kosra,kosra,sawaimadhopur,sawaimadhopur,,,,,,,,,,,,False,False,False,,,,,,,,,,,False,,,,,,,,,,,,False,0_unmatched,,,,,,
291395.0,29.2734256587,73.2263512554,R,RAJASTHAN,Ganganagar,NFHS4,2 LSM,8,99,462,65583,37645.0,1 Lsm,8,False,True,False,"{""37645"": 1.0}",True,37645,True,2 Lsm,Anupgarh,Anupgarh,37645,1 Lsm,True,37645,True,False,3_gp_no_reservation_history,37645,1 Lsm,Anupgarh,Anupgarh,1lsm,anupgarh,anupgarh,1 Lsm,1lsm,ganganagar,ganganagar,,,,,,,,,,,,False,False,False,,,,,,,,,,,False,,,,,,,,,,,,False,0_unmatched,,,,,,
291397.0,27.0681972095,76.6223458828,R,RAJASTHAN,Dausa,NFHS4,Kishanpura,8,109,533,77993,294518.0,Liloj,15,False,True,False,"{""294518"": 1.0}",True,294518,True,Kishanpura,Dausa,Baswa,294518,Liloj,True,294518,True,False,3_gp_no_reservation_history,294518,Liloj,Dausa,Baswa,liloj,dausa,baswa,Liloj,liloj,dausa,dausa,,,,,,,,,,,,False,False,False,,,,,,,,,,,False,,,,,,,,,,,,False,0_unmatched,,,,,,
291398.0,26.2909694883,75.4629985186,R,RAJASTHAN,Tonk,NFHS4,Chand Sen,8,120,615,92598,42044.0,Chandsen,5,False,True,False,"{""42044"": 1.0}",True,42044,True,Chand Sen,Tonk,Malpura,42044,Chandsen,True,42044,True,False,3_gp_no_reservation_history,42044,Chandsen,Tonk,Malpura,chandsen,tonk,malpura,Chandsen,chandsen,tonk,tonk,,,,,,,,,,,,False,False,False,,,,,,,,,,,False,,,,,,,,,,,,False,0_unmatched,,,,,,
291399.0,26.7154712957,76.5919240327,R,RAJASTHAN,Karauli,NFHS4,Pal,8,107,521,76412,40071.0,Pal,8,False,True,False,"{""40071"": 1.0}",True,40071,True,Pal,Gangapurcity,Nadoti,40071,Pal,True,40071,True,False,3_gp_no_reservation_history,40071,Pal,Gangapurcity,Nadoti,pal,gangapurcity,nadoti,Pal,pal,karauli,sawaimadhopur,,,,,,,,,,,,False,False,False,,,,,,,,,,,False,,,,,,,,,,,,False,0_unmatched,,,,,,
291402.0,25.184668912,75.3242513754,R,RAJASTHAN,Bhilwara,NFHS4,Kishanpuriya,8,122,638,96285,294298.0,Lakshmi Kheda,7,False,True,False,"{""294298"": 1.0}",True,294298,True,Kishanpuriya,Bhilwara,Bijoliya,294298,Lakshmi Kheda,True,294298,True,False,3_gp_no_reservation_history,294298,Lakshmi Kheda,Bhilwara,Bijoliya,lakshmikheda,bhilwara,bijoliya,Lakshmi Kheda,lakshmikheda,bhilwara,bhilwara,,,,,,,,,,,,False,False,False,,,,,,,,,,,False,,,,,,,,,,,,False,0_unmatched,,,,,,
291403.0,25.5198827416,73.7543940977,R,RAJASTHAN,Pali,NFHS4,Rana Nadi,8,118,602,91044,,,5,False,True,False,{},True,,False,Rana Nadi,Pali,Marwar Junction,262224,Bansor,True,262224,True,False,3_gp_no_reservation_history,262224,Bansor,Pali,Marwar Junction,bansor,pali,marwarjunction,Bansor,bansor,pali,pali,,,,,,,,,,,,False,False,False,,,,,,,,,,,False,,,,,,,,,,,,False,0_unmatched,,,,,,
291406.0,25.9686593978,75.0293006049,R,RAJASTHAN,Ajmer,NFHS4,Iraniyan,8,119,613,92376,33590.0,Bhagwanpura,9,False,True,False,"{""33590"": 1.0}",True,33590,True,Iraniyan,Kekri,Sarwar,33590,Bhagwanpura,True,33590,True,False,3_gp_no_reservation_history,33590,Bhagwanpura,Kekri,Sarwar,bhagwanpura,kekri,sarwar,Bhagwanpura,bhagwanpura,ajmer,ajmer,,,,,,,,,,,,False,False,False,,,,,,,,,,,False,,,,,,,,,,,,False,0_unmatched,,,,,,
291411.0,24.809156916,71.1874597525,R,RAJASTHAN,Barmer,NFHS4,Aambawa,8,115,584,89044,35072.0,Tarla,7,False,True,False,"{""35072"": 1.0}",True,35072,True,Aambawa,Barmer,Sedwa,35072,Tarla,True,35072,True,True,4_full_coverage,35072,Tarla,Barmer,Sedwa,tarla,barmer,sedwa,Tarla,tarla,barmer,barmer,tarla,barmer,3.0,1.0,chohtan,1.0,never,0.0,never,0.0,0.0,True,True,False,0.0,0.0,SC,GEN,0.0,never,B_exact_gp_district,Tarla,Barmer,Sedwa,True,,,,,,,,,,,,False,1_original_gp_lgd_history_match,never,0.0,0.0,0.0,SC,GEN
291412.0,26.9193681591,71.3760694021,R,RAJASTHAN,Jaisalmer,NFHS4,Dhaysar,8,114,574,86099,38721.0,Dhaysar,4,False,True,False,"{""38721"": 1.0}",True,38721,True,Dhaysar,Jaisalmer,Jaisalmer,38721,Dhaysar,True,38721,True,True,4_full_coverage,38721,Dhaysar,Jaisalmer,Jaisalmer,dhaysar,jaisalmer,jaisalmer,Dhaysar,dhaysar,jaisalmer,jaisalmer,dhaysar,jaisalmer,1.0,1.0,jaisalmer,1.0,never,0.0,never,0.0,0.0,True,True,False,0.0,0.0,SC,GEN,0.0,never,A_exact_gp_district_samiti,Dhaysar,Jaisalmer,Jaisalmer,True,,,,,,,,,,,,False,1_original_gp_lgd_history_match,never,0.0,0.0,0.0,SC,GEN
291413.0,24.8187544526,76.66332241,R,RAJASTHAN,Baran,NFHS4,Barlan,8,128,673,102887,34702.0,Barlan,9,False,True,False,"{""34702"": 1.0}",True,34702,True,Barlan,Baran,Atru,34702,Barlan,True,34702,True,False,3_gp_no_reservation_history,34702,Barlan,Baran,Atru,barlan,baran,atru,Barlan,barlan,baran,baran,,,,,,,,,,,,False,False,False,,,,,,,,,,,False,once,1.0,1.0,0.0,GEN W,GEN,0.9090909090909091,1.0,high_confidence_gp_and_exact_samiti,barla,ATRU,True,3_fuzzy_gpname_exact_or_close_samiti_match,once,1.0,1.0,0.0,GEN W,GEN
291414.0,27.4320234861,76.7101196674,R,RAJASTHAN,Alwar,NFHS4,Kerwawal,8,104,499,72860,34317.0,Kairwawal,18,False,True,False,"{""34317"": 1.0}",True,34317,True,Kerwawal,Alwar,Malakhera,34317,Kairwawal,True,34317,True,True,4_full_coverage,34317,Kairwawal,Alwar,Malakhera,kairwawal,alwar,malakhera,Kairwawal,kairwawal,alwar,alwar,kairwawal,alwar,1.0,1.0,umren,1.0,twice,2.0,twice,1.0,1.0,True,True,False,1.0,1.0,OBC W,GENW,2.0,twice,B_exact_gp_district,Kairwawal,Alwar,Malakhera,True,,,,,,,,,,,,False,1_original_gp_lgd_history_match,twice,2.0,1.0,1.0,OBC W,GENW
291419.0,24.4700914309,74.2025954627,R,RAJASTHAN,Udaipur,NFHS4,Dangiyon Ka Khera,8,130,690,106868,42290.0,Motida,8,False,True,False,"{""42290"": 1.0}",True,42290,True,Dangiyon Ka Khera,Udaipur,Kanod,42290,Motida,True,42290,True,True,4_full_coverage,42290,Motida,Udaipur,Kanod,motida,udaipur,kanod,Motida,motida,udaipur,udaipur,motida,udaipur,2.0,1.0,bhindar,1.0,never,0.0,never,0.0,0.0,True,True,False,0.0,0.0,OBC,GEN,0.0,never,B_exact_gp_district,Motida,Udaipur,Kanod,True,,,,,,,,,,,,False,1_original_gp_lgd_history_match,never,0.0,0.0,0.0,OBC,GEN
291421.0,26.8828204917,77.8480537696,R,RAJASTHAN,Dhaulpur,NFHS4,Nagla Kharapur,8,106,517,75839,37348.0,Nagla Kharagpur,13,False,True,False,"{""37348"": 1.0}",True,37348,True,Nagla Kharagpur,Dholpur,Basai Nawab,37348,Nagla Kharagpur,True,37348,True,False,3_gp_no_reservation_history,37348,Nagla Kharagpur,Dholpur,Basai Nawab,naglakharagpur,dholpur,basainawab,Nagla Kharagpur,naglakharagpur,dholpur,dholpur,,,,,,,,,,,,False,False,False,,,,,,,,,,,False,,,,,,,,,,,,False,0_unmatched,,,,,,
291423.0,25.4094422246,71.2646627329,R,RAJASTHAN,Barmer,NFHS4,Leelsar,8,115,584,88825,34957.0,Leelsar,10,False,True,False,"{""34957"": 1.0}",True,34957,True,Leelsar,Barmer,Chohtan,34957,Leelsar,True,34957,True,False,3_gp_no_reservation_history,34957,Leelsar,Barmer,Chohtan,leelsar,barmer,chohtan,Leelsar,leelsar,barmer,barmer,,,,,,,,,,,,False,False,False,,,,,,,,,,,False,,,,,,,,,,,,False,0_unmatched,,,,,,
291424.0,29.2903040855,73.6585646357,R,RAJASTHAN,Ganganagar,NFHS4,12 SD,8,99,465,66837,37943.0,Jankidaswala,9,False,True,False,"{""37943"": 1.0}",True,37943,True,12 Sd,Ganganagar,Suratgarh,37943,Jankidaswala,True,37943,True,True,4_full_coverage,37943,Jankidaswala,Ganganagar,Suratgarh,jankidaswala,ganganagar,suratgarh,Jankidaswala,jankidaswala,ganganagar,ganganagar,jankidaswala,ganganagar,1.0,1.0,suratgarh,1.0,once,1.0,once,1.0,0.0,True,True,False,1.0,0.0,SC W,GEN,1.0,once,A_exact_gp_district_samiti,Jankidaswala,Ganganagar,Suratgarh,True,,,,,,,,,,,,False,1_original_gp_lgd_history_match,once,1.0,1.0,0.0,SC W,GEN
291425.0,25.9687069187,72.3386893775,R,RAJASTHAN,Barmer,NFHS4,Newai,8,115,579,87348,295335.0,Newai,5,False,True,False,"{""295335"": 1.0}",True,295335,True,Newai,Balotra,Pachpadra,295335,Newai,True,295335,True,False,3_gp_no_reservation_history,295335,Newai,Balotra,Pachpadra,newai,balotra,pachpadra,Newai,newai,barmer,barmer,,,,,,,,,,,,False,False,False,,,,,,,,,,,False,,,,,,,,,,,,False,0_unmatched,,,,,,
291427.0,26.4176753075,74.7438141635,R,RAJASTHAN,Ajmer,NFHS4,Srinagar,8,119,611,92097,33860.0,Srinagar,9,False,True,False,"{""33860"": 1.0}",True,33860,True,Srinagar,Ajmer,Nasirabad,33860,Srinagar,True,33860,True,True,4_full_coverage,33860,Srinagar,Ajmer,Nasirabad,srinagar,ajmer,nasirabad,Srinagar,srinagar,ajmer,ajmer,srinagar,ajmer,1.0,1.0,srinagar,1.0,once,1.0,once,1.0,0.0,True,True,False,1.0,0.0,GEN W,OBC,1.0,once,B_exact_gp_district,Srinagar,Ajmer,Nasirabad,True,,,,,,,,,,,,False,1_original_gp_lgd_history_match,once,1.0,1.0,0.0,GEN W,OBC
291428.0,27.7685202212,73.8232557619,R,RAJASTHAN,Bikaner,NFHS4,Sadhasar,8,101,477,69647,36171.0,Sadhasar,4,False,True,False,"{""36171"": 1.0}",True,36171,True,Sadhasar,Bikaner,Jasrasar,36171,Sadhasar,True,36171,True,True,4_full_coverage,36171,Sadhasar,Bikaner,Jasrasar,sadhasar,bikaner,jasrasar,Sadhasar,sadhasar,bikaner,bikaner,sadhasar,bikaner,1.0,1.0,nokha,1.0,once,1.0,once,1.0,0.0,True,True,False,1.0,0.0,SC W,GEN,1.0,once,B_exact_gp_district,Sadhasar,Bikaner,Jasrasar,True,,,,,,,,,,,,False,1_original_gp_lgd_history_match,once,1.0,1.0,0.0,SC W,GEN
291429.0,26.6138405257,77.1102506946,R,RAJASTHAN,Karauli,NFHS4,Mothiyapur,8,107,522,76533,39991.0,Mothiyapura,12,False,True,False,"{""39991"": 1.0}",True,39991,True,Mothiyapur,Karauli,Hindaun,39991,Mothiyapura,True,39991,True,True,4_full_coverage,39991,Mothiyapura,Karauli,Hindaun,mothiyapura,karauli,hindaun,Mothiyapura,mothiyapura,karauli,karauli,mothiyapura,karauli,1.0,1.0,hindaun,1.0,never,0.0,never,0.0,0.0,True,True,False,0.0,0.0,SC,GEN,0.0,never,A_exact_gp_district_samiti,Mothiyapura,Karauli,Hindaun,True,,,,,,,,,,,,False,1_original_gp_lgd_history_match,never,0.0,0.0,0.0,SC,GEN
291430.0,27.3758635165,73.4597148238,R,RAJASTHAN,Bikaner,NFHS4,Bandhra,8,101,477,69683,36132.0,Bandhra,5,False,True,False,"{""36132"": 1.0}",True,36132,True,Bandhra,Bikaner,Nokha,36132,Bandhra,True,36132,True,True,4_full_coverage,36132,Bandhra,Bikaner,Nokha,bandhra,bikaner,nokha,Bandhra,bandhra,bikaner,bikaner,,,,,,,,,,,,False,True,False,0.0,0.0,GEN,SC,0.0,never,C_unique_gp_name_statewide,Bandhra,Bikaner,Nokha,True,,,,,,,,,,,,False,1_original_gp_lgd_history_match,never,0.0,0.0,0.0,GEN,SC
291431.0,28.370442598,73.9437150603,R,RAJASTHAN,Bikaner,NFHS4,Nathusar,8,101,475,69333,36123.0,Ranwasar,4,False,True,False,"{""36123"": 1.0}",True,36123,True,Nathusar,Bikaner,Lunkaransar,36123,Ranwasar,True,36123,True,False,3_gp_no_reservation_history,36123,Ranwasar,Bikaner,Lunkaransar,ranwasar,bikaner,lunkaransar,Ranwasar,ranwasar,bikaner,bikaner,,,,,,,,,,,,False,False,False,,,,,,,,,,,False,,,,,,,,,,,,False,0_unmatched,,,,,,
291432.0,26.059623274,74.2513915068,R,RAJASTHAN,Ajmer,NFHS4,Khera Devnarayan,8,119,609,91767,,,12,False,True,False,{},True,,False,Khera Devnarayan,Beawar,Beawar,33663,Durgawas,True,33663,True,True,4_full_coverage,33663,Durgawas,Beawar,Beawar,durgawas,beawar,beawar,Durgawas,durgawas,ajmer,ajmer,durgawas,ajmer,1.0,1.0,jawaja,1.0,once,1.0,once,0.0,1.0,True,True,False,0.0,1.0,OBC,GENW,1.0,once,C_unique_gp_name_statewide,Durgawas,Beawar,Beawar,True,,,,,,,,,,,,False,1_original_gp_lgd_history_match,once,1.0,0.0,1.0,OBC,GENW
291433.0,26.7997932532,75.9556590932,R,RAJASTHAN,Jaipur,NFHS4,Sindoli,8,110,549,80717,294292.0,Sindoli,12,False,True,False,"{""294292"": 1.0}",True,294292,True,Sindoli,Jaipur (Gramin),Bassi,294292,Sindoli,True,294292,True,False,3_gp_no_reservation_history,294292,Sindoli,Jaipur (Gramin),Bassi,sindoli,jaipurgramin,bassi,Sindoli,sindoli,jaipur,jaipur,,,,,,,,,,,,False,False,False,,,,,,,,,,,False,,,,,,,,,,,,False,0_unmatched,,,,,,
291434.0,26.6037526169,70.705524317,R,RAJASTHAN,Jaisalmer,NFHS4,Khoohri,8,114,574,86159,38765.0,Khoori,2,False,True,False,"{""38765"": 1.0}",True,38765,True,Khoohri,Jaisalmer,Sam,38765,Khoori,True,38765,True,False,3_gp_no_reservation_history,38765,Khoori,Jaisalmer,Sam,khoori,jaisalmer,sam,Khoori,khoori,jaisalmer,jaisalmer,,,,,,,,,,,,False,False,False,,,,,,,,,,,False,,,,,,,,,,,,False,0_unmatched,,,,,,
291437.0,25.5079930379,75.798879072,R,RAJASTHAN,Bundi,NFHS4,Khatiyari,8,121,626,94367,36342.0,Bherupura Ojha,7,False,True,False,"{""36342"": 1.0}",True,36342,True,Khatiyari,Bundi,Raithal,36342,Bherupura Ojha,True,36342,True,False,3_gp_no_reservation_history,36342,Bherupura Ojha,Bundi,Raithal,bherupuraojha,bundi,raithal,Bherupura Ojha,bherupuraojha,bundi,bundi,,,,,,,,,,,,False,False,False,,,,,,,,,,,False,,,,,,,,,,,,False,0_unmatched,,,,,,
291439.0,27.1469719459,76.5745078463,R,RAJASTHAN,Dausa,NFHS4,Jharwalon Ki Dhani,8,109,533,77924,,,8,False,True,False,{},True,,False,Jharwalon Ki Dhani,Dausa,Baswa,294513,Jharwalo Ki Dhani,True,294513,True,False,3_gp_no_reservation_history,294513,Jharwalo Ki Dhani,Dausa,Baswa,jharwalokidhani,dausa,baswa,Jharwalo Ki Dhani,jharwalokidhani,dausa,dausa,,,,,,,,,,,,False,False,False,,,,,,,,,,,False,,,,,,,,,,,,False,0_unmatched,,,,,,
291440.0,28.1344087452,72.5487076959,R,RAJASTHAN,Bikaner,NFHS4,Sheroowala,8,101,476,69366,295014.0,Jaganawala,3,False,True,False,"{""295014"": 1.0}",True,295014,True,Sheruwala,Bikaner,Bajju,295014,Jaganawala,True,295014,True,False,3_gp_no_reservation_history,295014,Jaganawala,Bikaner,Bajju,jaganawala,bikaner,bajju,Jaganawala,jaganawala,bikaner,bikaner,,,,,,,,,,,,False,False,False,,,,,,,,,,,False,,,,,,,,,,,,False,0_unmatched,,,,,,
291441.0,29.0715971162,73.056811167,R,RAJASTHAN,Ganganagar,NFHS4,11 H,8,99,462,65827,37655.0,12 H,7,False,True,False,"{""37655"": 1.0}",True,37655,True,11 H,Anupgarh,Anupgarh,37655,12 H,True,37655,True,False,3_gp_no_reservation_history,37655,12 H,Anupgarh,Anupgarh,12h,anupgarh,anupgarh,12 H,12h,ganganagar,ganganagar,,,,,,,,,,,,False,False,False,,,,,,,,,,,False,,,,,,,,,,,,False,0_unmatched,,,,,,
291442.0,24.1039199601,74.3699494613,R,RAJASTHAN,Pratapgarh,NFHS4,Vela,8,131,696,107918,295001.0,Shivpuri,14,False,True,False,"{""295001"": 1.0}",True,295001,True,Vela,Pratapgarh,Dhariawad,295001,Shivpuri,True,295001,True,False,3_gp_no_reservation_history,295001,Shivpuri,Pratapgarh,Dhariawad,shivpuri,pratapgarh,dhariawad,Shivpuri,shivpuri,pratapgarh,pratapgarh,,,,,,,,,,,,False,False,False,,,,,,,,,,,False,,,,,,,,,,,,False,0_unmatched,,,,,,
291443.0,26.6827958186,75.7934818514,R,RAJASTHAN,Jaipur,NFHS4,Ramsinghpura,8,110,545,80124,38617.0,Dadiya,11,False,True,False,"{""38617"": 1.0}",True,38617,True,Ramsinghpura,Jaipur,Sanganer,38617,Dadiya,True,38617,True,True,4_full_coverage,38617,Dadiya,Jaipur,Sanganer,dadiya,jaipur,sanganer,Dadiya,dadiya,jaipur,jaipur,dadiya,jaipur,1.0,1.0,sanganer,1.0,once,1.0,once,1.0,0.0,True,True,False,1.0,0.0,ST W,SC,1.0,once,A_exact_gp_district_samiti,Dadiya,Jaipur,Sanganer,True,,,,,,,,,,,,False,1_original_gp_lgd_history_match,once,1.0,1.0,0.0,ST W,SC
291444.0,25.4516650151,76.3369440471,R,RAJASTHAN,Kota,NFHS4,Nalawata,8,127,665,101816,40185.0,Binayaka,8,False,True,False,"{""40185"": 1.0}",True,40185,True,Nalawata,Kota,Pipalda,40185,Binayaka,True,40185,True,True,4_full_coverage,40185,Binayaka,Kota,Pipalda,binayaka,kota,pipalda,Binayaka,binayaka,kota,kota,binayaka,kota,1.0,1.0,itawa,1.0,twice,2.0,twice,1.0,1.0,True,True,False,1.0,1.0,GEN W,STW,2.0,twice,B_exact_gp_district,Binayaka,Kota,Pipalda,True,,,,,,,,,,,,False,1_original_gp_lgd_history_match,twice,2.0,1.0,1.0,GEN W,STW
291445.0,23.6550066349,73.7749826687,R,RAJASTHAN,Dungarpur,NFHS4,Gara Roda,8,124,649,98218,37529.0,Padli Gujareshwar,19,False,True,False,"{""37529"": 1.0}",True,37529,True,Gara Roda,Dungarpur,Jhonthripal,37529,Padli Gujareshwar,True,37529,True,False,3_gp_no_reservation_history,37529,Padli Gujareshwar,Dungarpur,Jhonthripal,padligujareshwar,dungarpur,jhonthripal,Padli Gujareshwar,padligujareshwar,dungarpur,dungarpur,,,,,,,,,,,,False,False,False,,,,,,,,,,,False,,,,,,,,,,,,False,0_unmatched,,,,,,
291446.0,26.9096771318,77.7578511514,R,RAJASTHAN,Dhaulpur,NFHS4,Ludhpura,8,106,517,75781,37342.0,Maloni Panwar,10,False,True,False,"{""37342"": 1.0}",True,37342,True,Ludhpura,Dholpur,Basai Nawab,37342,Maloni Panwar,True,37342,True,True,4_full_coverage,37342,Maloni Panwar,Dholpur,Basai Nawab,malonipanwar,dholpur,basainawab,Maloni Panwar,malonipanwar,dholpur,dholpur,malonipanwar,dholpur,1.0,1.0,dholpur,1.0,never,0.0,never,0.0,0.0,True,True,False,0.0,0.0,GEN,GEN,0.0,never,B_exact_gp_district,Maloni Panwar,Dholpur,Basai Nawab,True,,,,,,,,,,,,False,1_original_gp_lgd_history_match,never,0.0,0.0,0.0,GEN,GEN
291447.0,23.4217374637,73.8727572786,R,RAJASTHAN,Dungarpur,NFHS4,Palsau,8,124,649,98390,262307.0,Udariya,17,False,True,False,"{""262307"": 1.0}",True,262307,True,Palsau,Dungarpur,Chikhali,262307,Udariya,True,262307,True,False,3_gp_no_reservation_history,262307,Udariya,Dungarpur,Chikhali,udariya,dungarpur,chikhali,Udariya,udariya,dungarpur,dungarpur,,,,,,,,,,,,False,False,False,,,,,,,,,,,False,,,,,,,,,,,,False,0_unmatched,,,,,,
291448.0,27.1127775801,74.3377027637,R,RAJASTHAN,Nagaur,NFHS4,Dheejpura,8,112,559,82790,40462.0,Khatu Kallan,5,False,True,False,"{""40462"": 1.0}",True,40462,True,Dheejpura,Nagaur,Jayal,40462,Khatu Kallan,True,40462,True,False,3_gp_no_reservation_history,40462,Khatu Kallan,Nagaur,Jayal,khatukallan,nagaur,jayal,Khatu Kallan,khatukallan,nagaur,nagaur,,,,,,,,,,,,False,False,False,,,,,,,,,,,False,never,0.0,0.0,0.0,SC,GEN,0.9523809523809523,1.0,high_confidence_gp_and_exact_samiti,khatukalan,JAYAL,True,3_fuzzy_gpname_exact_or_close_samiti_match,never,0.0,0.0,0.0,SC,GEN
291449.0,26.7719460007,77.8414355889,R,RAJASTHAN,Dhaulpur,NFHS4,Malauni Khurd,8,106,517,75849,37341.0,Malauni Khurd,20,False,True,False,"{""37341"": 1.0}",True,37341,True,Malauni Khurd,Dholpur,Sepau,37341,Malauni Khurd,True,37341,True,False,3_gp_no_reservation_history,37341,Malauni Khurd,Dholpur,Sepau,malaunikhurd,dholpur,sepau,Malauni Khurd,malaunikhurd,dholpur,dholpur,,,,,,,,,,,,False,False,False,,,,,,,,,,,False,,,,,,,,,,,,False,0_unmatched,,,,,,
291450.0,26.0797142217,74.5258308298,R,RAJASTHAN,Ajmer,NFHS4,Bhagwanpura  (Masuda),8,119,610,92034,33778.0,Shergarh,4,False,True,False,"{""33778"": 1.0}",True,33778,True,Bhagwanpura (Masuda),Beawar,Masuda,33778,Shergarh,True,33778,True,False,3_gp_no_reservation_history,33778,Shergarh,Beawar,Masuda,shergarh,beawar,masuda,Shergarh,shergarh,ajmer,ajmer,,,,,,,,,,,,False,False,False,,,,,,,,,,,False,,,,,,,,,,,,False,0_unmatched,,,,,,
291452.0,26.4209271916,72.3120966661,R,RAJASTHAN,Jodhpur,NFHS4,Naharsingh Nagar,8,113,571,85427,262360.0,Naharsinghnagar,10,False,True,False,"{""262360"": 1.0}",True,262360,True,Naharsingh Nagar,Jodhpur (Gramin),Shergarh,262360,Naharsinghnagar,True,262360,True,False,3_gp_no_reservation_history,262360,Naharsinghnagar,Jodhpur (Gramin),Shergarh,naharsinghnagar,jodhpurgramin,shergarh,Naharsinghnagar,naharsinghnagar,jodhpur,jodhpur,,,,,,,,,,,,False,False,False,,,,,,,,,,,False,,,,,,,,,,,,False,0_unmatched,,,,,,
291456.0,27.2086986161,77.6046537492,R,RAJASTHAN,Bharatpur,NFHS4,Ikaran,8,105,511,74771,35557.0,Ikran,13,False,True,False,"{""35557"": 1.0}",True,35557,True,Ikaran,Bharatpur,Bharatpur,35557,Ikran,True,35557,True,False,3_gp_no_reservation_history,35557,Ikran,Bharatpur,Bharatpur,ikran,bharatpur,bharatpur,Ikran,ikran,bharatpur,bharatpur,,,,,,,,,,,,False,False,False,,,,,,,,,,,False,,,,,,,,,,,,False,0_unmatched,,,,,,
291457.0,23.9079395165,73.6523818536,R,RAJASTHAN,Dungarpur,NFHS4,Vagdari,8,124,646,97483,37521.0,Khempur,17,False,True,False,"{""37521"": 1.0}",True,37521,True,Vagdari,Dungarpur,Paldewal,37521,Khempur,True,37521,True,True,4_full_coverage,37521,Khempur,Dungarpur,Dovda,khempur,dungarpur,dovda,Khempur,khempur,dungarpur,dungarpur,khempur,dungarpur,1.0,1.0,dungarpur,1.0,never,0.0,never,0.0,0.0,True,True,False,0.0,0.0,ST,ST,0.0,never,B_exact_gp_district,Khempur,Dungarpur,Dovda,True,,,,,,,,,,,,False,1_original_gp_lgd_history_match,never,0.0,0.0,0.0,ST,ST
291458.0,23.208838263,74.4320051384,R,RAJASTHAN,Banswara,NFHS4,Bhandariya,8,125,654,99745,34582.0,Mundari,19,False,True,False,"{""34582"": 1.0}",True,34582,True,Bhandariya,Banswara,Kushalgarh,34582,Mundari,True,34582,True,False,3_gp_no_reservation_history,34582,Mundari,Banswara,Kushalgarh,mundari,banswara,kushalgarh,Mundari,mundari,banswara,banswara,,,,,,,,,,,,False,False,False,,,,,,,,,,,False,once,1.0,1.0,0.0,ST W,ST,0.9230769230769231,1.0,high_confidence_gp_and_exact_samiti,mundri,KUSHALGARH,True,3_fuzzy_gpname_exact_or_close_samiti_match,once,1.0,1.0,0.0,ST W,ST
291460.0,24.4726452252,74.6972503223,R,RAJASTHAN,Pratapgarh,NFHS4,Karunda,8,131,698,108269,36557.0,Karunda,8,False,True,False,"{""36557"": 1.0}",True,36557,True,Karunda,Pratapgarh,Chhoti Sadri,36557,Karunda,True,36557,True,True,4_full_coverage,36557,Karunda,Pratapgarh,Chhoti Sadri,karunda,pratapgarh,chhotisadri,Karunda,karunda,pratapgarh,pratapgarh,karunda,pratapgarh,2.0,1.0,chhotisadri,1.0,never,0.0,never,0.0,0.0,True,True,False,0.0,0.0,ST,GEN,0.0,never,A_exact_gp_district_samiti,Karunda,Pratapgarh,Chhoti Sadri,True,,,,,,,,,,,,False,1_original_gp_lgd_history_match,never,0.0,0.0,0.0,ST,GEN
291461.0,25.8350583912,75.4390472279,R,RAJASTHAN,Tonk,NFHS4,Khera Gaonri,8,120,620,93314,42014.0,Ganwari,6,False,True,False,"{""42014"": 1.0}",True,42014,True,Khera Gaonri,Tonk,Deoli,42014,Ganwari,True,42014,True,False,3_gp_no_reservation_history,42014,Ganwari,Tonk,Deoli,ganwari,tonk,deoli,Ganwari,ganwari,tonk,tonk,,,,,,,,,,,,False,False,False,,,,,,,,,,,False,,,,,,,,,,,,False,0_unmatched,,,,,,
291462.0,26.9700056632,75.5017997128,R,RAJASTHAN,Jaipur,NFHS4,Kalakh,8,110,542,79600,38590.0,Kalakh,9,False,True,False,"{""38590"": 1.0}",True,38590,True,Kalakh,Jaipur (Gramin),Jobner,38590,Kalakh,True,38590,True,False,3_gp_no_reservation_history,38590,Kalakh,Jaipur (Gramin),Jobner,kalakh,jaipurgramin,jobner,Kalakh,kalakh,jaipur,jaipur,,,,,,,,,,,,False,False,False,,,,,,,,,,,False,,,,,,,,,,,,False,0_unmatched,,,,,,
291464.0,25.1692923655,75.9703201086,R,RAJASTHAN,Kota,NFHS4,Khera,8,127,667,102038,40258.0,Khera Rasulpur,8,False,True,False,"{""40258"": 1.0}",True,40258,True,Khera,Kota,Ladpura,40258,Khera Rasulpur,True,40258,True,False,3_gp_no_reservation_history,40258,Khera Rasulpur,Kota,Ladpura,kherarasulpur,kota,ladpura,Khera Rasulpur,kherarasulpur,kota,kota,,,,,,,,,,,,False,False,False,,,,,,,,,,,False,,,,,,,,,,,,False,0_unmatched,,,,,,
291465.0,29.7051191672,74.2293645773,R,RAJASTHAN,Hanumangarh,NFHS4,16 MMK,8,100,468,67592,38064.0,Jorkiyan,7,False,True,False,"{""38064"": 1.0}",True,38064,True,16 Mmk,Hanumangarh,Hanumangarh,38064,Jorkiyan,True,38064,True,False,3_gp_no_reservation_history,38064,Jorkiyan,Hanumangarh,Hanumangarh,jorkiyan,hanumangarh,hanumangarh,Jorkiyan,jorkiyan,hanumangarh,hanumangarh,,,,,,,,,,,,False,False,False,,,,,,,,,,,False,never,0.0,0.0,0.0,GEN,SC,0.9333333333333333,1.0,high_confidence_gp_and_exact_samiti,jorkiya,HANUMANGARH,True,3_fuzzy_gpname_exact_or_close_samiti_match,never,0.0,0.0,0.0,GEN,SC
291466.0,25.9525533231,76.2815749416,R,RAJASTHAN,Sawai Madhopur,NFHS4,Kushtala,8,108,531,77689,41498.0,Kustla,6,False,True,False,"{""41498"": 1.0}",True,41498,True,Kushtala,Sawai Madhopur,Sawai Madhopur,41498,Kustla,True,41498,True,False,3_gp_no_reservation_history,41498,Kustla,Sawai Madhopur,Sawai Madhopur,kustla,sawaimadhopur,sawaimadhopur,Kustla,kustla,sawaimadhopur,sawaimadhopur,,,,,,,,,,,,False,False,False,,,,,,,,,,,False,,,,,,,,,,,,False,0_unmatched,,,,,,
291467.0,24.6270031959,73.8132284219,R,RAJASTHAN,Udaipur,NFHS4,Rebariyon Ki Dhani,8,130,685,105490,,,14,False,True,False,{},True,,False,Rebariyon Ki Dhani,Udaipur,Mavli,42603,Gudli,True,42603,True,True,4_full_coverage,42603,Gudli,Udaipur,Mavli,gudli,udaipur,mavli,Gudli,gudli,udaipur,udaipur,gudli,udaipur,2.0,1.0,mavli,1.0,twice,2.0,twice,1.0,1.0,True,True,False,1.0,1.0,OBC W,GENW,2.0,twice,A_exact_gp_district_samiti,Gudli,Udaipur,Mavli,True,,,,,,,,,,,,False,1_original_gp_lgd_history_match,twice,2.0,1.0,1.0,OBC W,GENW
291468.0,28.1380697238,73.2035878541,R,RAJASTHAN,Bikaner,NFHS4,Nalbari,8,101,473,69037,36039.0,Nal Badi,4,False,True,False,"{""36039"": 1.0}",True,36039,True,Nal Badi,Bikaner,Bikaner,36039,Nal Badi,True,36039,True,False,3_gp_no_reservation_history,36039,Nal Badi,Bikaner,Bikaner,nalbadi,bikaner,bikaner,Nal Badi,nalbadi,bikaner,bikaner,,,,,,,,,,,,False,False,False,,,,,,,,,,,False,,,,,,,,,,,,False,0_unmatched,,,,,,
291469.0,25.7551805735,75.3294050272,R,RAJASTHAN,Bhilwara,NFHS4,Boyara,8,120,620,93320,42021.0,Kaseer,2,False,True,False,"{""42021"": 1.0}",True,42021,True,Boyara,Tonk,Deoli,42021,Kaseer,True,42021,True,True,4_full_coverage,42021,Kaseer,Tonk,Deoli,kaseer,tonk,deoli,Kaseer,kaseer,bhilwara,tonk,,,,,,,,,,,,False,True,False,1.0,0.0,GEN W,SC,1.0,once,C_unique_gp_name_statewide,Kaseer,Tonk,Deoli,True,,,,,,,,,,,,False,1_original_gp_lgd_history_match,once,1.0,1.0,0.0,GEN W,SC
291471.0,23.7881580973,73.4404421675,R,RAJASTHAN,Dungarpur,NFHS4,Semaliya,8,124,646,97524,37485.0,Moder,7,False,True,False,"{""37485"": 1.0}",True,37485,True,Semaliya,Dungarpur,Bichhiwara,37485,Moder,True,37485,True,False,3_gp_no_reservation_history,37485,Moder,Dungarpur,Bichhiwara,moder,dungarpur,bichhiwara,Moder,moder,dungarpur,dungarpur,,,,,,,,,,,,False,False,False,,,,,,,,,,,False,,,,,,,,,,,,False,0_unmatched,,,,,,
291472.0,26.9141089094,76.5339773302,R,RAJASTHAN,Dausa,NFHS4,Dolika,8,109,535,78337,37221.0,Dolika,18,False,True,False,"{""37221"": 1.0}",True,37221,True,Dolika,Dausa,Sikrai,37221,Dolika,True,37221,True,True,4_full_coverage,37221,Dolika,Dausa,Sikrai,dolika,dausa,sikrai,Dolika,dolika,dausa,dausa,dolika,dausa,1.0,1.0,sikrai,1.0,never,0.0,never,0.0,0.0,True,True,False,0.0,0.0,OBC,ST,0.0,never,A_exact_gp_district_samiti,Dolika,Dausa,Sikrai,True,,,,,,,,,,,,False,1_original_gp_lgd_history_match,never,0.0,0.0,0.0,OBC,ST
291473.0,27.0637199434,77.5125539706,R,RAJASTHAN,Bharatpur,NFHS4,Gahnoli,8,105,514,75255,294134.0,Burana,9,False,True,False,"{""294134"": 1.0}",True,294134,True,Gahnoli,Bharatpur,Rupbas,294134,Burana,True,294134,True,False,3_gp_no_reservation_history,294134,Burana,Bharatpur,Rupbas,burana,bharatpur,rupbas,Burana,burana,bharatpur,bharatpur,,,,,,,,,,,,False,False,False,,,,,,,,,,,False,,,,,,,,,,,,False,0_unmatched,,,,,,
291474.0,24.432666027,76.2008214577,R,RAJASTHAN,Jhalawar,NFHS4,Borda,8,129,679,104142,39155.0,Borda,7,False,True,False,"{""39155"": 1.0}",True,39155,True,Borda,Jhalawar,Jhalrapatan,39155,Borda,True,39155,True,True,4_full_coverage,39155,Borda,Jhalawar,Jhalrapatan,borda,jhalawar,jhalrapatan,Borda,borda,jhalawar,jhalawar,borda,jhalawar,2.0,1.0,jhalrapatan,1.0,never,0.0,never,0.0,0.0,True,True,False,0.0,0.0,ST,OBC,0.0,never,A_exact_gp_district_samiti,Borda,Jhalawar,Jhalrapatan,True,,,,,,,,,,,,False,1_original_gp_lgd_history_match,never,0.0,0.0,0.0,ST,OBC
291475.0,28.081767066,75.4584405978,R,RAJASTHAN,Jhunjhunun,NFHS4,Kulod Khurd,8,103,487,71067,39443.0,Khajpur Naya,11,False,True,False,"{""39443"": 1.0}",True,39443,True,Kulod Khurd,Jhunjhunu,Jhunjhunu,39443,Khajpur Naya,True,39443,True,True,4_full_coverage,39443,Khajpur Naya,Jhunjhunu,Jhunjhunu,khajpurnaya,jhunjhunu,jhunjhunu,Khajpur Naya,khajpurnaya,jhunjhunu,jhunjhunu,khajpurnaya,jhunjhunu,1.0,1.0,jhunjhunu,1.0,twice,2.0,twice,1.0,1.0,True,True,False,1.0,1.0,OBC W,GENW,2.0,twice,A_exact_gp_district_samiti,Khajpur Naya,Jhunjhunu,Jhunjhunu,True,,,,,,,,,,,,False,1_original_gp_lgd_history_match,twice,2.0,1.0,1.0,OBC W,GENW
291477.0,28.3073144799,74.7086044212,R,RAJASTHAN,Churu,NFHS4,Dhodhliya,8,102,484,70524,36793.0,Dhadhariya Baneerotan,6,False,True,False,"{""36793"": 1.0}",True,36793,True,Dhodhliya,Churu,Churu,36793,Dhadhariya Baneerotan,True,36793,True,False,3_gp_no_reservation_history,36793,Dhadhariya Baneerotan,Churu,Churu,dhadhariyabaneerotan,churu,churu,Dhadhariya Baneerotan,dhadhariyabaneerotan,churu,churu,,,,,,,,,,,,False,False,False,,,,,,,,,,,False,,,,,,,,,,,,False,0_unmatched,,,,,,
291478.0,26.1469014108,70.9811561009,R,RAJASTHAN,Jaisalmer,NFHS4,Randha,8,114,576,86594,38772.0,Modha,2,False,True,False,"{""38772"": 1.0}",True,38772,True,Randha,Jaisalmer,Fatehgarh,38772,Modha,True,38772,True,True,4_full_coverage,38772,Modha,Jaisalmer,Fatehgarh,modha,jaisalmer,fatehgarh,Modha,modha,jaisalmer,jaisalmer,modha,jaisalmer,1.0,1.0,sam,1.0,once,1.0,once,1.0,0.0,True,True,False,1.0,0.0,GEN W,OBC,1.0,once,B_exact_gp_district,Modha,Jaisalmer,Fatehgarh,True,,,,,,,,,,,,False,1_original_gp_lgd_history_match,once,1.0,1.0,0.0,GEN W,OBC
291480.0,24.9986289286,75.9316656136,R,RAJASTHAN,Kota,NFHS4,Kasar,8,127,667,102078,40257.0,Kasar,7,False,True,False,"{""40257"": 1.0}",True,40257,True,Kasar,Kota,Ladpura,40257,Kasar,True,40257,True,True,4_full_coverage,40257,Kasar,Kota,Ladpura,kasar,kota,ladpura,Kasar,kasar,kota,kota,kasar,kota,1.0,1.0,ladpura,1.0,once,1.0,once,0.0,1.0,True,True,False,0.0,1.0,GEN,SCW,1.0,once,A_exact_gp_district_samiti,Kasar,Kota,Ladpura,True,,,,,,,,,,,,False,1_original_gp_lgd_history_match,once,1.0,0.0,1.0,GEN,SCW
291481.0,26.7074245681,76.0666459704,R,RAJASTHAN,Jaipur,NFHS4,Rampurawas Devgaon,8,110,549,80791,38283.0,Kashipura,14,False,True,False,"{""38283"": 1.0}",True,38283,True,Rampurawas Devgaon,Jaipur (Gramin),Toonga,38283,Kashipura,True,38283,True,False,3_gp_no_reservation_history,38283,Kashipura,Jaipur (Gramin),Toonga,kashipura,jaipurgramin,toonga,Kashipura,kashipura,jaipur,jaipur,kashipura,jaipur,1.0,1.0,bassi,1.0,once,1.0,once,0.0,1.0,True,True,True,,,,,,,,,,,False,,,,,,,,,,,,False,2_direct_gpname_dhsdistrict_match,once,1.0,0.0,1.0,,
291482.0,25.305973408,77.2578393868,R,RAJASTHAN,Baran,NFHS4,Kema,8,128,675,103248,,,7,False,True,False,{},True,,False,Kema,Baran,Shahbad,34852,Deori,True,34852,True,False,3_gp_no_reservation_history,34852,Deori,Baran,Shahbad,deori,baran,shahbad,Deori,deori,baran,baran,,,,,,,,,,,,False,False,False,,,,,,,,,,,False,,,,,,,,,,,,False,0_unmatched,,,,,,
291483.0,29.1697004622,73.3845403657,R,RAJASTHAN,Ganganagar,NFHS4,57 GB,8,99,462,65677,37701.0,59 Gb,10,False,True,False,"{""37701"": 1.0}",True,37701,True,57 Gb,Anupgarh,Anupgarh,37701,59 Gb,True,37701,True,False,3_gp_no_reservation_history,37701,59 Gb,Anupgarh,Anupgarh,59gb,anupgarh,anupgarh,59 Gb,59gb,ganganagar,ganganagar,,,,,,,,,,,,False,False,False,,,,,,,,,,,False,,,,,,,,,,,,False,0_unmatched,,,,,,
291485.0,26.1691113602,73.8382915357,R,RAJASTHAN,Pali,NFHS4,Lakhasani,8,118,597,90396,40884.0,Patwa,4,False,True,False,"{""40884"": 1.0}",True,40884,True,Lakhasani,Beawar,Jaitaran,40884,Patwa,True,40884,True,True,4_full_coverage,40884,Patwa,Beawar,Jaitaran,patwa,beawar,jaitaran,Patwa,patwa,pali,ajmer,patwa,pali,1.0,1.0,jaitaran,1.0,once,1.0,once,1.0,0.0,True,True,False,1.0,0.0,GEN W,SC,1.0,once,C_unique_gp_name_statewide,Patwa,Beawar,Jaitaran,True,,,,,,,,,,,,False,1_original_gp_lgd_history_match,once,1.0,1.0,0.0,GEN W,SC
291486.0,26.6345134489,76.8036134386,R,RAJASTHAN,Karauli,NFHS4,Hafzabad,8,107,521,76395,,,6,False,True,False,{},True,,False,Hafzabad,Gangapurcity,Nadoti,40077,Sop,True,40077,True,False,3_gp_no_reservation_history,40077,Sop,Gangapurcity,Nadoti,sop,gangapurcity,nadoti,Sop,sop,karauli,sawaimadhopur,sop,karauli,1.0,1.0,nadoti,1.0,never,0.0,never,0.0,0.0,True,True,True,,,,,,,,,,,False,,,,,,,,,,,,False,2_direct_gpname_dhsdistrict_match,never,0.0,0.0,0.0,,
291490.0,27.0102586978,74.5060012115,R,RAJASTHAN,Nagaur,NFHS4,Devnagar,8,112,565,83675,,,7,False,True,False,{},True,,False,Devnagar,Didwana-Kuchaman,Makrana,40583,Gehdakalan,True,40583,True,False,3_gp_no_reservation_history,40583,Gehdakalan,Didwana-Kuchaman,Makrana,gehdakalan,didwanakuchaman,makrana,Gehdakalan,gehdakalan,nagaur,nagaur,,,,,,,,,,,,False,False,False,,,,,,,,,,,False,,,,,,,,,,,,False,0_unmatched,,,,,,
291491.0,26.1239965654,72.9806109983,R,RAJASTHAN,Jodhpur,NFHS4,Nandwan,8,113,572,85545,39778.0,Nandwan,7,False,True,False,"{""39778"": 1.0}",True,39778,True,Nandwan,Jodhpur (Gramin),Luni,39778,Nandwan,True,39778,True,True,4_full_coverage,39778,Nandwan,Jodhpur (Gramin),Luni,nandwan,jodhpurgramin,luni,Nandwan,nandwan,jodhpur,jodhpur,nandwan,jodhpur,1.0,1.0,luni,1.0,once,1.0,once,1.0,0.0,True,True,False,1.0,0.0,SC W,GEN,1.0,once,C_unique_gp_name_statewide,Nandwan,Jodhpur (Gramin),Luni,True,,,,,,,,,,,,False,1_original_gp_lgd_history_match,once,1.0,1.0,0.0,SC W,GEN
291492.0,24.9140722038,72.5856676603,R,RAJASTHAN,Sirohi,NFHS4,Phoongni,8,117,593,89980,41973.0,Phoogni,5,False,True,False,"{""41973"": 1.0}",True,41973,True,Phoongni,Sirohi,Sirohi,41973,Phoogni,True,41973,True,False,3_gp_no_reservation_history,41973,Phoogni,Sirohi,Sirohi,phoogni,sirohi,sirohi,Phoogni,phoogni,sirohi,sirohi,,,,,,,,,,,,False,False,False,,,,,,,,,,,False,,,,,,,,,,,,False,0_unmatched,,,,,,
291493.0,25.6631622703,73.9811527134,R,RAJASTHAN,Rajsamand,NFHS4,Padmela,8,123,639,96480,294894.0,Hamela Ki Ber,7,False,True,False,"{""294894"": 1.0}",True,294894,True,Padmela,Rajsamand,Bhim,294894,Hamela Ki Ber,True,294894,True,False,3_gp_no_reservation_history,294894,Hamela Ki Ber,Rajsamand,Bhim,hamelakiber,rajsamand,bhim,Hamela Ki Ber,hamelakiber,rajsamand,rajsamand,,,,,,,,,,,,False,False,False,,,,,,,,,,,False,,,,,,,,,,,,False,0_unmatched,,,,,,
291496.0,29.8319471192,73.949657288,R,RAJASTHAN,Ganganagar,NFHS4,501 LNP,8,99,458,64563,294635.0,12 Lnp Singhawali,8,False,True,False,"{""294635"": 1.0}",True,294635,True,501 Lnp,Ganganagar,Ganganagar,294635,12 Lnp Singhawali,True,294635,True,False,3_gp_no_reservation_history,294635,12 Lnp Singhawali,Ganganagar,Ganganagar,12lnpsinghawali,ganganagar,ganganagar,12 Lnp Singhawali,12lnpsinghawali,ganganagar,ganganagar,,,,,,,,,,,,False,False,False,,,,,,,,,,,False,,,,,,,,,,,,False,0_unmatched,,,,,,
291498.0,25.6887216359,74.0539490503,R,RAJASTHAN,Rajsamand,NFHS4,Sadaran,8,123,639,96467,41153.0,Kookar Khera,8,False,True,False,"{""41153"": 1.0}",True,41153,True,Sadaran,Rajsamand,Bhim,41153,Kookar Khera,True,41153,True,False,3_gp_no_reservation_history,41153,Kookar Khera,Rajsamand,Bhim,kookarkhera,rajsamand,bhim,Kookar Khera,kookarkhera,rajsamand,rajsamand,,,,,,,,,,,,False,False,False,,,,,,,,,,,False,,,,,,,,,,,,False,0_unmatched,,,,,,
291499.0,28.5311586931,74.5401669091,R,RAJASTHAN,Churu,NFHS4,Jetsisariya,8,102,483,70367,36920.0,Bhukansar Chhota,6,False,True,False,"{""36920"": 1.0}",True,36920,True,Jetsisariya,Churu,Sardarshahar,36920,Bhukansar Chhota,True,36920,True,False,3_gp_no_reservation_history,36920,Bhukansar Chhota,Churu,Sardarshahar,bhukansarchhota,churu,sardarshahar,Bhukansar Chhota,bhukansarchhota,churu,churu,,,,,,,,,,,,False,False,False,,,,,,,,,,,False,never,0.0,0.0,0.0,GEN,SC,0.9655172413793104,1.0,high_confidence_gp_and_exact_samiti,bukansar chhota,SARDAR SHAHAR,True,3_fuzzy_gpname_exact_or_close_samiti_match,never,0.0,0.0,0.0,GEN,SC
291505.0,26.6866122833,76.4822401566,R,RAJASTHAN,Sawai Madhopur,NFHS4,Doongarpatti Amawara,8,108,527,77202,294093.0,Doongarpatti,4,False,True,False,"{""294093"": 1.0}",True,294093,True,Doongarpatti Amawara,Gangapurcity,Bamanwas,294093,Doongarpatti,True,294093,True,False,3_gp_no_reservation_history,294093,Doongarpatti,Gangapurcity,Bamanwas,doongarpatti,gangapurcity,bamanwas,Doongarpatti,doongarpatti,sawaimadhopur,sawaimadhopur,,,,,,,,,,,,False,False,False,,,,,,,,,,,False,,,,,,,,,,,,False,0_unmatched,,,,,,
291508.0,27.4492493988,76.0450148699,R,RAJASTHAN,Jaipur,NFHS4,Sitapur,8,110,539,79159,38680.0,Dhani Gaiskan,12,False,True,False,"{""38680"": 1.0}",True,38680,True,Sitapur,Kotputli-Behror,Viratnagar,38680,Dhani Gaiskan,True,38680,True,True,4_full_coverage,38680,Dhani Gaiskan,Kotputli-Behror,Viratnagar,dhanigaiskan,kotputlibehror,viratnagar,Dhani Gaiskan,dhanigaiskan,jaipur,jaipur,dhanigaiskan,jaipur,1.0,1.0,viratnagar,1.0,twice,2.0,twice,1.0,1.0,True,True,False,1.0,1.0,GEN W,OBCW,2.0,twice,C_unique_gp_name_statewide,Dhani Gaiskan,Kotputli-Behror,Viratnagar,True,,,,,,,,,,,,False,1_original_gp_lgd_history_match,twice,2.0,1.0,1.0,GEN W,OBCW
291510.0,23.5168362791,73.9380276832,R,RAJASTHAN,Dungarpur,NFHS4,Bar Bejaniya,8,124,648,98138,37588.0,Baba Ki Bar,14,False,True,False,"{""37588"": 1.0}",True,37588,True,Bar Bejaniya,Dungarpur,Galiyakot,37588,Baba Ki Bar,True,37588,True,True,4_full_coverage,37588,Baba Ki Bar,Dungarpur,Galiyakot,babakibar,dungarpur,galiyakot,Baba Ki Bar,babakibar,dungarpur,dungarpur,babakibar,dungarpur,1.0,1.0,simalwara,1.0,once,1.0,once,0.0,1.0,True,True,False,0.0,1.0,ST,STW,1.0,once,B_exact_gp_district,Baba Ki Bar,Dungarpur,Galiyakot,True,,,,,,,,,,,,False,1_original_gp_lgd_history_match,once,1.0,0.0,1.0,ST,STW
291512.0,25.1248793029,76.2529165739,R,RAJASTHAN,Baran,NFHS4,Palayatha,8,128,671,102676,34685.0,Palaytha,7,False,True,False,"{""34685"": 1.0}",True,34685,True,Palayatha,Baran,Anta,34685,Palaytha,True,34685,True,True,4_full_coverage,34685,Palaytha,Baran,Anta,palaytha,baran,anta,Palaytha,palaytha,baran,baran,palaytha,baran,1.0,1.0,antah,1.0,once,1.0,once,0.0,1.0,True,True,False,0.0,1.0,GEN,GENW,1.0,once,B_exact_gp_district,Palaytha,Baran,Anta,True,,,,,,,,,,,,False,1_original_gp_lgd_history_match,once,1.0,0.0,1.0,GEN,GENW
291513.0,24.6751341444,74.7601754789,R,RAJASTHAN,Chittaurgarh,NFHS4,Rathanjana,8,126,663,101392,36697.0,Keli,7,False,True,False,"{""36697"": 1.0}",True,36697,True,Rathanjana,Chittorgarh,Nimbahera,36697,Keli,True,36697,True,True,4_full_coverage,36697,Keli,Chittorgarh,Nimbahera,keli,chittorgarh,nimbahera,Keli,keli,chittorgarh,chittorgarh,keli,chittorgarh,1.0,1.0,nimbahera,1.0,once,1.0,once,1.0,0.0,True,True,False,1.0,0.0,GEN W,ST,1.0,once,A_exact_gp_district_samiti,Keli,Chittorgarh,Nimbahera,True,,,,,,,,,,,,False,1_original_gp_lgd_history_match,once,1.0,1.0,0.0,GEN W,ST
291514.0,28.4106624908,75.6701459375,R,RAJASTHAN,Jhunjhunun,NFHS4,Purohiton Ka Bas,8,103,488,71129,39548.0,Hameenpur,11,False,True,False,"{""39548"": 1.0}",True,39548,True,Purohiton Ka Bas,Jhunjhunu,Pilani,39548,Hameenpur,True,39548,True,True,4_full_coverage,39548,Hameenpur,Jhunjhunu,Pilani,hameenpur,jhunjhunu,pilani,Hameenpur,hameenpur,jhunjhunu,jhunjhunu,hameenpur,jhunjhunu,1.0,1.0,surajgarh,1.0,once,1.0,once,1.0,0.0,True,True,False,1.0,0.0,GEN W,OBC,1.0,once,B_exact_gp_district,Hameenpur,Jhunjhunu,Pilani,True,,,,,,,,,,,,False,1_original_gp_lgd_history_match,once,1.0,1.0,0.0,GEN W,OBC
291515.0,26.7846224219,77.7460259068,R,RAJASTHAN,Dhaulpur,NFHS4,Peeparipura,8,106,517,75764,294081.0,Hajipur,17,False,True,False,"{""294081"": 1.0}",True,294081,True,Peeparipura,Dholpur,Sepau,294081,Hajipur,True,294081,True,False,3_gp_no_reservation_history,294081,Hajipur,Dholpur,Sepau,hajipur,dholpur,sepau,Hajipur,hajipur,dholpur,dholpur,,,,,,,,,,,,False,False,False,,,,,,,,,,,False,,,,,,,,,,,,False,0_unmatched,,,,,,
291516.0,28.4043888156,74.6919287158,R,RAJASTHAN,Churu,NFHS4,Dandoosar,8,102,483,70433,36932.0,Kheenwansar,5,False,True,False,"{""36932"": 1.0}",True,36932,True,Dandoosar,Churu,Sardarshahar,36932,Kheenwansar,True,36932,True,False,3_gp_no_reservation_history,36932,Kheenwansar,Churu,Sardarshahar,kheenwansar,churu,sardarshahar,Kheenwansar,kheenwansar,churu,churu,,,,,,,,,,,,False,False,False,,,,,,,,,,,False,,,,,,,,,,,,False,0_unmatched,,,,,,
291517.0,27.1849985439,75.1584274514,R,RAJASTHAN,Sikar,NFHS4,Mandha  (Surera),8,111,554,81880,41551.0,Mandha (Surera),7,False,True,False,"{""41551"": 1.0}",True,41551,True,Mandha (Surera),Sikar,Danta Ramgarh,41551,Mandha (Surera),True,41551,True,False,3_gp_no_reservation_history,41551,Mandha (Surera),Sikar,Danta Ramgarh,mandhasurera,sikar,dantaramgarh,Mandha (Surera),mandhasurera,sikar,sikar,,,,,,,,,,,,False,False,False,,,,,,,,,,,False,once,1.0,0.0,1.0,GEN,GENW,0.9565217391304348,1.0,high_confidence_gp_and_exact_samiti,mandh (surera),DANTA RAMGARH,True,3_fuzzy_gpname_exact_or_close_samiti_match,once,1.0,0.0,1.0,GEN,GENW
291518.0,25.1771728845,76.0359474209,R,RAJASTHAN,Kota,NFHS4,Char,8,127,666,101968,40329.0,Polai Kalan,9,False,True,False,"{""40329"": 1.0}",True,40329,True,Char,Kota,Digod,40329,Polai Kalan,True,40329,True,True,4_full_coverage,40329,Polai Kalan,Kota,Digod,polaikalan,kota,digod,Polai Kalan,polaikalan,kota,kota,polaikalan,kota,1.0,1.0,sultanpur,1.0,twice,2.0,twice,1.0,1.0,True,True,False,1.0,1.0,SC W,GENW,2.0,twice,B_exact_gp_district,Polai Kalan,Kota,Digod,True,,,,,,,,,,,,False,1_original_gp_lgd_history_match,twice,2.0,1.0,1.0,SC W,GENW
291520.0,25.9094645497,74.6950942239,R,RAJASTHAN,Bhilwara,NFHS4,Hurda Seja,8,122,628,94785,35700.0,Hurda,2,False,True,False,"{""35700"": 1.0}",True,35700,True,Hurda Seja,Bhilwara,Hurda,35700,Hurda,True,35700,True,True,4_full_coverage,35700,Hurda,Bhilwara,Hurda,hurda,bhilwara,hurda,Hurda,hurda,bhilwara,bhilwara,hurda,bhilwara,1.0,1.0,hurda,1.0,once,1.0,once,0.0,1.0,True,True,False,0.0,1.0,OBC,GENW,1.0,once,A_exact_gp_district_samiti,Hurda,Bhilwara,Hurda,True,,,,,,,,,,,,False,1_original_gp_lgd_history_match,once,1.0,0.0,1.0,OBC,GENW
291521.0,24.6824171616,74.214529442,R,RAJASTHAN,Chittaurgarh,NFHS4,Goojaron Ki Bhagal,8,126,660,101035,36536.0,Kanar Khera,8,False,True,False,"{""36536"": 1.0}",True,36536,True,Goojaron Ki Bhagal,Chittorgarh,Bhupalsagar,36536,Kanar Khera,True,36536,True,False,3_gp_no_reservation_history,36536,Kanar Khera,Chittorgarh,Bhupalsagar,kanarkhera,chittorgarh,bhupalsagar,Kanar Khera,kanarkhera,chittorgarh,chittorgarh,,,,,,,,,,,,False,False,False,,,,,,,,,,,False,,,,,,,,,,,,False,0_unmatched,,,,,,
291522.0,23.3774876593,74.162528583,R,RAJASTHAN,Banswara,NFHS4,Bhaler Chamna,8,125,653,99352,34339.0,Bhaler Bhodar,16,False,True,False,"{""34339"": 1.0}",True,34339,True,Bhaler Chamna,Banswara,Anandpuri,34339,Bhaler Bhodar,True,34339,True,False,3_gp_no_reservation_history,34339,Bhaler Bhodar,Banswara,Anandpuri,bhalerbhodar,banswara,anandpuri,Bhaler Bhodar,bhalerbhodar,banswara,banswara,,,,,,,,,,,,False,False,False,,,,,,,,,,,False,never,0.0,0.0,0.0,ST,ST,0.9166666666666666,1.0,high_confidence_gp_and_exact_samiti,bhaler bhoder,ANANDPURI,True,3_fuzzy_gpname_exact_or_close_samiti_match,never,0.0,0.0,0.0,ST,ST
291523.0,25.7421556604,75.4640070432,R,RAJASTHAN,Tonk,NFHS4,Sanwatgarh,8,120,620,93323,42034.0,Sanwatgarh,3,False,True,False,"{""42034"": 1.0}",True,42034,True,Sanwatgarh,Tonk,Deoli,42034,Sanwatgarh,True,42034,True,False,3_gp_no_reservation_history,42034,Sanwatgarh,Tonk,Deoli,sanwatgarh,tonk,deoli,Sanwatgarh,sanwatgarh,tonk,tonk,,,,,,,,,,,,False,False,False,,,,,,,,,,,False,never,0.0,0.0,0.0,GEN,SC,0.9,1.0,high_confidence_gp_and_exact_samiti,sawantgarh,DEOLI,True,3_fuzzy_gpname_exact_or_close_samiti_match,never,0.0,0.0,0.0,GEN,SC
291525.0,23.7761545807,74.5790637658,R,RAJASTHAN,Pratapgarh,NFHS4,Morwaniya,8,131,697,108055,262229.0,Morwaniya,7,False,True,False,"{""262229"": 1.0}",True,262229,True,Morwaniya,Pratapgarh,Peepalkhoont,262229,Morwaniya,True,262229,True,False,3_gp_no_reservation_history,262229,Morwaniya,Pratapgarh,Peepalkhoont,morwaniya,pratapgarh,peepalkhoont,Morwaniya,morwaniya,pratapgarh,pratapgarh,,,,,,,,,,,,False,False,False,,,,,,,,,,,False,,,,,,,,,,,,False,0_unmatched,,,,,,
291528.0,23.962005416,74.507141763,R,RAJASTHAN,Pratapgarh,NFHS4,Bawrikhera,8,131,696,108032,,,10,False,True,False,{},True,,False,Bawrikhera,Pratapgarh,Dhariawad,42332,Gothra,True,42332,True,False,3_gp_no_reservation_history,42332,Gothra,Pratapgarh,Dhariawad,gothra,pratapgarh,dhariawad,Gothra,gothra,pratapgarh,pratapgarh,,,,,,,,,,,,False,False,False,,,,,,,,,,,False,,,,,,,,,,,,False,0_unmatched,,,,,,
291532.0,26.9518387717,73.4066225768,R,RAJASTHAN,Nagaur,NFHS4,Lalawas,8,112,561,83068,40646.0,Lalawas,7,False,True,False,"{""40646"": 1.0}",True,40646,True,Lalawas,Nagaur,Kheenvsar,40646,Lalawas,True,40646,True,True,4_full_coverage,40646,Lalawas,Nagaur,Kheenvsar,lalawas,nagaur,kheenvsar,Lalawas,lalawas,nagaur,nagaur,lalawas,nagaur,1.0,1.0,mundawa,1.0,twice,2.0,twice,1.0,1.0,True,True,False,1.0,1.0,SC W,GENW,2.0,twice,B_exact_gp_district,Lalawas,Nagaur,Kheenvsar,True,,,,,,,,,,,,False,1_original_gp_lgd_history_match,twice,2.0,1.0,1.0,SC W,GENW
291533.0,27.707221852,74.9484061492,R,RAJASTHAN,Sikar,NFHS4,Bathoth,8,111,552,81452,41684.0,Bathoth,10,False,True,False,"{""41684"": 1.0}",True,41684,True,Bathoth,Sikar,Lachhmangarh,41684,Bathoth,True,41684,True,False,3_gp_no_reservation_history,41684,Bathoth,Sikar,Lachhmangarh,bathoth,sikar,lachhmangarh,Bathoth,bathoth,sikar,sikar,,,,,,,,,,,,False,False,False,,,,,,,,,,,False,,,,,,,,,,,,False,0_unmatched,,,,,,
291534.0,26.0823187059,74.2871674088,R,RAJASTHAN,Ajmer,NFHS4,Badiya Jagga,8,119,609,91755,33665.0,Jaliya-I,12,False,True,False,"{""33665"": 1.0}",True,33665,True,Badiya Jagga,Beawar,Beawar,33665,Jaliya-I,True,33665,True,False,3_gp_no_reservation_history,33665,Jaliya-I,Beawar,Beawar,jaliyai,beawar,beawar,Jaliya-I,jaliyai,ajmer,ajmer,,,,,,,,,,,,False,False,False,,,,,,,,,,,False,,,,,,,,,,,,False,0_unmatched,,,,,,
291538.0,28.1557796749,74.1557670508,R,RAJASTHAN,Bikaner,NFHS4,Likhma Desar,8,101,480,69876,36200.0,Likhmadesar,6,False,True,False,"{""36200"": 1.0}",True,36200,True,Likhmadesar,Bikaner,Sridungargarh,36200,Likhmadesar,True,36200,True,True,4_full_coverage,36200,Likhmadesar,Bikaner,Sridungargarh,likhmadesar,bikaner,sridungargarh,Likhmadesar,likhmadesar,bikaner,bikaner,likhmadesar,bikaner,1.0,1.0,dungargarh,1.0,once,1.0,once,0.0,1.0,True,True,False,0.0,1.0,SC,GENW,1.0,once,B_exact_gp_district,Likhmadesar,Bikaner,Sridungargarh,True,,,,,,,,,,,,False,1_original_gp_lgd_history_match,once,1.0,0.0,1.0,SC,GENW
291541.0,25.5351852457,73.580238379,R,RAJASTHAN,Pali,NFHS4,Gura Hindu,8,118,602,90996,40929.0,Panchetiya,9,False,True,False,"{""40929"": 1.0}",True,40929,True,Gura Hindu,Pali,Marwar Junction,40929,Panchetiya,True,40929,True,True,4_full_coverage,40929,Panchetiya,Pali,Marwar Junction,panchetiya,pali,marwarjunction,Panchetiya,panchetiya,pali,pali,panchetiya,pali,1.0,1.0,marwarjun,1.0,never,0.0,never,0.0,0.0,True,True,False,0.0,0.0,OBC,GEN,0.0,never,B_exact_gp_district,Panchetiya,Pali,Marwar Junction,True,,,,,,,,,,,,False,1_original_gp_lgd_history_match,never,0.0,0.0,0.0,OBC,GEN
291542.0,26.5537516876,74.1716770786,R,RAJASTHAN,Nagaur,NFHS4,Jarau Kalan,8,112,562,83254,40773.0,Jarau Kalan,11,False,True,False,"{""40773"": 1.0}",True,40773,True,Jarau Kalan,Nagaur,Riyan Bari,40773,Jarau Kalan,True,40773,True,False,3_gp_no_reservation_history,40773,Jarau Kalan,Nagaur,Merta,jaraukalan,nagaur,merta,Jarau Kalan,jaraukalan,nagaur,nagaur,,,,,,,,,,,,False,False,False,,,,,,,,,,,False,,,,,,,,,,,,False,0_unmatched,,,,,,
291543.0,25.2241432869,71.9553345575,R,RAJASTHAN,Jalor,NFHS4,Rauta,8,116,589,89453,38904.0,Rauta,8,False,True,False,"{""38904"": 1.0}",True,38904,True,Rauta,Sanchore,Bagora,38904,Rauta,True,38904,True,False,3_gp_no_reservation_history,38904,Rauta,Sanchore,Bagora,rauta,sanchore,bagora,Rauta,rauta,jalore,jalore,,,,,,,,,,,,False,False,False,,,,,,,,,,,False,,,,,,,,,,,,False,0_unmatched,,,,,,
291544.0,27.7590985345,75.2740459236,R,RAJASTHAN,Jhunjhunun,NFHS4,Chena Ram Ka Bas,8,111,553,81507,,,4,False,True,False,{},True,,False,Chena Ram Ka Bas,Sikar,Sikar,262155,Dharamshala,True,262155,True,False,3_gp_no_reservation_history,262155,Dharamshala,Sikar,Sikar,dharamshala,sikar,sikar,Dharamshala,dharamshala,jhunjhunu,sikar,,,,,,,,,,,,False,False,False,,,,,,,,,,,False,,,,,,,,,,,,False,0_unmatched,,,,,,
291545.0,28.0293250178,75.1911148228,R,RAJASTHAN,Jhunjhunun,NFHS4,Hanumanpura,8,103,487,71023,39438.0,Hanuman Pura,9,False,True,False,"{""39438"": 1.0}",True,39438,True,Hanumanpura,Jhunjhunu,Mandawa,39438,Hanuman Pura,True,39438,True,True,4_full_coverage,39438,Hanuman Pura,Jhunjhunu,Mandawa,hanumanpura,jhunjhunu,mandawa,Hanuman Pura,hanumanpura,jhunjhunu,jhunjhunu,hanumanpura,jhunjhunu,1.0,1.0,jhunjhunu,1.0,never,0.0,never,0.0,0.0,True,True,False,0.0,0.0,GEN,GEN,0.0,never,B_exact_gp_district,Hanuman Pura,Jhunjhunu,Mandawa,True,,,,,,,,,,,,False,1_original_gp_lgd_history_match,never,0.0,0.0,0.0,GEN,GEN
291546.0,25.8468469113,76.2663637219,R,RAJASTHAN,Sawai Madhopur,NFHS4,Pancholas,8,108,531,77701,41464.0,Pancholas,6,False,True,False,"{""41464"": 1.0}",True,41464,True,Pancholas,Sawai Madhopur,Sawai Madhopur,41464,Pancholas,True,41464,True,True,4_full_coverage,41464,Pancholas,Sawai Madhopur,Sawai Madhopur,pancholas,sawaimadhopur,sawaimadhopur,Pancholas,pancholas,sawaimadhopur,sawaimadhopur,pancholas,sawaimadhopur,1.0,1.0,khandar,1.0,once,1.0,once,0.0,1.0,True,True,False,0.0,1.0,OBC,STW,1.0,once,B_exact_gp_district,Pancholas,Sawai Madhopur,Sawai Madhopur,True,,,,,,,,,,,,False,1_original_gp_lgd_history_match,once,1.0,0.0,1.0,OBC,STW
291547.0,26.7151145513,71.3143762316,R,RAJASTHAN,Jaisalmer,NFHS4,Sanwata,8,114,576,86499,38780.0,Rasla,4,False,True,False,"{""38780"": 1.0}",True,38780,True,Sanwata,Jaisalmer,Fatehgarh,38780,Rasla,True,38780,True,False,3_gp_no_reservation_history,38780,Rasla,Jaisalmer,Fatehgarh,rasla,jaisalmer,fatehgarh,Rasla,rasla,jaisalmer,jaisalmer,,,,,,,,,,,,False,False,False,,,,,,,,,,,False,,,,,,,,,,,,False,0_unmatched,,,,,,
291549.0,25.0304923624,73.5358460705,R,RAJASTHAN,Rajsamand,NFHS4,Odwadiya,8,130,686,105589,,,4,False,True,False,{},True,,False,Odwadiya,Udaipur,Sayra,295045,Ghanawal,True,295045,True,False,3_gp_no_reservation_history,295045,Ghanawal,Udaipur,Sayra,ghanawal,udaipur,sayra,Ghanawal,ghanawal,rajsamand,udaipur,,,,,,,,,,,,False,False,False,,,,,,,,,,,False,,,,,,,,,,,,False,0_unmatched,,,,,,
291550.0,27.4161722709,76.6150551044,R,RAJASTHAN,Alwar,NFHS4,Kalsara,8,104,499,72866,34316.0,Kalsara,16,False,True,False,"{""34316"": 1.0}",True,34316,True,Kalsara,Alwar,Malakhera,34316,Kalsara,True,34316,True,False,3_gp_no_reservation_history,34316,Kalsara,Alwar,Malakhera,kalsara,alwar,malakhera,Kalsara,kalsara,alwar,alwar,,,,,,,,,,,,False,False,False,,,,,,,,,,,False,,,,,,,,,,,,False,0_unmatched,,,,,,
291551.0,23.8211430569,73.5938030416,R,RAJASTHAN,Dungarpur,NFHS4,Ora Bara,8,124,646,97499,37487.0,Oda Bada,17,False,True,False,"{""37487"": 1.0}",True,37487,True,Ora Bara,Dungarpur,Bichhiwara,37487,Oda Bada,True,37487,True,False,3_gp_no_reservation_history,37487,Oda Bada,Dungarpur,Bichhiwara,odabada,dungarpur,bichhiwara,Oda Bada,odabada,dungarpur,dungarpur,,,,,,,,,,,,False,False,False,,,,,,,,,,,False,twice,2.0,1.0,1.0,ST W,STW,0.9333333333333333,1.0,high_confidence_gp_and_exact_samiti,aodabada,BICHHIWARA,True,3_fuzzy_gpname_exact_or_close_samiti_match,twice,2.0,1.0,1.0,ST W,STW
291552.0,24.0423742854,74.3965017047,R,RAJASTHAN,Pratapgarh,NFHS4,Mandvi,8,131,696,107988,42343.0,Mandvi,14,False,True,False,"{""42343"": 1.0}",True,42343,True,Mandvi,Pratapgarh,Dhariawad,42343,Mandvi,True,42343,True,True,4_full_coverage,42343,Mandvi,Pratapgarh,Dhariawad,mandvi,pratapgarh,dhariawad,Mandvi,mandvi,pratapgarh,pratapgarh,mandvi,pratapgarh,2.0,1.0,dhariawad,1.0,never,0.0,never,0.0,0.0,True,True,False,0.0,0.0,ST,ST,0.0,never,A_exact_gp_district_samiti,Mandvi,Pratapgarh,Dhariawad,True,,,,,,,,,,,,False,1_original_gp_lgd_history_match,never,0.0,0.0,0.0,ST,ST
291554.0,25.0301046334,72.3630252082,R,RAJASTHAN,Jalor,NFHS4,Kot Kasta,8,116,588,89361,38893.0,Kot Kasta,5,False,True,False,"{""38893"": 1.0}",True,38893,True,Kot Kasta,Jalore,Bhinmal,38893,Kot Kasta,True,38893,True,True,4_full_coverage,38893,Kot Kasta,Jalore,Bhinmal,kotkasta,jalore,bhinmal,Kot Kasta,kotkasta,jalore,jalore,kotkasta,jalore,1.0,1.0,bhinmal,1.0,once,1.0,once,0.0,1.0,True,True,False,0.0,1.0,GEN,STW,1.0,once,A_exact_gp_district_samiti,Kot Kasta,Jalore,Bhinmal,True,,,,,,,,,,,,False,1_original_gp_lgd_history_match,once,1.0,0.0,1.0,GEN,STW
291555.0,26.673590063,77.4438631155,R,RAJASTHAN,Dhaulpur,NFHS4,Khanpura,8,106,515,75443,294069.0,Khanpura,10,False,True,False,"{""294069"": 1.0}",True,294069,True,Khanpura,Dholpur,Baseri,294069,Khanpura,True,294069,True,False,3_gp_no_reservation_history,294069,Khanpura,Dholpur,Baseri,khanpura,dholpur,baseri,Khanpura,khanpura,dholpur,dholpur,,,,,,,,,,,,False,False,False,,,,,,,,,,,False,,,,,,,,,,,,False,0_unmatched,,,,,,
291558.0,26.9452873233,78.1458409544,R,RAJASTHAN,Dhaulpur,NFHS4,Srinagar,8,106,519,76079,37406.0,Singhawali Kalan,3,False,True,False,"{""37406"": 1.0}",True,37406,True,Srinagar,Dholpur,Rajakhera,37406,Singhawali Kalan,True,37406,True,False,3_gp_no_reservation_history,37406,Singhawali Kalan,Dholpur,Rajakhera,singhawalikalan,dholpur,rajakhera,Singhawali Kalan,singhawalikalan,dholpur,dholpur,,,,,,,,,,,,False,False,False,,,,,,,,,,,False,,,,,,,,,,,,False,0_unmatched,,,,,,
291559.0,29.2658656928,74.6617458247,R,RAJASTHAN,Hanumangarh,NFHS4,BHAGWAN,8,100,471,68602,38159.0,Deidas,7,False,True,False,"{""38159"": 1.0}",True,38159,True,Bhagwan,Hanumangarh,Nohar,38159,Deidas,True,38159,True,True,4_full_coverage,38159,Deidas,Hanumangarh,Nohar,deidas,hanumangarh,nohar,Deidas,deidas,hanumangarh,hanumangarh,deidas,hanumangarh,1.0,1.0,nohar,1.0,once,1.0,once,1.0,0.0,True,True,False,1.0,0.0,GEN W,GEN,1.0,once,A_exact_gp_district_samiti,Deidas,Hanumangarh,Nohar,True,,,,,,,,,,,,False,1_original_gp_lgd_history_match,once,1.0,1.0,0.0,GEN W,GEN
291560.0,26.7122867499,76.7798207812,R,RAJASTHAN,Karauli,NFHS4,Tesgaon,8,107,521,76385,40079.0,Tesgaon,12,False,True,False,"{""40079"": 1.0}",True,40079,True,Tesgaon,Gangapurcity,Nadoti,40079,Tesgaon,True,40079,True,True,4_full_coverage,40079,Tesgaon,Gangapurcity,Nadoti,tesgaon,gangapurcity,nadoti,Tesgaon,tesgaon,karauli,sawaimadhopur,tesgaon,karauli,1.0,1.0,nadoti,1.0,once,1.0,once,1.0,0.0,True,True,False,1.0,0.0,OBC W,SC,1.0,once,C_unique_gp_name_statewide,Tesgaon,Gangapurcity,Nadoti,True,,,,,,,,,,,,False,1_original_gp_lgd_history_match,once,1.0,1.0,0.0,OBC W,SC
291561.0,25.4048622219,72.4624753253,R,RAJASTHAN,Jalor,NFHS4,Elana,8,116,587,89259,39041.0,Elana,7,False,True,False,"{""39041"": 1.0}",True,39041,True,Elana,Jalore,Jalore,39041,Elana,True,39041,True,False,3_gp_no_reservation_history,39041,Elana,Jalore,Jalore,elana,jalore,jalore,Elana,elana,jalore,jalore,,,,,,,,,,,,False,False,False,,,,,,,,,,,False,,,,,,,,,,,,False,0_unmatched,,,,,,
291562.0,25.0584473865,72.7523901025,R,RAJASTHAN,Sirohi,NFHS4,Sawali,8,117,592,89893,41960.0,Naradara,4,False,True,False,"{""41960"": 1.0}",True,41960,True,Sawali,Sirohi,Sheoganj,41960,Naradara,True,41960,True,True,4_full_coverage,41960,Naradara,Sirohi,Sheoganj,naradara,sirohi,sheoganj,Naradara,naradara,sirohi,sirohi,naradara,sirohi,1.0,1.0,sheoganj,1.0,never,0.0,never,0.0,0.0,True,True,False,0.0,0.0,GEN,GEN,0.0,never,A_exact_gp_district_samiti,Naradara,Sirohi,Sheoganj,True,,,,,,,,,,,,False,1_original_gp_lgd_history_match,never,0.0,0.0,0.0,GEN,GEN
291564.0,27.2386234371,74.8463333208,R,RAJASTHAN,Nagaur,NFHS4,Charanwas,8,112,566,83796,40487.0,Charnwas,10,False,True,False,"{""40487"": 1.0}",True,40487,True,Charanwas,Didwana-Kuchaman,Kuchaman City,40487,Charnwas,True,40487,True,False,3_gp_no_reservation_history,40487,Charnwas,Didwana-Kuchaman,Kuchaman City,charnwas,didwanakuchaman,kuchamancity,Charnwas,charnwas,nagaur,nagaur,,,,,,,,,,,,False,False,False,,,,,,,,,,,False,never,0.0,0.0,0.0,SC,OBC,0.9411764705882353,1.0,high_confidence_gp_and_exact_samiti,charnawas,KUCHAMANCITY,True,3_fuzzy_gpname_exact_or_close_samiti_match,never,0.0,0.0,0.0,SC,OBC
291565.0,27.2341254249,75.5561735465,R,RAJASTHAN,Jaipur,NFHS4,Nopura,8,110,541,79396,38409.0,Hastera,11,False,True,False,"{""38409"": 1.0}",True,38409,True,Nopura,Jaipur (Gramin),Chomu,38409,Hastera,True,38409,True,False,3_gp_no_reservation_history,38409,Hastera,Jaipur (Gramin),Chomu,hastera,jaipurgramin,chomu,Hastera,hastera,jaipur,jaipur,,,,,,,,,,,,False,False,False,,,,,,,,,,,False,,,,,,,,,,,,False,0_unmatched,,,,,,
291567.0,29.761502273,74.0188101147,R,RAJASTHAN,Ganganagar,NFHS4,14 SDP  (Panniwali),8,99,459,64769,37922.0,Panniwali,7,False,True,False,"{""37922"": 1.0}",True,37922,True,14 Sdp (Panniwali),Ganganagar,Sadulshahar,37922,Panniwali,True,37922,True,True,4_full_coverage,37922,Panniwali,Ganganagar,Sadulshahar,panniwali,ganganagar,sadulshahar,Panniwali,panniwali,ganganagar,ganganagar,panniwali,ganganagar,1.0,1.0,sadulshahar,1.0,once,1.0,once,0.0,1.0,True,True,False,0.0,1.0,SC,GENW,1.0,once,A_exact_gp_district_samiti,Panniwali,Ganganagar,Sadulshahar,True,,,,,,,,,,,,False,1_original_gp_lgd_history_match,once,1.0,0.0,1.0,SC,GENW
291569.0,25.3337802617,71.8786494294,R,RAJASTHAN,Barmer,NFHS4,Neela Nadi,8,115,581,88142,,,7,False,True,False,{},True,,False,Neela Nadi,Barmer,Gudha Malani,35083,Bhedana,True,35083,True,False,3_gp_no_reservation_history,35083,Bhedana,Barmer,Gudha Malani,bhedana,barmer,gudhamalani,Bhedana,bhedana,barmer,barmer,,,,,,,,,,,,False,False,False,,,,,,,,,,,False,,,,,,,,,,,,False,0_unmatched,,,,,,
291570.0,27.2824554443,76.6140598421,R,RAJASTHAN,Alwar,NFHS4,Murlipura,8,104,502,73298,34137.0,Alei,14,False,True,False,"{""34137"": 1.0}",True,34137,True,Murlipura,Alwar,Rajgarh,34137,Alei,True,34137,True,False,3_gp_no_reservation_history,34137,Alei,Alwar,Rajgarh,alei,alwar,rajgarh,Alei,alei,alwar,alwar,,,,,,,,,,,,False,False,False,,,,,,,,,,,False,,,,,,,,,,,,False,0_unmatched,,,,,,
291572.0,26.84730237,71.5762790826,R,RAJASTHAN,Jaisalmer,NFHS4,Sanawara,8,114,575,86315,262632.0,Sanawara,3,False,True,False,"{""262632"": 1.0}",True,262632,True,Sanawara,Jaisalmer,Pokaran,262632,Sanawara,True,262632,True,False,3_gp_no_reservation_history,262632,Sanawara,Jaisalmer,Pokaran,sanawara,jaisalmer,pokaran,Sanawara,sanawara,jaisalmer,jaisalmer,,,,,,,,,,,,False,False,False,,,,,,,,,,,False,,,,,,,,,,,,False,0_unmatched,,,,,,
291575.0,23.731652929,74.5066473925,R,RAJASTHAN,Banswara,NFHS4,Vargun,8,125,650,98628,34516.0,Badgun,10,False,True,False,"{""34516"": 1.0}",True,34516,True,Badgun,Banswara,Ghatol,34516,Badgun,True,34516,True,True,4_full_coverage,34516,Badgun,Banswara,Ghatol,badgun,banswara,ghatol,Badgun,badgun,banswara,banswara,badgun,banswara,1.0,1.0,ghatol,1.0,never,0.0,never,0.0,0.0,True,True,False,0.0,0.0,ST,ST,0.0,never,A_exact_gp_district_samiti,Badgun,Banswara,Ghatol,True,,,,,,,,,,,,False,1_original_gp_lgd_history_match,never,0.0,0.0,0.0,ST,ST
291576.0,25.2946762221,76.6267388813,R,RAJASTHAN,Baran,NFHS4,Kishnaipura,8,128,674,102993,34836.0,Peepalda Kalan,8,False,True,False,"{""34836"": 1.0}",True,34836,True,Kishnaipura,Baran,Kishanganj,34836,Peepalda Kalan,True,34836,True,False,3_gp_no_reservation_history,34836,Peepalda Kalan,Baran,Kishanganj,peepaldakalan,baran,kishanganj,Peepalda Kalan,peepaldakalan,baran,baran,,,,,,,,,,,,False,False,False,,,,,,,,,,,False,,,,,,,,,,,,False,0_unmatched,,,,,,
291577.0,24.7730883255,76.4758210925,R,RAJASTHAN,Baran,NFHS4,Rughnathpura,8,128,673,102912,34710.0,Kanotiya,3,False,True,False,"{""34710"": 1.0}",True,34710,True,Rughnathpura,Baran,Atru,34710,Kanotiya,True,34710,True,True,4_full_coverage,34710,Kanotiya,Baran,Atru,kanotiya,baran,atru,Kanotiya,kanotiya,baran,baran,kanotiya,baran,1.0,1.0,atru,1.0,once,1.0,once,1.0,0.0,True,True,False,1.0,0.0,GEN W,ST,1.0,once,A_exact_gp_district_samiti,Kanotiya,Baran,Atru,True,,,,,,,,,,,,False,1_original_gp_lgd_history_match,once,1.0,1.0,0.0,GEN W,ST
291578.0,27.9769130601,72.99261699,R,RAJASTHAN,Bikaner,NFHS4,Khari Charnan,8,101,476,69398,36083.0,Khari Charnan,6,False,True,False,"{""36083"": 1.0}",True,36083,True,Khari Charnan,Bikaner,Kolayat,36083,Khari Charnan,True,36083,True,True,4_full_coverage,36083,Khari Charnan,Bikaner,Kolayat,kharicharnan,bikaner,kolayat,Khari Charnan,kharicharnan,bikaner,bikaner,kharicharnan,bikaner,1.0,1.0,kolayat,1.0,once,1.0,once,0.0,1.0,True,True,False,0.0,1.0,SC,GENW,1.0,once,A_exact_gp_district_samiti,Khari Charnan,Bikaner,Kolayat,True,,,,,,,,,,,,False,1_original_gp_lgd_history_match,once,1.0,0.0,1.0,SC,GENW
291579.0,27.4016794655,74.0706411986,R,RAJASTHAN,Nagaur,NFHS4,Chawali,8,112,559,82681,40479.0,Tanwra,4,False,True,False,"{""40479"": 1.0}",True,40479,True,Chawali,Nagaur,Deh,40479,Tanwra,True,40479,True,False,3_gp_no_reservation_history,40479,Tanwra,Nagaur,Deh,tanwra,nagaur,deh,Tanwra,tanwra,nagaur,nagaur,,,,,,,,,,,,False,False,False,,,,,,,,,,,False,,,,,,,,,,,,False,0_unmatched,,,,,,
291581.0,24.6181207841,75.8783214797,R,RAJASTHAN,Kota,NFHS4,San Khera,8,127,668,102291,40233.0,Manda,7,False,True,False,"{""40233"": 1.0}",True,40233,True,San Khera,Kota,Ramganj Mandi,40233,Manda,True,40233,True,True,4_full_coverage,40233,Manda,Kota,Ramganj Mandi,manda,kota,ramganjmandi,Manda,manda,kota,kota,manda,kota,1.0,1.0,khairabad,1.0,once,1.0,once,1.0,0.0,True,True,False,1.0,0.0,SC W,ST,1.0,once,B_exact_gp_district,Manda,Kota,Ramganj Mandi,True,,,,,,,,,,,,False,1_original_gp_lgd_history_match,once,1.0,1.0,0.0,SC W,ST
291582.0,25.6692068264,75.8146438701,R,RAJASTHAN,Bundi,NFHS4,Dugari,8,121,623,93910,36309.0,Dugari,10,False,True,False,"{""36309"": 1.0}",True,36309,True,Dugari,Bundi,Nainwa,36309,Dugari,True,36309,True,True,4_full_coverage,36309,Dugari,Bundi,Nainwa,dugari,bundi,nainwa,Dugari,dugari,bundi,bundi,dugari,bundi,1.0,1.0,nainwa,1.0,once,1.0,once,0.0,1.0,True,True,False,0.0,1.0,ST,OBCW,1.0,once,A_exact_gp_district_samiti,Dugari,Bundi,Nainwa,True,,,,,,,,,,,,False,1_original_gp_lgd_history_match,once,1.0,0.0,1.0,ST,OBCW
291586.0,25.707495888,74.0402882976,R,RAJASTHAN,Rajsamand,NFHS4,Kundal Ki Guaar,8,123,639,96461,294851.0,Balato Ki Gawar,7,False,True,False,"{""294851"": 1.0}",True,294851,True,Kundal Ki Guaar,Rajsamand,Bhim,294851,Balato Ki Gawar,True,294851,True,False,3_gp_no_reservation_history,294851,Balato Ki Gawar,Rajsamand,Bhim,balatokigawar,rajsamand,bhim,Balato Ki Gawar,balatokigawar,rajsamand,rajsamand,,,,,,,,,,,,False,False,False,,,,,,,,,,,False,,,,,,,,,,,,False,0_unmatched,,,,,,
291588.0,26.7332564134,72.5233282404,R,RAJASTHAN,Jodhpur,NFHS4,Amar Nagar,8,113,571,85083,,,9,False,True,False,{},True,,False,Amar Nagar,Jodhpur (Gramin),Chamu,39634,Nathadau,True,39634,True,False,3_gp_no_reservation_history,39634,Nathadau,Jodhpur (Gramin),Chamu,nathadau,jodhpurgramin,chamu,Nathadau,nathadau,jodhpur,jodhpur,,,,,,,,,,,,False,False,False,,,,,,,,,,,False,,,,,,,,,,,,False,0_unmatched,,,,,,
291589.0,26.8476609971,75.5576128944,R,RAJASTHAN,Jaipur,NFHS4,Dahmi Kalan,8,110,545,80032,38619.0,Dahmi Kalan,7,False,True,False,"{""38619"": 1.0}",True,38619,True,Dahmi Kalan,Jaipur,Sanganer,38619,Dahmi Kalan,True,38619,True,False,3_gp_no_reservation_history,38619,Dahmi Kalan,Jaipur,Sanganer,dahmikalan,jaipur,sanganer,Dahmi Kalan,dahmikalan,jaipur,jaipur,,,,,,,,,,,,False,False,False,,,,,,,,,,,False,never,0.0,0.0,0.0,GEN,SC,0.9,1.0,high_confidence_gp_and_exact_samiti,dehmikalan,SANGANER,True,3_fuzzy_gpname_exact_or_close_samiti_match,never,0.0,0.0,0.0,GEN,SC
291591.0,26.8171474205,74.8165324397,R,RAJASTHAN,Ajmer,NFHS4,Paner,8,119,606,91399,33735.0,Paner,4,False,True,False,"{""33735"": 1.0}",True,33735,True,Paner,Ajmer,Roopangarh,33735,Paner,True,33735,True,True,4_full_coverage,33735,Paner,Ajmer,Roopangarh,paner,ajmer,roopangarh,Paner,paner,ajmer,ajmer,paner,ajmer,1.0,1.0,kishangarh,1.0,never,0.0,never,0.0,0.0,True,True,False,0.0,0.0,GEN,OBC,0.0,never,B_exact_gp_district,Paner,Ajmer,Roopangarh,True,,,,,,,,,,,,False,1_original_gp_lgd_history_match,never,0.0,0.0,0.0,GEN,OBC
291592.0,25.3385316845,73.3281152611,R,RAJASTHAN,Pali,NFHS4,Beejowa,8,118,603,91147,41000.0,Bijowa,8,False,True,False,"{""41000"": 1.0}",True,41000,True,Beejowa,Pali,Rani,41000,Bijowa,True,41000,True,False,3_gp_no_reservation_history,41000,Bijowa,Pali,Rani,bijowa,pali,rani,Bijowa,bijowa,pali,pali,,,,,,,,,,,,False,False,False,,,,,,,,,,,False,,,,,,,,,,,,False,0_unmatched,,,,,,
291593.0,23.8362084492,74.3609209608,R,RAJASTHAN,Banswara,NFHS4,Delwara Rawana,8,125,650,98457,294668.0,Delwara Rawna,12,False,True,False,"{""294668"": 1.0}",True,294668,True,Delwara Rawana,Banswara,Ghatol,294668,Delwara Rawna,True,294668,True,False,3_gp_no_reservation_history,294668,Delwara Rawna,Banswara,Ghatol,delwararawna,banswara,ghatol,Delwara Rawna,delwararawna,banswara,banswara,,,,,,,,,,,,False,False,False,,,,,,,,,,,False,,,,,,,,,,,,False,0_unmatched,,,,,,
291594.0,28.3116725755,73.9677650059,R,RAJASTHAN,Bikaner,NFHS4,Chandsar,8,101,475,69337,294071.0,Nakodesar,4,False,True,False,"{""294071"": 1.0}",True,294071,True,Chandsar,Bikaner,Lunkaransar,294071,Nakodesar,True,294071,True,False,3_gp_no_reservation_history,294071,Nakodesar,Bikaner,Lunkaransar,nakodesar,bikaner,lunkaransar,Nakodesar,nakodesar,bikaner,bikaner,,,,,,,,,,,,False,False,False,,,,,,,,,,,False,,,,,,,,,,,,False,0_unmatched,,,,,,
291595.0,24.7128290573,73.5525234917,R,RAJASTHAN,Udaipur,NFHS4,Bagdunda,8,130,686,105739,42404.0,Bagdunda,13,False,True,False,"{""42404"": 1.0}",True,42404,True,Bagdunda,Udaipur,Gogunda,42404,Bagdunda,True,42404,True,False,3_gp_no_reservation_history,42404,Bagdunda,Udaipur,Gogunda,bagdunda,udaipur,gogunda,Bagdunda,bagdunda,udaipur,udaipur,,,,,,,,,,,,False,False,False,,,,,,,,,,,False,,,,,,,,,,,,False,0_unmatched,,,,,,
291596.0,25.0666790642,72.9747702814,R,RAJASTHAN,Sirohi,NFHS4,Arathwara,8,117,592,89901,41946.0,Arathwara,11,False,True,False,"{""41946"": 1.0}",True,41946,True,Arathwara,Sirohi,Sheoganj,41946,Arathwara,True,41946,True,True,4_full_coverage,41946,Arathwara,Sirohi,Sheoganj,arathwara,sirohi,sheoganj,Arathwara,arathwara,sirohi,sirohi,arathwara,sirohi,1.0,1.0,sheoganj,1.0,twice,2.0,twice,1.0,1.0,True,True,False,1.0,1.0,GEN W,GENW,2.0,twice,A_exact_gp_district_samiti,Arathwara,Sirohi,Sheoganj,True,,,,,,,,,,,,False,1_original_gp_lgd_history_match,twice,2.0,1.0,1.0,GEN W,GENW
291597.0,26.8731718667,76.2695239679,R,RAJASTHAN,Dausa,NFHS4,Malarna,8,109,536,78524,294551.0,Bhandana,9,False,True,False,"{""294551"": 1.0}",True,294551,True,Malarna,Dausa,Lawan,294551,Bhandana,True,294551,True,False,3_gp_no_reservation_history,294551,Bhandana,Dausa,Dausa,bhandana,dausa,dausa,Bhandana,bhandana,dausa,dausa,,,,,,,,,,,,False,False,False,,,,,,,,,,,False,,,,,,,,,,,,False,0_unmatched,,,,,,
291599.0,26.4700028226,71.8531324205,R,RAJASTHAN,Jaisalmer,NFHS4,Goraliya,8,114,575,86447,38798.0,Bhekhorai Jooni,4,False,True,False,"{""38798"": 1.0}",True,38798,True,Goraliya,Jaisalmer,Phalsoond,38798,Bhekhorai Jooni,True,38798,True,False,3_gp_no_reservation_history,38798,Bhekhorai Jooni,Jaisalmer,Phalsoond,bhekhoraijooni,jaisalmer,phalsoond,Bhekhorai Jooni,bhekhoraijooni,jaisalmer,jaisalmer,,,,,,,,,,,,False,False,False,,,,,,,,,,,False,,,,,,,,,,,,False,0_unmatched,,,,,,
291601.0,25.0823338459,76.4408603586,R,RAJASTHAN,Baran,NFHS4,Phoonsra,8,128,672,102762,34748.0,Phoonsra,7,False,True,False,"{""34748"": 1.0}",True,34748,True,Phoonsra,Baran,Baran,34748,Phoonsra,True,34748,True,False,3_gp_no_reservation_history,34748,Phoonsra,Baran,Baran,phoonsra,baran,baran,Phoonsra,phoonsra,baran,baran,,,,,,,,,,,,False,False,False,,,,,,,,,,,False,,,,,,,,,,,,False,0_unmatched,,,,,,
291602.0,25.2157459213,71.1287477396,R,RAJASTHAN,Barmer,NFHS4,Meethi Nadi,8,115,584,88898,35040.0,Dhanau,7,False,True,False,"{""35040"": 1.0}",True,35040,True,Meethi Nadi,Barmer,Dhanau,35040,Dhanau,True,35040,True,True,4_full_coverage,35040,Dhanau,Barmer,Dhanau,dhanau,barmer,dhanau,Dhanau,dhanau,barmer,barmer,dhanau,barmer,1.0,1.0,chohtan,1.0,once,1.0,once,0.0,1.0,True,True,False,0.0,1.0,GEN,OBCW,1.0,once,B_exact_gp_district,Dhanau,Barmer,Dhanau,True,,,,,,,,,,,,False,1_original_gp_lgd_history_match,once,1.0,0.0,1.0,GEN,OBCW
291603.0,24.4718472784,72.7053482489,R,RAJASTHAN,Sirohi,NFHS4,Mungthala,8,117,595,90154,41863.0,Mungthala,12,False,True,False,"{""41863"": 1.0}",True,41863,True,Mungthala,Sirohi,Abu Road,41863,Mungthala,True,41863,True,False,3_gp_no_reservation_history,41863,Mungthala,Sirohi,Abu Road,mungthala,sirohi,aburoad,Mungthala,mungthala,sirohi,sirohi,,,,,,,,,,,,False,False,False,,,,,,,,,,,False,,,,,,,,,,,,False,0_unmatched,,,,,,
291605.0,25.2051113078,76.0492635898,R,RAJASTHAN,Kota,NFHS4,Dagariya,8,127,666,101969,40326.0,Mundla,9,False,True,False,"{""40326"": 1.0}",True,40326,True,Dagariya,Kota,Digod,40326,Mundla,True,40326,True,True,4_full_coverage,40326,Mundla,Kota,Digod,mundla,kota,digod,Mundla,mundla,kota,kota,mundla,kota,1.0,1.0,sultanpur,1.0,never,0.0,never,0.0,0.0,True,True,False,0.0,0.0,OBC,GEN,0.0,never,B_exact_gp_district,Mundla,Kota,Digod,True,,,,,,,,,,,,False,1_original_gp_lgd_history_match,never,0.0,0.0,0.0,OBC,GEN
291606.0,26.6275292954,77.4147666095,R,RAJASTHAN,Dhaulpur,NFHS4,Digori,8,106,515,75471,37307.0,Leelauti,11,False,True,False,"{""37307"": 1.0}",True,37307,True,Digori,Dholpur,Sarmathura,37307,Leelauti,True,37307,True,False,3_gp_no_reservation_history,37307,Leelauti,Dholpur,Sarmathura,leelauti,dholpur,sarmathura,Leelauti,leelauti,dholpur,dholpur,,,,,,,,,,,,False,False,False,,,,,,,,,,,False,,,,,,,,,,,,False,0_unmatched,,,,,,
291607.0,26.7722961881,73.776395972,R,RAJASTHAN,Nagaur,NFHS4,Nokha Chandawata,8,112,562,83091,40628.0,Nokha Chandawata,7,False,True,False,"{""40628"": 1.0}",True,40628,True,Nokha Chandawata,Nagaur,Merta,40628,Nokha Chandawata,True,40628,True,True,4_full_coverage,40628,Nokha Chandawata,Nagaur,Merta,nokhachandawata,nagaur,merta,Nokha Chandawata,nokhachandawata,nagaur,nagaur,nokhachandawata,nagaur,1.0,1.0,merta,1.0,never,0.0,never,0.0,0.0,True,True,False,0.0,0.0,OBC,GEN,0.0,never,A_exact_gp_district_samiti,Nokha Chandawata,Nagaur,Merta,True,,,,,,,,,,,,False,1_original_gp_lgd_history_match,never,0.0,0.0,0.0,OBC,GEN
291608.0,29.4530816241,73.4554282356,R,RAJASTHAN,Ganganagar,NFHS4,27 NP-B,8,99,461,65284,,,8,False,True,False,{},True,,False,27 Np-B,Anupgarh,Raisinghnagar,37893,Thandi,True,37893,True,True,4_full_coverage,37893,Thandi,Anupgarh,Raisinghnagar,thandi,anupgarh,raisinghnagar,Thandi,thandi,ganganagar,ganganagar,thandi,ganganagar,1.0,1.0,raisinghnagar,1.0,once,1.0,once,0.0,1.0,True,True,False,0.0,1.0,GEN,SCW,1.0,once,C_unique_gp_name_statewide,Thandi,Anupgarh,Raisinghnagar,True,,,,,,,,,,,,False,1_original_gp_lgd_history_match,once,1.0,0.0,1.0,GEN,SCW
291610.0,24.7182136802,72.5205037967,R,RAJASTHAN,Sirohi,NFHS4,Dantrai,8,117,596,90230,41913.0,Dantrai,9,False,True,False,"{""41913"": 1.0}",True,41913,True,Dantrai,Sirohi,Reodar,41913,Dantrai,True,41913,True,False,3_gp_no_reservation_history,41913,Dantrai,Sirohi,Reodar,dantrai,sirohi,reodar,Dantrai,dantrai,sirohi,sirohi,,,,,,,,,,,,False,False,False,,,,,,,,,,,False,,,,,,,,,,,,False,0_unmatched,,,,,,
291612.0,27.0424566521,74.4241799483,R,RAJASTHAN,Nagaur,NFHS4,Noondara,8,112,565,83653,40603.0,Sarnawda,7,False,True,False,"{""40603"": 1.0}",True,40603,True,Noondara,Didwana-Kuchaman,Makrana,40603,Sarnawda,True,40603,True,False,3_gp_no_reservation_history,40603,Sarnawda,Didwana-Kuchaman,Makrana,sarnawda,didwanakuchaman,makrana,Sarnawda,sarnawda,nagaur,nagaur,,,,,,,,,,,,False,False,False,,,,,,,,,,,False,,,,,,,,,,,,False,0_unmatched,,,,,,
291613.0,29.455141473,73.8530167591,R,RAJASTHAN,Ganganagar,NFHS4,21 LGW,8,99,465,66717,,,8,False,True,False,{},True,,False,21 Lgw,Ganganagar,Suratgarh,37935,Dhaban,True,37935,True,False,3_gp_no_reservation_history,37935,Dhaban,Ganganagar,Suratgarh,dhaban,ganganagar,suratgarh,Dhaban,dhaban,ganganagar,ganganagar,,,,,,,,,,,,False,False,False,,,,,,,,,,,False,,,,,,,,,,,,False,0_unmatched,,,,,,
291615.0,25.3477063763,74.0817975639,R,RAJASTHAN,Bhilwara,NFHS4,Karol,8,122,632,95349,35874.0,Bangar,7,False,True,False,"{""35874"": 1.0}",True,35874,True,Karol,Bhilwara,Raipur,35874,Bangar,True,35874,True,True,4_full_coverage,35874,Bangar,Bhilwara,Raipur,bangar,bhilwara,raipur,Bangar,bangar,bhilwara,bhilwara,bangar,bhilwara,1.0,1.0,raipur,1.0,once,1.0,once,0.0,1.0,True,True,False,0.0,1.0,GEN,SCW,1.0,once,A_exact_gp_district_samiti,Bangar,Bhilwara,Raipur,True,,,,,,,,,,,,False,1_original_gp_lgd_history_match,once,1.0,0.0,1.0,GEN,SCW
291617.0,29.7867375776,74.1939334372,R,RAJASTHAN,Ganganagar,NFHS4,21 MJD  (Buglawali),8,100,466,67182,38126.0,Singhpura,4,False,True,False,"{""38126"": 1.0}",True,38126,True,21 Mjd (Buglawali),Hanumangarh,Sangaria,38126,Singhpura,True,38126,True,False,3_gp_no_reservation_history,38126,Singhpura,Hanumangarh,Sangaria,singhpura,hanumangarh,sangaria,Singhpura,singhpura,ganganagar,hanumangarh,,,,,,,,,,,,False,False,False,,,,,,,,,,,False,,,,,,,,,,,,False,0_unmatched,,,,,,
291619.0,28.2159655891,75.1792344402,R,RAJASTHAN,Jhunjhunun,NFHS4,Chandwa,8,103,487,70876,294995.0,Chandva,9,False,True,False,"{""294995"": 1.0}",True,294995,True,Chandwa,Jhunjhunu,Bissau,294995,Chandva,True,294995,True,False,3_gp_no_reservation_history,294995,Chandva,Jhunjhunu,Bissau,chandva,jhunjhunu,bissau,Chandva,chandva,jhunjhunu,jhunjhunu,,,,,,,,,,,,False,False,False,,,,,,,,,,,False,,,,,,,,,,,,False,0_unmatched,,,,,,
291620.0,23.4440853339,74.3766507909,R,RAJASTHAN,Banswara,NFHS4,Padikhurd,8,125,652,99137,34442.0,Saliya,17,False,True,False,"{""34442"": 1.0}",True,34442,True,Padikhurd,Banswara,Banswara,34442,Saliya,True,34442,True,False,3_gp_no_reservation_history,34442,Saliya,Banswara,Banswara,saliya,banswara,banswara,Saliya,saliya,banswara,banswara,saliya,banswara,1.0,1.0,bagidora,1.0,once,1.0,once,1.0,0.0,True,True,True,,,,,,,,,,,False,,,,,,,,,,,,False,2_direct_gpname_dhsdistrict_match,once,1.0,1.0,0.0,,
291621.0,26.7601048242,71.9095444332,R,RAJASTHAN,Jaisalmer,NFHS4,Madwa,8,114,575,86330,38815.0,Madwa,8,False,True,False,"{""38815"": 1.0}",True,38815,True,Madwa,Jaisalmer,Bhaniyana,38815,Madwa,True,38815,True,False,3_gp_no_reservation_history,38815,Madwa,Jaisalmer,Bhaniyana,madwa,jaisalmer,bhaniyana,Madwa,madwa,jaisalmer,jaisalmer,,,,,,,,,,,,False,False,False,,,,,,,,,,,False,,,,,,,,,,,,False,0_unmatched,,,,,,
291622.0,24.7946057528,75.855908802,R,RAJASTHAN,Kota,NFHS4,Deoli Kalan,8,127,668,102189,40215.0,Devli Kalan,8,False,True,False,"{""40215"": 1.0}",True,40215,True,Deoli Kalan,Kota,Chechat,40215,Devli Kalan,True,40215,True,False,3_gp_no_reservation_history,40215,Devli Kalan,Kota,Chechat,devlikalan,kota,chechat,Devli Kalan,devlikalan,kota,kota,devlikalan,kota,1.0,1.0,khairabad,1.0,twice,2.0,twice,1.0,1.0,True,True,True,,,,,,,,,,,False,,,,,,,,,,,,False,2_direct_gpname_dhsdistrict_match,twice,2.0,1.0,1.0,,
291623.0,27.3685034963,76.1102183976,R,RAJASTHAN,Jaipur,NFHS4,Shyampura,8,110,539,79225,38698.0,Pura Wala,12,False,True,False,"{""38698"": 1.0}",True,38698,True,Shyampura,Kotputli-Behror,Viratnagar,38698,Pura Wala,True,38698,True,True,4_full_coverage,38698,Pura Wala,Kotputli-Behror,Viratnagar,purawala,kotputlibehror,viratnagar,Pura Wala,purawala,jaipur,jaipur,purawala,jaipur,1.0,1.0,viratnagar,1.0,never,0.0,never,0.0,0.0,True,True,False,0.0,0.0,GEN,GEN,0.0,never,C_unique_gp_name_statewide,Pura Wala,Kotputli-Behror,Viratnagar,True,,,,,,,,,,,,False,1_original_gp_lgd_history_match,never,0.0,0.0,0.0,GEN,GEN
291624.0,29.4517251655,74.4697717186,R,RAJASTHAN,Hanumangarh,NFHS4,13 SLW,8,100,467,67454,38015.0,2 Ksp,7,False,True,False,"{""38015"": 1.0}",True,38015,True,13 Slw,Hanumangarh,Tibbi,38015,2 Ksp,True,38015,True,False,3_gp_no_reservation_history,38015,2 Ksp,Hanumangarh,Tibbi,2ksp,hanumangarh,tibbi,2 Ksp,2ksp,hanumangarh,hanumangarh,,,,,,,,,,,,False,False,False,,,,,,,,,,,False,,,,,,,,,,,,False,0_unmatched,,,,,,
291626.0,30.0690374491,73.9144019041,R,RAJASTHAN,Ganganagar,NFHS4,1 D,8,99,458,64362,37767.0,Orki,6,False,True,False,"{""37767"": 1.0}",True,37767,True,1 D,Ganganagar,Ganganagar,37767,Orki,True,37767,True,False,3_gp_no_reservation_history,37767,Orki,Ganganagar,Ganganagar,orki,ganganagar,ganganagar,Orki,orki,ganganagar,ganganagar,,,,,,,,,,,,False,False,False,,,,,,,,,,,False,,,,,,,,,,,,False,0_unmatched,,,,,,
291629.0,24.4202260671,76.6809598889,R,RAJASTHAN,Jhalawar,NFHS4,Bamanya Kheri,8,129,681,104651,39239.0,Barrawada,5,False,True,False,"{""39239"": 1.0}",True,39239,True,Bamanya Kheri,Jhalawar,Manohar Thana,39239,Barrawada,True,39239,True,False,3_gp_no_reservation_history,39239,Barrawada,Jhalawar,Manohar Thana,barrawada,jhalawar,manoharthana,Barrawada,barrawada,jhalawar,jhalawar,,,,,,,,,,,,False,False,False,,,,,,,,,,,False,,,,,,,,,,,,False,0_unmatched,,,,,,
291631.0,24.4168183855,76.742670137,R,RAJASTHAN,Jhalawar,NFHS4,Arjunpura,8,129,681,104655,294160.0,Arjunpura,7,False,True,False,"{""294160"": 1.0}",True,294160,True,Arjunpura,Jhalawar,Manohar Thana,294160,Arjunpura,True,294160,True,False,3_gp_no_reservation_history,294160,Arjunpura,Jhalawar,Manohar Thana,arjunpura,jhalawar,manoharthana,Arjunpura,arjunpura,jhalawar,jhalawar,,,,,,,,,,,,False,False,False,,,,,,,,,,,False,,,,,,,,,,,,False,0_unmatched,,,,,,
291635.0,25.4061588705,74.5794090794,R,RAJASTHAN,Bhilwara,NFHS4,Mali Khera  Rajpura,8,122,631,95318,35817.0,Santokpura,9,False,True,False,"{""35817"": 1.0}",True,35817,True,Mali Khera @ Rajpura,Bhilwara,Mandal,35817,Santokpura,True,35817,True,True,4_full_coverage,35817,Santokpura,Bhilwara,Mandal,santokpura,bhilwara,mandal,Santokpura,santokpura,bhilwara,bhilwara,santokpura,bhilwara,1.0,1.0,mandal,1.0,never,0.0,never,0.0,0.0,True,True,False,0.0,0.0,GEN,GEN,0.0,never,A_exact_gp_district_samiti,Santokpura,Bhilwara,Mandal,True,,,,,,,,,,,,False,1_original_gp_lgd_history_match,never,0.0,0.0,0.0,GEN,GEN
291636.0,23.8832102769,74.8193569937,R,RAJASTHAN,Pratapgarh,NFHS4,Arnod,8,131,700,108728,36397.0,Arnod,11,False,True,False,"{""36397"": 1.0}",True,36397,True,Arnod,Pratapgarh,Arnod,36397,Arnod,True,36397,True,True,4_full_coverage,36397,Arnod,Pratapgarh,Arnod,arnod,pratapgarh,arnod,Arnod,arnod,pratapgarh,pratapgarh,arnod,pratapgarh,1.0,1.0,arnod,1.0,once,1.0,once,0.0,1.0,True,True,False,0.0,1.0,ST,STW,1.0,once,A_exact_gp_district_samiti,Arnod,Pratapgarh,Arnod,True,,,,,,,,,,,,False,1_original_gp_lgd_history_match,once,1.0,0.0,1.0,ST,STW
291637.0,24.8828260458,72.6121459562,R,RAJASTHAN,Sirohi,NFHS4,Tawari,8,117,593,89979,41995.0,Tawari,7,False,True,False,"{""41995"": 1.0}",True,41995,True,Tawari,Sirohi,Sirohi,41995,Tawari,True,41995,True,False,3_gp_no_reservation_history,41995,Tawari,Sirohi,Sirohi,tawari,sirohi,sirohi,Tawari,tawari,sirohi,sirohi,,,,,,,,,,,,False,False,False,,,,,,,,,,,False,never,0.0,0.0,0.0,OBC,GEN,0.9230769230769231,1.0,high_confidence_gp_and_exact_samiti,tanwari,SIROHI,True,3_fuzzy_gpname_exact_or_close_samiti_match,never,0.0,0.0,0.0,OBC,GEN
291638.0,28.1657164621,74.7583714544,R,RAJASTHAN,Churu,NFHS4,Sehla,8,102,485,70587,294601.0,Sehla,7,False,True,False,"{""294601"": 1.0}",True,294601,True,Sehla,Churu,Ratangarh,294601,Sehla,True,294601,True,False,3_gp_no_reservation_history,294601,Sehla,Churu,Ratangarh,sehla,churu,ratangarh,Sehla,sehla,churu,churu,,,,,,,,,,,,False,False,False,,,,,,,,,,,False,,,,,,,,,,,,False,0_unmatched,,,,,,
291639.0,27.957932871,74.5276713737,R,RAJASTHAN,Churu,NFHS4,Ratnadesar,8,102,485,70650,36900.0,Ratnadesar,9,False,True,False,"{""36900"": 1.0}",True,36900,True,Ratnadesar,Churu,Rajaldesar,36900,Ratnadesar,True,36900,True,True,4_full_coverage,36900,Ratnadesar,Churu,Rajaldesar,ratnadesar,churu,rajaldesar,Ratnadesar,ratnadesar,churu,churu,ratnadesar,churu,1.0,1.0,ratangarh,1.0,once,1.0,once,1.0,0.0,True,True,False,1.0,0.0,GEN W,OBC,1.0,once,B_exact_gp_district,Ratnadesar,Churu,Rajaldesar,True,,,,,,,,,,,,False,1_original_gp_lgd_history_match,once,1.0,1.0,0.0,GEN W,OBC
291640.0,28.0516036364,72.4996345078,R,RAJASTHAN,Bikaner,NFHS4,Gokal,8,101,476,69372,36078.0,Gokul,4,False,True,False,"{""36078"": 1.0}",True,36078,True,Gokal,Bikaner,Bajju,36078,Gokul,True,36078,True,True,4_full_coverage,36078,Gokul,Bikaner,Bajju,gokul,bikaner,bajju,Gokul,gokul,bikaner,bikaner,gokul,bikaner,2.0,1.0,kolayat,1.0,never,0.0,never,0.0,0.0,True,True,False,0.0,0.0,GEN,SC,0.0,never,B_exact_gp_district,Gokul,Bikaner,Bajju,True,,,,,,,,,,,,False,1_original_gp_lgd_history_match,never,0.0,0.0,0.0,GEN,SC
291641.0,27.8820430523,75.3446689429,R,RAJASTHAN,Jhunjhunun,NFHS4,Barwasi,8,103,491,71618,39497.0,Barwasi,11,False,True,False,"{""39497"": 1.0}",True,39497,True,Barwasi,Jhunjhunu,Nawalgarh,39497,Barwasi,True,39497,True,True,4_full_coverage,39497,Barwasi,Jhunjhunu,Nawalgarh,barwasi,jhunjhunu,nawalgarh,Barwasi,barwasi,jhunjhunu,jhunjhunu,barwasi,jhunjhunu,1.0,1.0,nawalgarh,1.0,never,0.0,never,0.0,0.0,True,True,False,0.0,0.0,SC,GEN,0.0,never,A_exact_gp_district_samiti,Barwasi,Jhunjhunu,Nawalgarh,True,,,,,,,,,,,,False,1_original_gp_lgd_history_match,never,0.0,0.0,0.0,SC,GEN
291642.0,26.7574109307,71.585222334,R,RAJASTHAN,Jaisalmer,NFHS4,Sankra,8,114,575,86325,38828.0,Sankra,2,False,True,False,"{""38828"": 1.0}",True,38828,True,Sankra,Jaisalmer,Pokaran,38828,Sankra,True,38828,True,False,3_gp_no_reservation_history,38828,Sankra,Jaisalmer,Pokaran,sankra,jaisalmer,pokaran,Sankra,sankra,jaisalmer,jaisalmer,,,,,,,,,,,,False,False,False,,,,,,,,,,,False,,,,,,,,,,,,False,0_unmatched,,,,,,
291643.0,25.2080320651,72.4895436755,R,RAJASTHAN,Jalor,NFHS4,Bakraroad,8,116,587,89283,38911.0,Bakara Road,11,False,True,False,"{""38911"": 1.0}",True,38911,True,Bakraroad,Jalore,Jalore,38911,Bakara Road,True,38911,True,False,3_gp_no_reservation_history,38911,Bakara Road,Jalore,Jalore,bakararoad,jalore,jalore,Bakara Road,bakararoad,jalore,jalore,,,,,,,,,,,,False,False,False,,,,,,,,,,,False,once,1.0,0.0,1.0,GEN,GENW,0.9473684210526315,1.0,high_confidence_gp_and_exact_samiti,bakra road,JALORE,True,3_fuzzy_gpname_exact_or_close_samiti_match,once,1.0,0.0,1.0,GEN,GENW
291644.0,25.4377717015,75.7389389327,R,RAJASTHAN,Bundi,NFHS4,Jaoti Kalan,8,121,626,94355,36361.0,Jawti Kala,12,False,True,False,"{""36361"": 1.0}",True,36361,True,Jaoti Kalan,Bundi,Bundi,36361,Jawti Kala,True,36361,True,False,3_gp_no_reservation_history,36361,Jawti Kala,Bundi,Bundi,jawtikala,bundi,bundi,Jawti Kala,jawtikala,bundi,bundi,,,,,,,,,,,,False,False,False,,,,,,,,,,,False,,,,,,,,,,,,False,0_unmatched,,,,,,
291647.0,27.7570787225,74.7464611578,R,RAJASTHAN,Sikar,NFHS4,Juliyasar,8,111,552,81387,41718.0,Tiroki Bari,3,False,True,False,"{""41718"": 1.0}",True,41718,True,Juliyasar,Sikar,Lachhmangarh,41718,Tiroki Bari,True,41718,True,False,3_gp_no_reservation_history,41718,Tiroki Bari,Sikar,Lachhmangarh,tirokibari,sikar,lachhmangarh,Tiroki Bari,tirokibari,sikar,sikar,,,,,,,,,,,,False,False,False,,,,,,,,,,,False,,,,,,,,,,,,False,0_unmatched,,,,,,
291649.0,29.6738864269,74.3727274269,R,RAJASTHAN,Hanumangarh,NFHS4,15 MKS,8,100,466,67288,38085.0,Manaksar,7,False,True,False,"{""38085"": 1.0}",True,38085,True,15 Mks,Hanumangarh,Sangaria,38085,Manaksar,True,38085,True,False,3_gp_no_reservation_history,38085,Manaksar,Hanumangarh,Sangaria,manaksar,hanumangarh,sangaria,Manaksar,manaksar,hanumangarh,hanumangarh,,,,,,,,,,,,False,False,False,,,,,,,,,,,False,,,,,,,,,,,,False,0_unmatched,,,,,,
291651.0,26.8475075939,77.1462289978,R,RAJASTHAN,Bharatpur,NFHS4,Adda,8,105,513,75105,35276.0,Khoot Khera,8,False,True,False,"{""35276"": 1.0}",True,35276,True,Adda,Bharatpur,Bayana,35276,Khoot Khera,True,35276,True,False,3_gp_no_reservation_history,35276,Khoot Khera,Bharatpur,Bayana,khootkhera,bharatpur,bayana,Khoot Khera,khootkhera,bharatpur,bharatpur,,,,,,,,,,,,False,False,False,,,,,,,,,,,False,,,,,,,,,,,,False,0_unmatched,,,,,,
291653.0,25.7034540195,75.8926138537,R,RAJASTHAN,Bundi,NFHS4,Balapura,8,121,623,93923,,,9,False,True,False,{},True,,False,Balapura,Bundi,Nainwa,36330,Seesola,True,36330,True,False,3_gp_no_reservation_history,36330,Seesola,Bundi,Nainwa,seesola,bundi,nainwa,Seesola,seesola,bundi,bundi,,,,,,,,,,,,False,False,False,,,,,,,,,,,False,,,,,,,,,,,,False,0_unmatched,,,,,,
291654.0,25.9662578402,75.7030286773,R,RAJASTHAN,Tonk,NFHS4,Thali,8,120,618,93092,42154.0,Bharni,11,False,True,False,"{""42154"": 1.0}",True,42154,True,Thali,Tonk,Tonk,42154,Bharni,True,42154,True,True,4_full_coverage,42154,Bharni,Tonk,Tonk,bharni,tonk,tonk,Bharni,bharni,tonk,tonk,bharni,tonk,1.0,1.0,tonk,1.0,never,0.0,never,0.0,0.0,True,True,False,0.0,0.0,OBC,GEN,0.0,never,A_exact_gp_district_samiti,Bharni,Tonk,Tonk,True,,,,,,,,,,,,False,1_original_gp_lgd_history_match,never,0.0,0.0,0.0,OBC,GEN
291655.0,25.5563624844,76.2953160465,R,RAJASTHAN,Kota,NFHS4,Amalda,8,127,665,101765,40191.0,Genta,4,False,True,False,"{""40191"": 1.0}",True,40191,True,Amalda,Kota,Pipalda,40191,Genta,True,40191,True,False,3_gp_no_reservation_history,40191,Genta,Kota,Pipalda,genta,kota,pipalda,Genta,genta,kota,kota,,,,,,,,,,,,False,False,False,,,,,,,,,,,False,,,,,,,,,,,,False,0_unmatched,,,,,,
291656.0,26.4819311873,75.3078526763,R,RAJASTHAN,Tonk,NFHS4,Pachewar,8,120,615,92506,42065.0,Pachewar,6,False,True,False,"{""42065"": 1.0}",True,42065,True,Pachewar,Tonk,Malpura,42065,Pachewar,True,42065,True,False,3_gp_no_reservation_history,42065,Pachewar,Tonk,Malpura,pachewar,tonk,malpura,Pachewar,pachewar,tonk,tonk,,,,,,,,,,,,False,False,False,,,,,,,,,,,False,,,,,,,,,,,,False,0_unmatched,,,,,,
291657.0,27.9421210026,76.2659874452,R,RAJASTHAN,Alwar,NFHS4,Sorwa,8,104,493,71889,33924.0,Ramsinghpura,15,False,True,False,"{""33924"": 1.0}",True,33924,True,Sorwa,Kotputli-Behror,Behror,33924,Ramsinghpura,True,33924,True,False,3_gp_no_reservation_history,33924,Ramsinghpura,Kotputli-Behror,Behror,ramsinghpura,kotputlibehror,behror,Ramsinghpura,ramsinghpura,alwar,jaipur,ramsinghpura,alwar,1.0,1.0,behror,1.0,never,0.0,never,0.0,0.0,True,True,True,,,,,,,,,,,False,,,,,,,,,,,,False,2_direct_gpname_dhsdistrict_match,never,0.0,0.0,0.0,,
291658.0,25.3559650533,74.8164697017,R,RAJASTHAN,Bhilwara,NFHS4,Lasariya,8,122,635,95738,35771.0,Lasadiya,10,False,True,False,"{""35771"": 1.0}",True,35771,True,Lasadiya,Shahpura,Kotri,35771,Lasadiya,True,35771,True,False,3_gp_no_reservation_history,35771,Lasadiya,Shahpura,Kotri,lasadiya,shahpura,kotri,Lasadiya,lasadiya,bhilwara,bhilwara,,,,,,,,,,,,False,False,False,,,,,,,,,,,False,never,0.0,0.0,0.0,GEN,GEN,1.0,1.0,high_confidence_gp_and_exact_samiti,lasadiya,KOTRI,True,3_fuzzy_gpname_exact_or_close_samiti_match,never,0.0,0.0,0.0,GEN,GEN
291659.0,24.6839637616,74.1854424447,R,RAJASTHAN,Chittaurgarh,NFHS4,Balla Ki Bhagal,8,126,660,101034,36536.0,Kanar Khera,6,False,True,False,"{""36536"": 1.0}",True,36536,True,Balla Ki Bhagal,Chittorgarh,Bhupalsagar,36536,Kanar Khera,True,36536,True,False,3_gp_no_reservation_history,36536,Kanar Khera,Chittorgarh,Bhupalsagar,kanarkhera,chittorgarh,bhupalsagar,Kanar Khera,kanarkhera,chittorgarh,chittorgarh,,,,,,,,,,,,False,False,False,,,,,,,,,,,False,,,,,,,,,,,,False,0_unmatched,,,,,,
291661.0,27.6861033675,74.0744014302,R,RAJASTHAN,Churu,NFHS4,Ten Desar,8,102,486,70682,37003.0,Ten Desar,6,False,True,False,"{""37003"": 1.0}",True,37003,True,Ten Desar,Churu,Bidasar,37003,Ten Desar,True,37003,True,False,3_gp_no_reservation_history,37003,Ten Desar,Churu,Bidasar,tendesar,churu,bidasar,Ten Desar,tendesar,churu,churu,,,,,,,,,,,,False,False,False,,,,,,,,,,,False,,,,,,,,,,,,False,0_unmatched,,,,,,
291662.0,24.6734536126,72.620459877,R,RAJASTHAN,Sirohi,NFHS4,Poseetara,8,117,596,90251,41933.0,Poseetara,9,False,True,False,"{""41933"": 1.0}",True,41933,True,Poseetara,Sirohi,Reodar,41933,Poseetara,True,41933,True,False,3_gp_no_reservation_history,41933,Poseetara,Sirohi,Reodar,poseetara,sirohi,reodar,Poseetara,poseetara,sirohi,sirohi,,,,,,,,,,,,False,False,False,,,,,,,,,,,False,,,,,,,,,,,,False,0_unmatched,,,,,,
291663.0,27.1259391906,74.2288403739,R,RAJASTHAN,Nagaur,NFHS4,Bhiniyad Chak-2 (B),8,112,559,82748,,,5,False,True,False,{},True,,False,Bhiniyad Chak-2(B),Nagaur,Jayal,40444,Chhajoli,True,40444,True,False,3_gp_no_reservation_history,40444,Chhajoli,Nagaur,Jayal,chhajoli,nagaur,jayal,Chhajoli,chhajoli,nagaur,nagaur,,,,,,,,,,,,False,False,False,,,,,,,,,,,False,once,1.0,1.0,0.0,GEN W,GEN,0.9411764705882353,1.0,high_confidence_gp_and_exact_samiti,chhanjoli,JAYAL,True,3_fuzzy_gpname_exact_or_close_samiti_match,once,1.0,1.0,0.0,GEN W,GEN
291664.0,25.9028858712,75.8477530266,R,RAJASTHAN,Tonk,NFHS4,Vijai Nagar,8,120,621,93558,42224.0,Ranipura,9,False,True,False,"{""42224"": 1.0}",True,42224,True,Vijai Nagar,Tonk,Nagarfort,42224,Ranipura,True,42224,True,True,4_full_coverage,42224,Ranipura,Tonk,Nagarfort,ranipura,tonk,nagarfort,Ranipura,ranipura,tonk,tonk,ranipura,tonk,1.0,1.0,uniara,1.0,twice,2.0,twice,1.0,1.0,True,True,False,1.0,1.0,GEN W,STW,2.0,twice,B_exact_gp_district,Ranipura,Tonk,Nagarfort,True,,,,,,,,,,,,False,1_original_gp_lgd_history_match,twice,2.0,1.0,1.0,GEN W,STW
291665.0,23.6217454411,73.9390202142,R,RAJASTHAN,Dungarpur,NFHS4,Vasela,8,124,648,98089,,,15,False,True,False,{},True,,False,Vasela,Dungarpur,Obri,37548,Daiyana,True,37548,True,False,3_gp_no_reservation_history,37548,Daiyana,Dungarpur,Obri,daiyana,dungarpur,obri,Daiyana,daiyana,dungarpur,dungarpur,,,,,,,,,,,,False,False,False,,,,,,,,,,,False,,,,,,,,,,,,False,0_unmatched,,,,,,
291666.0,25.6361310731,74.1012339531,R,RAJASTHAN,Rajsamand,NFHS4,Kharniya,8,123,640,96552,41171.0,Kakrod,4,False,True,False,"{""41171"": 1.0}",True,41171,True,Kharniya,Rajsamand,Deogarh,41171,Kakrod,True,41171,True,True,4_full_coverage,41171,Kakrod,Rajsamand,Deogarh,kakrod,rajsamand,deogarh,Kakrod,kakrod,rajsamand,rajsamand,kakrod,rajsamand,1.0,1.0,deogarh,1.0,never,0.0,never,0.0,0.0,True,True,False,0.0,0.0,OBC,GEN,0.0,never,A_exact_gp_district_samiti,Kakrod,Rajsamand,Deogarh,True,,,,,,,,,,,,False,1_original_gp_lgd_history_match,never,0.0,0.0,0.0,OBC,GEN
291667.0,25.8184411699,71.2450488806,R,RAJASTHAN,Barmer,NFHS4,Dhanora,8,115,582,88238,295345.0,Gudisar,7,False,True,False,"{""295345"": 1.0}",True,295345,True,Dhanora,Barmer,Barmer,295345,Gudisar,True,295345,True,False,3_gp_no_reservation_history,295345,Gudisar,Barmer,Barmer,gudisar,barmer,barmer,Gudisar,gudisar,barmer,barmer,,,,,,,,,,,,False,False,False,,,,,,,,,,,False,,,,,,,,,,,,False,0_unmatched,,,,,,
291669.0,25.7635589219,75.5287744898,R,RAJASTHAN,Tonk,NFHS4,Chandli,8,120,620,93342,42005.0,Chandali,8,False,True,False,"{""42005"": 1.0}",True,42005,True,Chandli,Tonk,Deoli,42005,Chandali,True,42005,True,False,3_gp_no_reservation_history,42005,Chandali,Tonk,Deoli,chandali,tonk,deoli,Chandali,chandali,tonk,tonk,,,,,,,,,,,,False,False,False,,,,,,,,,,,False,twice,2.0,1.0,1.0,GEN W,STW,0.9333333333333333,1.0,high_confidence_gp_and_exact_samiti,chandli,DEOLI,True,3_fuzzy_gpname_exact_or_close_samiti_match,twice,2.0,1.0,1.0,GEN W,STW
291671.0,27.3757311317,76.0310977101,R,RAJASTHAN,Jaipur,NFHS4,Lobrawas,8,110,540,79326,38644.0,Dewan,13,False,True,False,"{""38644"": 1.0}",True,38644,True,Lobrawas,Jaipur (Gramin),Shahpura,38644,Dewan,True,38644,True,False,3_gp_no_reservation_history,38644,Dewan,Jaipur (Gramin),Shahpura,dewan,jaipurgramin,shahpura,Dewan,dewan,jaipur,jaipur,,,,,,,,,,,,False,False,False,,,,,,,,,,,False,,,,,,,,,,,,False,0_unmatched,,,,,,
291672.0,28.5185944117,74.4390738158,R,RAJASTHAN,Churu,NFHS4,Bhojrasar,8,102,483,70365,294609.0,Bhojrasar,5,False,True,False,"{""294609"": 1.0}",True,294609,True,Bhojrasar,Churu,Sardarshahar,294609,Bhojrasar,True,294609,True,False,3_gp_no_reservation_history,294609,Bhojrasar,Churu,Sardarshahar,bhojrasar,churu,sardarshahar,Bhojrasar,bhojrasar,churu,churu,,,,,,,,,,,,False,False,False,,,,,,,,,,,False,,,,,,,,,,,,False,0_unmatched,,,,,,
291673.0,24.4286619659,76.4790157991,R,RAJASTHAN,Jhalawar,NFHS4,Ratanpura,8,129,680,104406,39259.0,Mishroli,8,False,True,False,"{""39259"": 1.0}",True,39259,True,Ratanpura,Jhalawar,Aklera,39259,Mishroli,True,39259,True,False,3_gp_no_reservation_history,39259,Mishroli,Jhalawar,Aklera,mishroli,jhalawar,aklera,Mishroli,mishroli,jhalawar,jhalawar,mishroli,jhalawar,2.0,2.0,jhalrapatan | manoharthana,1.0,once,1.0,once,0.0,1.0,True,True,True,,,,,,,,,,,False,,,,,,,,,,,,False,2_direct_gpname_dhsdistrict_match,once,1.0,0.0,1.0,,
291676.0,24.7012558046,76.4267656501,R,RAJASTHAN,Jhalawar,NFHS4,Piplaj,8,129,678,103909,39227.0,Piplaj,8,False,True,False,"{""39227"": 1.0}",True,39227,True,Piplaj,Jhalawar,Khanpur,39227,Piplaj,True,39227,True,True,4_full_coverage,39227,Piplaj,Jhalawar,Khanpur,piplaj,jhalawar,khanpur,Piplaj,piplaj,jhalawar,jhalawar,piplaj,jhalawar,1.0,1.0,khanpur,1.0,once,1.0,once,1.0,0.0,True,True,False,1.0,0.0,GEN W,GEN,1.0,once,A_exact_gp_district_samiti,Piplaj,Jhalawar,Khanpur,True,,,,,,,,,,,,False,1_original_gp_lgd_history_match,once,1.0,1.0,0.0,GEN W,GEN
291677.0,24.476648703,76.3403606416,R,RAJASTHAN,Jhalawar,NFHS4,Kherla,8,129,679,104172,39174.0,Kherla,9,False,True,False,"{""39174"": 1.0}",True,39174,True,Kherla,Jhalawar,Asnawar,39174,Kherla,True,39174,True,False,3_gp_no_reservation_history,39174,Kherla,Jhalawar,Asnawar,kherla,jhalawar,asnawar,Kherla,kherla,jhalawar,jhalawar,,,,,,,,,,,,False,False,False,,,,,,,,,,,False,,,,,,,,,,,,False,0_unmatched,,,,,,
291678.0,26.0219008563,70.9989599636,R,RAJASTHAN,Barmer,NFHS4,Bhibhara,8,115,577,86743,295413.0,Laxmipura,3,False,True,False,"{""295413"": 1.0}",True,295413,True,Bhimda,Barmer,Sheo,295413,Laxmipura,True,295413,True,False,3_gp_no_reservation_history,295413,Laxmipura,Barmer,Sheo,laxmipura,barmer,sheo,Laxmipura,laxmipura,barmer,barmer,,,,,,,,,,,,False,False,False,,,,,,,,,,,False,,,,,,,,,,,,False,0_unmatched,,,,,,
291679.0,26.372255152,76.385921593,R,RAJASTHAN,Sawai Madhopur,NFHS4,Jastana,8,108,529,77486,41375.0,Jastana,9,False,True,False,"{""41375"": 1.0}",True,41375,True,Jastana,Sawai Madhopur,Bonli,41375,Jastana,True,41375,True,True,4_full_coverage,41375,Jastana,Sawai Madhopur,Bonli,jastana,sawaimadhopur,bonli,Jastana,jastana,sawaimadhopur,sawaimadhopur,jastana,sawaimadhopur,1.0,1.0,bonli,1.0,twice,2.0,twice,1.0,1.0,True,True,False,1.0,1.0,SC W,STW,2.0,twice,A_exact_gp_district_samiti,Jastana,Sawai Madhopur,Bonli,True,,,,,,,,,,,,False,1_original_gp_lgd_history_match,twice,2.0,1.0,1.0,SC W,STW
291680.0,23.8489675177,74.0822022973,R,RAJASTHAN,Dungarpur,NFHS4,Bamniyawada,8,124,647,97843,,,15,False,True,False,{},True,,False,Bamniyawada,Dungarpur,Sabla,37433,Maal,True,37433,True,False,3_gp_no_reservation_history,37433,Maal,Dungarpur,Sabla,maal,dungarpur,sabla,Maal,maal,dungarpur,dungarpur,,,,,,,,,,,,False,False,False,,,,,,,,,,,False,,,,,,,,,,,,False,0_unmatched,,,,,,
291681.0,23.7811761132,74.0799793927,R,RAJASTHAN,Dungarpur,NFHS4,Saroda,8,124,648,97976,37578.0,Saroda,15,False,True,False,"{""37578"": 1.0}",True,37578,True,Saroda,Dungarpur,Sagwara,37578,Saroda,True,37578,True,False,3_gp_no_reservation_history,37578,Saroda,Dungarpur,Obri,saroda,dungarpur,obri,Saroda,saroda,dungarpur,dungarpur,,,,,,,,,,,,False,False,False,,,,,,,,,,,False,,,,,,,,,,,,False,0_unmatched,,,,,,
291682.0,27.1701342141,71.9384218233,R,RAJASTHAN,Jaisalmer,NFHS4,Sadan,8,114,575,86264,38827.0,Sada,2,False,True,False,"{""38827"": 1.0}",True,38827,True,Sadan,Jaisalmer,Pokaran,38827,Sada,True,38827,True,True,4_full_coverage,38827,Sada,Jaisalmer,Pokaran,sada,jaisalmer,pokaran,Sada,sada,jaisalmer,jaisalmer,sada,jaisalmer,2.0,1.0,sankra,1.0,once,1.0,once,0.0,1.0,True,True,False,0.0,1.0,SC,OBCW,1.0,once,B_exact_gp_district,Sada,Jaisalmer,Pokaran,True,,,,,,,,,,,,False,1_original_gp_lgd_history_match,once,1.0,0.0,1.0,SC,OBCW
291683.0,25.2658811791,75.8592815054,R,RAJASTHAN,Bundi,NFHS4,Meharana,8,121,626,94486,36386.0,Seenta,12,False,True,False,"{""36386"": 1.0}",True,36386,True,Meharana,Bundi,Talera,36386,Seenta,True,36386,True,True,4_full_coverage,36386,Seenta,Bundi,Talera,seenta,bundi,talera,Seenta,seenta,bundi,bundi,seenta,bundi,1.0,1.0,talera,1.0,never,0.0,never,0.0,0.0,True,True,False,0.0,0.0,GEN,GEN,0.0,never,A_exact_gp_district_samiti,Seenta,Bundi,Talera,True,,,,,,,,,,,,False,1_original_gp_lgd_history_match,never,0.0,0.0,0.0,GEN,GEN
291685.0,23.554921782,73.9865698477,R,RAJASTHAN,Dungarpur,NFHS4,Gara Jasrajpur,8,124,648,98143,37608.0,Gada Jasrajpur,17,False,True,False,"{""37608"": 1.0}",True,37608,True,Gara Jasrajpur,Dungarpur,Galiyakot,37608,Gada Jasrajpur,True,37608,True,True,4_full_coverage,37608,Gada Jasrajpur,Dungarpur,Galiyakot,gadajasrajpur,dungarpur,galiyakot,Gada Jasrajpur,gadajasrajpur,dungarpur,dungarpur,gadajasrajpur,dungarpur,1.0,1.0,simalwara,1.0,once,1.0,once,0.0,1.0,True,True,False,0.0,1.0,ST,STW,1.0,once,B_exact_gp_district,Gada Jasrajpur,Dungarpur,Galiyakot,True,,,,,,,,,,,,False,1_original_gp_lgd_history_match,once,1.0,0.0,1.0,ST,STW
291687.0,24.9470273233,71.6238095664,R,RAJASTHAN,Jalor,NFHS4,Madaniyon Ki Dhani,8,116,590,89570,,,8,False,True,False,{},True,,False,Madaniyon Ki Dhani,Sanchore,Chitalwana,246060,Keriya,True,246060,True,False,3_gp_no_reservation_history,246060,Keriya,Sanchore,Chitalwana,keriya,sanchore,chitalwana,Keriya,keriya,jalore,jalore,,,,,,,,,,,,False,False,False,,,,,,,,,,,False,,,,,,,,,,,,False,0_unmatched,,,,,,
291688.0,27.3289077489,77.281683207,R,RAJASTHAN,Bharatpur,NFHS4,Pichoomar,8,105,510,74567,35398.0,Pichoomar,11,False,True,False,"{""35398"": 1.0}",True,35398,True,Pichoomar,Deeg,Kumher,35398,Pichoomar,True,35398,True,False,3_gp_no_reservation_history,35398,Pichoomar,Deeg,Kumher,pichoomar,deeg,kumher,Pichoomar,pichoomar,bharatpur,bharatpur,,,,,,,,,,,,False,False,False,,,,,,,,,,,False,,,,,,,,,,,,False,0_unmatched,,,,,,
291689.0,23.1853775671,74.4603959412,R,RAJASTHAN,Banswara,NFHS4,Pati,8,125,654,99786,34578.0,Kushalapara,15,False,True,False,"{""34578"": 1.0}",True,34578,True,Pati,Banswara,Kushalgarh,34578,Kushalapara,True,34578,True,False,3_gp_no_reservation_history,34578,Kushalapara,Banswara,Kushalgarh,kushalapara,banswara,kushalgarh,Kushalapara,kushalapara,banswara,banswara,,,,,,,,,,,,False,False,False,,,,,,,,,,,False,,,,,,,,,,,,False,0_unmatched,,,,,,
291691.0,25.236877176,74.2281252679,R,RAJASTHAN,Bhilwara,NFHS4,Delana  (Rural),8,122,633,95455,35901.0,Delana,10,False,True,False,"{""35901"": 1.0}",True,35901,True,Delana (Rural),Bhilwara,Sahara,35901,Delana,True,35901,True,True,4_full_coverage,35901,Delana,Bhilwara,Sahara,delana,bhilwara,sahara,Delana,delana,bhilwara,bhilwara,delana,bhilwara,1.0,1.0,sahara,1.0,once,1.0,once,1.0,0.0,True,True,False,1.0,0.0,SC W,GEN,1.0,once,A_exact_gp_district_samiti,Delana,Bhilwara,Sahara,True,,,,,,,,,,,,False,1_original_gp_lgd_history_match,once,1.0,1.0,0.0,SC W,GEN
291692.0,24.5336263159,74.0835664937,R,RAJASTHAN,Udaipur,NFHS4,Beripura,8,130,690,106827,42267.0,Bhopa Kheda,15,False,True,False,"{""42267"": 1.0}",True,42267,True,Beripura,Udaipur,Bhinder,42267,Bhopa Kheda,True,42267,True,False,3_gp_no_reservation_history,42267,Bhopa Kheda,Udaipur,Bhinder,bhopakheda,udaipur,bhinder,Bhopa Kheda,bhopakheda,udaipur,udaipur,,,,,,,,,,,,False,False,False,,,,,,,,,,,False,once,1.0,1.0,0.0,OBC W,GEN,0.9,0.8571428571428571,high_confidence_gp_and_close_samiti,bhopa khera,BHINDAR,True,3_fuzzy_gpname_exact_or_close_samiti_match,once,1.0,1.0,0.0,OBC W,GEN
291693.0,24.7959691495,74.3270632514,R,RAJASTHAN,Chittaurgarh,NFHS4,Jawanpura,8,126,660,101007,36676.0,Uchnar Khurd,12,False,True,False,"{""36676"": 1.0}",True,36676,True,Jawanpura,Chittorgarh,Kapasan,36676,Uchnar Khurd,True,36676,True,False,3_gp_no_reservation_history,36676,Uchnar Khurd,Chittorgarh,Bhupalsagar,uchnarkhurd,chittorgarh,bhupalsagar,Uchnar Khurd,uchnarkhurd,chittorgarh,chittorgarh,,,,,,,,,,,,False,False,False,,,,,,,,,,,False,,,,,,,,,,,,False,0_unmatched,,,,,,
291694.0,27.2000733746,72.972307115,R,RAJASTHAN,Jodhpur,NFHS4,Nokhra Godara,8,113,567,84302,39661.0,Nokhra Bhatiyan,9,False,True,False,"{""39661"": 1.0}",True,39661,True,Nokhra Godara,Phalodi,Phalodi,39661,Nokhra Bhatiyan,True,39661,True,False,3_gp_no_reservation_history,39661,Nokhra Bhatiyan,Phalodi,Phalodi,nokhrabhatiyan,phalodi,phalodi,Nokhra Bhatiyan,nokhrabhatiyan,jodhpur,jodhpur,,,,,,,,,,,,False,False,False,,,,,,,,,,,False,,,,,,,,,,,,False,0_unmatched,,,,,,
291695.0,29.7053111715,74.2517975658,R,RAJASTHAN,Hanumangarh,NFHS4,6 KKW,8,100,468,67618,294703.0,6-8 Llw,6,False,True,False,"{""294703"": 1.0}",True,294703,True,6 Kkw,Hanumangarh,Hanumangarh,294703,6-8 Llw,True,294703,True,False,3_gp_no_reservation_history,294703,6-8 Llw,Hanumangarh,Hanumangarh,68llw,hanumangarh,hanumangarh,6-8 Llw,68llw,hanumangarh,hanumangarh,,,,,,,,,,,,False,False,False,,,,,,,,,,,False,,,,,,,,,,,,False,0_unmatched,,,,,,
291696.0,24.4441989364,75.9469401806,R,RAJASTHAN,Jhalawar,NFHS4,Anwali Khurd,8,129,682,104867,39150.0,Anwali Kalan,7,False,True,False,"{""39150"": 1.0}",True,39150,True,Anwali Khurd,Jhalawar,Pachpahar,39150,Anwali Kalan,True,39150,True,False,3_gp_no_reservation_history,39150,Anwali Kalan,Jhalawar,Pachpahar,anwalikalan,jhalawar,pachpahar,Anwali Kalan,anwalikalan,jhalawar,jhalawar,,,,,,,,,,,,False,False,False,,,,,,,,,,,False,,,,,,,,,,,,False,0_unmatched,,,,,,
291697.0,25.1915027885,72.5505435849,R,RAJASTHAN,Jalor,NFHS4,Santhoo,8,116,587,89306,38932.0,Santhu,9,False,True,False,"{""38932"": 1.0}",True,38932,True,Santhoo,Jalore,Jalore,38932,Santhu,True,38932,True,True,4_full_coverage,38932,Santhu,Jalore,Jalore,santhu,jalore,jalore,Santhu,santhu,jalore,jalore,santhu,jalore,1.0,1.0,jalore,1.0,twice,2.0,twice,1.0,1.0,True,True,False,1.0,1.0,GEN W,SCW,2.0,twice,A_exact_gp_district_samiti,Santhu,Jalore,Jalore,True,,,,,,,,,,,,False,1_original_gp_lgd_history_match,twice,2.0,1.0,1.0,GEN W,SCW
291698.0,25.8467108802,75.289377664,R,RAJASTHAN,Ajmer,NFHS4,Bajta,8,119,614,92458,33689.0,Bajta,6,False,True,False,"{""33689"": 1.0}",True,33689,True,Bajta,Kekri,Sawar,33689,Bajta,True,33689,True,True,4_full_coverage,33689,Bajta,Kekri,Sawar,bajta,kekri,sawar,Bajta,bajta,ajmer,ajmer,bajta,ajmer,1.0,1.0,kekri,1.0,never,0.0,never,0.0,0.0,True,True,False,0.0,0.0,GEN,SC,0.0,never,C_unique_gp_name_statewide,Bajta,Kekri,Sawar,True,,,,,,,,,,,,False,1_original_gp_lgd_history_match,never,0.0,0.0,0.0,GEN,SC
291700.0,26.0454902071,73.044951494,R,RAJASTHAN,Jodhpur,NFHS4,Shikarpura,8,113,572,85668,39788.0,Shikarpura,5,False,True,False,"{""39788"": 1.0}",True,39788,True,Shikarpura,Jodhpur (Gramin),Luni,39788,Shikarpura,True,39788,True,True,4_full_coverage,39788,Shikarpura,Jodhpur (Gramin),Luni,shikarpura,jodhpurgramin,luni,Shikarpura,shikarpura,jodhpur,jodhpur,shikarpura,jodhpur,1.0,1.0,luni,1.0,once,1.0,once,0.0,1.0,True,True,False,0.0,1.0,GEN,GENW,1.0,once,C_unique_gp_name_statewide,Shikarpura,Jodhpur (Gramin),Luni,True,,,,,,,,,,,,False,1_original_gp_lgd_history_match,once,1.0,0.0,1.0,GEN,GENW
291701.0,24.7310376178,74.7109852981,R,RAJASTHAN,Chittaurgarh,NFHS4,Sarthal,8,126,663,101347,36711.0,Tai,12,False,True,False,"{""36711"": 1.0}",True,36711,True,Sarthal,Chittorgarh,Nimbahera,36711,Tai,True,36711,True,True,4_full_coverage,36711,Tai,Chittorgarh,Nimbahera,tai,chittorgarh,nimbahera,Tai,tai,chittorgarh,chittorgarh,tai,chittorgarh,2.0,1.0,nimbahera,1.0,once,1.0,once,0.0,1.0,True,True,False,0.0,1.0,OBC,OBCW,1.0,once,A_exact_gp_district_samiti,Tai,Chittorgarh,Nimbahera,True,,,,,,,,,,,,False,1_original_gp_lgd_history_match,once,1.0,0.0,1.0,OBC,OBCW
291703.0,23.4432075476,73.9695621962,R,RAJASTHAN,Dungarpur,NFHS4,Jasela,8,124,648,98167,37614.0,Jesala,11,False,True,False,"{""37614"": 1.0}",True,37614,True,Jasela,Dungarpur,Galiyakot,37614,Jesala,True,37614,True,False,3_gp_no_reservation_history,37614,Jesala,Dungarpur,Galiyakot,jesala,dungarpur,galiyakot,Jesala,jesala,dungarpur,dungarpur,,,,,,,,,,,,False,False,False,,,,,,,,,,,False,,,,,,,,,,,,False,0_unmatched,,,,,,
291705.0,27.0047355039,70.9646569855,R,RAJASTHAN,Jaisalmer,NFHS4,Jethwai,8,114,574,86085,38710.0,Baramsar With Baisakhi,4,False,True,False,"{""38710"": 1.0}",True,38710,True,Jethwai,Jaisalmer,Jaisalmer,38710,Baramsar With Baisakhi,True,38710,True,False,3_gp_no_reservation_history,38710,Baramsar With Baisakhi,Jaisalmer,Jaisalmer,baramsarwithbaisakhi,jaisalmer,jaisalmer,Baramsar With Baisakhi,baramsarwithbaisakhi,jaisalmer,jaisalmer,,,,,,,,,,,,False,False,False,,,,,,,,,,,False,,,,,,,,,,,,False,0_unmatched,,,,,,
291706.0,27.1106568363,72.1908959811,R,RAJASTHAN,Jodhpur,NFHS4,Begti Khurd,8,113,567,84211,262569.0,Beingti Khurd,4,False,True,False,"{""262569"": 1.0}",True,262569,True,Begti Khurd,Phalodi,Phalodi,262569,Beingti Khurd,True,262569,True,False,3_gp_no_reservation_history,262569,Beingti Khurd,Phalodi,Phalodi,beingtikhurd,phalodi,phalodi,Beingti Khurd,beingtikhurd,jodhpur,jodhpur,,,,,,,,,,,,False,False,False,,,,,,,,,,,False,,,,,,,,,,,,False,0_unmatched,,,,,,
291708.0,24.1740051991,74.8276188842,R,RAJASTHAN,Pratapgarh,NFHS4,Rathajana,8,131,699,108512,36755.0,Rathajana,15,False,True,False,"{""36755"": 1.0}",True,36755,True,Rathajana,Pratapgarh,Pratapgarh,36755,Rathajana,True,36755,True,False,3_gp_no_reservation_history,36755,Rathajana,Pratapgarh,Pratapgarh,rathajana,pratapgarh,pratapgarh,Rathajana,rathajana,pratapgarh,pratapgarh,,,,,,,,,,,,False,False,False,,,,,,,,,,,False,twice,2.0,1.0,1.0,ST W,STW,0.9473684210526315,1.0,high_confidence_gp_and_exact_samiti,rathanjana,PRATAPGARH,True,3_fuzzy_gpname_exact_or_close_samiti_match,twice,2.0,1.0,1.0,ST W,STW
291709.0,26.0808323575,74.6510735444,R,RAJASTHAN,Ajmer,NFHS4,Padanga,8,119,612,92200,33642.0,Padanga,9,False,True,False,"{""33642"": 1.0}",True,33642,True,Padanga,Kekri,Bhinay,33642,Padanga,True,33642,True,True,4_full_coverage,33642,Padanga,Kekri,Bhinay,padanga,kekri,bhinay,Padanga,padanga,ajmer,ajmer,padanga,ajmer,1.0,1.0,bhinay,1.0,once,1.0,once,0.0,1.0,True,True,False,0.0,1.0,GEN,SCW,1.0,once,C_unique_gp_name_statewide,Padanga,Kekri,Bhinay,True,,,,,,,,,,,,False,1_original_gp_lgd_history_match,once,1.0,0.0,1.0,GEN,SCW
291710.0,27.4187177787,76.6247667964,R,RAJASTHAN,Alwar,NFHS4,Kalsara,8,104,499,72866,34316.0,Kalsara,16,False,True,False,"{""34316"": 1.0}",True,34316,True,Kalsara,Alwar,Malakhera,34316,Kalsara,True,34316,True,False,3_gp_no_reservation_history,34316,Kalsara,Alwar,Malakhera,kalsara,alwar,malakhera,Kalsara,kalsara,alwar,alwar,,,,,,,,,,,,False,False,False,,,,,,,,,,,False,,,,,,,,,,,,False,0_unmatched,,,,,,
291711.0,23.5753752874,74.3659732667,R,RAJASTHAN,Banswara,NFHS4,Ghalkiya,8,125,652,98891,34419.0,Ghalkiya,17,False,True,False,"{""34419"": 1.0}",True,34419,True,Ghalkiya,Banswara,Banswara,34419,Ghalkiya,True,34419,True,False,3_gp_no_reservation_history,34419,Ghalkiya,Banswara,Banswara,ghalkiya,banswara,banswara,Ghalkiya,ghalkiya,banswara,banswara,,,,,,,,,,,,False,False,False,,,,,,,,,,,False,,,,,,,,,,,,False,0_unmatched,,,,,,
291712.0,26.2879086291,74.5128307013,R,RAJASTHAN,Ajmer,NFHS4,Mangaliyawas,8,119,608,91698,33810.0,Mangaliyawas,10,False,True,False,"{""33810"": 1.0}",True,33810,True,Mangaliyawas,Ajmer,Peesangan,33810,Mangaliyawas,True,33810,True,False,3_gp_no_reservation_history,33810,Mangaliyawas,Ajmer,Peesangan,mangaliyawas,ajmer,peesangan,Mangaliyawas,mangaliyawas,ajmer,ajmer,,,,,,,,,,,,False,False,False,,,,,,,,,,,False,never,0.0,0.0,0.0,GEN,OBC,0.9565217391304348,1.0,high_confidence_gp_and_exact_samiti,mangliyawas,PEESANGAN,True,3_fuzzy_gpname_exact_or_close_samiti_match,never,0.0,0.0,0.0,GEN,OBC
291713.0,24.3633268359,74.0286782461,R,RAJASTHAN,Udaipur,NFHS4,Gurel,8,130,692,107101,42653.0,Gudel,13,False,True,False,"{""42653"": 1.0}",True,42653,True,Gurel,Salumbar,Salumbar,42653,Gudel,True,42653,True,False,3_gp_no_reservation_history,42653,Gudel,Salumbar,Salumbar,gudel,salumbar,salumbar,Gudel,gudel,udaipur,udaipur,,,,,,,,,,,,False,False,False,,,,,,,,,,,False,once,1.0,0.0,1.0,ST,STW,1.0,1.0,high_confidence_gp_and_exact_samiti,gudel,SALUMBAR,True,3_fuzzy_gpname_exact_or_close_samiti_match,once,1.0,0.0,1.0,ST,STW
291714.0,25.1144727487,75.0402279833,R,RAJASTHAN,Chittaurgarh,NFHS4,Amartiya,8,126,657,100251,36462.0,Kheri,6,False,True,False,"{""36462"": 1.0}",True,36462,True,Amartiya,Chittorgarh,Begun,36462,Kheri,True,36462,True,False,3_gp_no_reservation_history,36462,Kheri,Chittorgarh,Begun,kheri,chittorgarh,begun,Kheri,kheri,chittorgarh,chittorgarh,,,,,,,,,,,,False,False,False,,,,,,,,,,,False,,,,,,,,,,,,False,0_unmatched,,,,,,
291715.0,29.8750529863,73.4786020895,R,RAJASTHAN,Ganganagar,NFHS4,14 O,8,99,457,64175,37779.0,15 O,10,False,True,False,"{""37779"": 1.0}",True,37779,True,14 O,Ganganagar,Karanpur,37779,15 O,True,37779,True,False,3_gp_no_reservation_history,37779,15 O,Ganganagar,Karanpur,15o,ganganagar,karanpur,15 O,15o,ganganagar,ganganagar,,,,,,,,,,,,False,False,False,,,,,,,,,,,False,twice,2.0,1.0,1.0,SC W,GENW,1.0,1.0,high_confidence_gp_and_exact_samiti,15 o,KARANPUR,True,3_fuzzy_gpname_exact_or_close_samiti_match,twice,2.0,1.0,1.0,SC W,GENW
291717.0,25.8448389558,73.4477452236,R,RAJASTHAN,Pali,NFHS4,Kanawas,8,118,599,90638,41087.0,Surayta,5,False,True,False,"{""41087"": 1.0}",True,41087,True,Kanawas,Pali,Sojat,41087,Surayta,True,41087,True,False,3_gp_no_reservation_history,41087,Surayta,Pali,Sojat,surayta,pali,sojat,Surayta,surayta,pali,pali,,,,,,,,,,,,False,False,False,,,,,,,,,,,False,once,1.0,0.0,1.0,SC,GENW,0.9333333333333333,1.0,high_confidence_gp_and_exact_samiti,surayata,SOJAT,True,3_fuzzy_gpname_exact_or_close_samiti_match,once,1.0,0.0,1.0,SC,GENW
291719.0,25.6064355308,76.4388744714,R,RAJASTHAN,Kota,NFHS4,Deopura,8,127,665,101789,40197.0,Karwad,10,False,True,False,"{""40197"": 1.0}",True,40197,True,Deopura,Kota,Pipalda,40197,Karwad,True,40197,True,False,3_gp_no_reservation_history,40197,Karwad,Kota,Pipalda,karwad,kota,pipalda,Karwad,karwad,kota,kota,,,,,,,,,,,,False,False,False,,,,,,,,,,,False,,,,,,,,,,,,False,0_unmatched,,,,,,
291722.0,27.2241224988,74.5203533271,R,RAJASTHAN,Nagaur,NFHS4,Dhigariya,8,112,558,82607,40409.0,Khojash,10,False,True,False,"{""40409"": 1.0}",True,40409,True,Dhigariya,Didwana-Kuchaman,Didwana,40409,Khojash,True,40409,True,False,3_gp_no_reservation_history,40409,Khojash,Didwana-Kuchaman,Didwana,khojash,didwanakuchaman,didwana,Khojash,khojash,nagaur,nagaur,,,,,,,,,,,,False,False,False,,,,,,,,,,,False,once,1.0,0.0,1.0,GEN,GENW,0.9230769230769231,1.0,high_confidence_gp_and_exact_samiti,khojas,DIDWANA,True,3_fuzzy_gpname_exact_or_close_samiti_match,once,1.0,0.0,1.0,GEN,GENW
291726.0,26.9624755111,74.6029144414,R,RAJASTHAN,Nagaur,NFHS4,Laroli,8,112,565,83713,40597.0,Nimbadi,8,False,True,False,"{""40597"": 1.0}",True,40597,True,Laroli,Didwana-Kuchaman,Makrana,40597,Nimbadi,True,40597,True,True,4_full_coverage,40597,Nimbadi,Didwana-Kuchaman,Makrana,nimbadi,didwanakuchaman,makrana,Nimbadi,nimbadi,nagaur,nagaur,nimbadi,nagaur,1.0,1.0,makrana,1.0,twice,2.0,twice,1.0,1.0,True,True,False,1.0,1.0,SC W,GENW,2.0,twice,C_unique_gp_name_statewide,Nimbadi,Didwana-Kuchaman,Makrana,True,,,,,,,,,,,,False,1_original_gp_lgd_history_match,twice,2.0,1.0,1.0,SC W,GENW
291727.0,26.8666021001,72.0171305908,R,RAJASTHAN,Jaisalmer,NFHS4,Rayad,8,114,575,86297,38812.0,Lawan,3,False,True,False,"{""38812"": 1.0}",True,38812,True,Rayad,Jaisalmer,Pokaran,38812,Lawan,True,38812,True,True,4_full_coverage,38812,Lawan,Jaisalmer,Pokaran,lawan,jaisalmer,pokaran,Lawan,lawan,jaisalmer,jaisalmer,,,,,,,,,,,,False,True,False,0.0,0.0,ST,GEN,0.0,never,C_unique_gp_name_statewide,Lawan,Jaisalmer,Pokaran,True,,,,,,,,,,,,False,1_original_gp_lgd_history_match,never,0.0,0.0,0.0,ST,GEN
291728.0,24.8894810357,76.0966237991,R,RAJASTHAN,Kota,NFHS4,Zalimpura,8,127,669,102464,40281.0,Jalimpura,10,False,True,False,"{""40281"": 1.0}",True,40281,True,Zalimpura,Kota,Kanwas,40281,Jalimpura,True,40281,True,False,3_gp_no_reservation_history,40281,Jalimpura,Kota,Kanwas,jalimpura,kota,kanwas,Jalimpura,jalimpura,kota,kota,,,,,,,,,,,,False,False,False,,,,,,,,,,,False,,,,,,,,,,,,False,0_unmatched,,,,,,
291730.0,25.2559798996,76.6590293127,R,RAJASTHAN,Baran,NFHS4,Relawan,8,128,674,103023,34839.0,Relawan,10,False,True,False,"{""34839"": 1.0}",True,34839,True,Relawan,Baran,Kishanganj,34839,Relawan,True,34839,True,True,4_full_coverage,34839,Relawan,Baran,Kishanganj,relawan,baran,kishanganj,Relawan,relawan,baran,baran,relawan,baran,1.0,1.0,kishanganj,1.0,never,0.0,never,0.0,0.0,True,True,False,0.0,0.0,SC,ST,0.0,never,A_exact_gp_district_samiti,Relawan,Baran,Kishanganj,True,,,,,,,,,,,,False,1_original_gp_lgd_history_match,never,0.0,0.0,0.0,SC,ST
291731.0,25.4624863691,73.8914202905,R,RAJASTHAN,Rajsamand,NFHS4,Swadari  (B),8,123,640,96642,41183.0,Swadari(A),8,False,True,False,"{""41183"": 1.0}",True,41183,True,Swadari (B),Rajsamand,Deogarh,41183,Swadari(A),True,41183,True,False,3_gp_no_reservation_history,41183,Swadari(A),Rajsamand,Deogarh,swadaria,rajsamand,deogarh,Swadari(A),swadaria,rajsamand,rajsamand,,,,,,,,,,,,False,False,False,,,,,,,,,,,False,never,0.0,0.0,0.0,GEN,ST,0.9333333333333333,1.0,high_confidence_gp_and_exact_samiti,swadari,DEOGARH,True,3_fuzzy_gpname_exact_or_close_samiti_match,never,0.0,0.0,0.0,GEN,ST
291733.0,24.4463085418,76.7883692561,R,RAJASTHAN,Baran,NFHS4,Patri,8,128,677,103758,34798.0,Kachanaria Kala,5,False,True,False,"{""34798"": 1.0}",True,34798,True,Patri,Baran,Chhipabarod,34798,Kachanaria Kala,True,34798,True,False,3_gp_no_reservation_history,34798,Kachanaria Kala,Baran,Chhipabarod,kachanariakala,baran,chhipabarod,Kachanaria Kala,kachanariakala,baran,baran,,,,,,,,,,,,False,False,False,,,,,,,,,,,False,twice,2.0,1.0,1.0,GEN W,GENW,0.9333333333333333,1.0,high_confidence_gp_and_exact_samiti,kachanariya kalan,CHHIPABAROD,True,3_fuzzy_gpname_exact_or_close_samiti_match,twice,2.0,1.0,1.0,GEN W,GENW
291734.0,26.4983764824,74.6939364339,R,RAJASTHAN,Ajmer,NFHS4,Ghooghra,8,119,607,91614,33839.0,Ghooghra,9,False,True,False,"{""33839"": 1.0}",True,33839,True,Ghooghra,Ajmer,Ajmer,33839,Ghooghra,True,33839,True,False,3_gp_no_reservation_history,33839,Ghooghra,Ajmer,Ajmer,ghooghra,ajmer,ajmer,Ghooghra,ghooghra,ajmer,ajmer,,,,,,,,,,,,False,False,False,,,,,,,,,,,False,,,,,,,,,,,,False,0_unmatched,,,,,,
291735.0,25.082479094,76.2159432681,R,RAJASTHAN,Kota,NFHS4,Rajgarh,8,127,669,102349,40297.0,Mandita,7,False,True,False,"{""40297"": 1.0}",True,40297,True,Rajgarh,Kota,Sangod,40297,Mandita,True,40297,True,True,4_full_coverage,40297,Mandita,Kota,Sangod,mandita,kota,sangod,Mandita,mandita,kota,kota,mandita,kota,1.0,1.0,sangod,1.0,once,1.0,once,0.0,1.0,True,True,False,0.0,1.0,ST,GENW,1.0,once,A_exact_gp_district_samiti,Mandita,Kota,Sangod,True,,,,,,,,,,,,False,1_original_gp_lgd_history_match,once,1.0,0.0,1.0,ST,GENW
291736.0,25.1826335546,72.2707008435,R,RAJASTHAN,Jalor,NFHS4,Pantheri,8,116,585,89103,39050.0,Pantheri,9,False,True,False,"{""39050"": 1.0}",True,39050,True,Pantheri,Jalore,Sayla,39050,Pantheri,True,39050,True,False,3_gp_no_reservation_history,39050,Pantheri,Jalore,Sayla,pantheri,jalore,sayla,Pantheri,pantheri,jalore,jalore,,,,,,,,,,,,False,False,False,,,,,,,,,,,False,,,,,,,,,,,,False,0_unmatched,,,,,,
