gp_lgd_code,reserved_women_2005,reserved_women_2010,reservation_2005,reservation_2010,gp_name_res_2010,samiti_res_2010,district_res_2010,gp_name_lgd,district_lgd,subdistrict_lgd,match_stage,reservation_dose_n,reservation_dose,match_conflict_excluded
236073,0,0,GEN,GEN,gajsukhdesar,NOKHA,BIKANER,Gajsukhdesar,Bikaner,Jasrasar,B_exact_gp_district,0,never,0
236074,1,1,GEN W,OBCW,jahaz,UDAIPURWATI,JHUNJHUNU,Jahaz,Neem Ka Thana,Udaipurwati,C_unique_gp_name_statewide,2,twice,0
244177,1,0,GEN W,SC,kumbhkot,KHAIRABAD,KOTA,Kumbhkot,Kota,Ramganj Mandi,B_exact_gp_district,1,once,0
244595,1,1,GEN W,GENW,patoli,MAHWA,DAUSA,Patoli,Dausa,Mahwa,A_exact_gp_district_samiti,2,twice,0
244601,1,0,GEN W,SC,rooppura,ASIND,BHILWARA,Rooppura,Bhilwara,Asind,A_exact_gp_district_samiti,1,once,0
244605,0,1,GEN,GENW,meja,MANDAL,BHILWARA,Meja,Bhilwara,Mandal,A_exact_gp_district_samiti,1,once,0
244606,0,1,OBC,GENW,luhariya,MANDAL,BHILWARA,Luhariya,Bhilwara,Mandal,A_exact_gp_district_samiti,1,once,0
244607,1,0,GEN W,GEN,jorawarpura,MANDAL,BHILWARA,Jorawarpura,Bhilwara,Mandal,A_exact_gp_district_samiti,1,once,0
244608,0,0,GEN,SC,laduwas,MANDAL,BHILWARA,Laduwas,Bhilwara,Kareda,B_exact_gp_district,0,never,0
245548,1,0,GEN W,SC,kaniya,HURDA,BHILWARA,Kaniya,Bhilwara,Antali,B_exact_gp_district,1,once,0
262267,0,1,ST,STW,sagvadiya,GARHI,BANSWARA,Sagvadiya,Banswara,Banswara,B_exact_gp_district,1,once,0
262288,0,1,OBC,SCW,udawala,SUJANGARH,CHURU,Udawala,Jaipur (Gramin),Shahpura,C_unique_gp_name_statewide,1,once,0
262303,0,1,GEN,SCW,biramsar,RATANGARH,CHURU,Biramsar,Bikaner,Nokha,C_unique_gp_name_statewide,1,once,0
262329,0,0,GEN,GEN,fatehpura,GOVINDGARH,JAIPUR,Fatehpura,Jaipur,Kalwar,B_exact_gp_district,0,never,0
262355,0,1,GEN,GENW,sagra,BHADRA,HANUMANGARH,Sagra,Phalodi,Dechoo,C_unique_gp_name_statewide,1,once,0
262356,1,0,GEN W,OBC,aasarlai,JAITARAN,PALI,Aasarlai,Jodhpur (Gramin),Shergarh,C_unique_gp_name_statewide,1,once,0
262724,0,1,ST,OBCW,ballupura,NEEMKATHANA,SIKAR,Ballupura,Jaipur (Gramin),Chaksu,C_unique_gp_name_statewide,1,once,0
262751,0,0,GEN,GEN,kharbara,LUNKARANSAR,BIKANER,Kharbar A,Salumbar,Sarada,C_unique_gp_name_statewide,0,never,0
262788,1,1,ST W,STW,amarpura,SARADA,UDAIPUR,Amarpura,Udaipur,Barapal,B_exact_gp_district,2,twice,0
262957,0,1,GEN,GENW,kalera kanwarji,KEKRI,AJMER,Kalera Kanwarji,Kekri,Sawar,C_unique_gp_name_statewide,1,once,0
277409,0,0,ST,GEN,ramgarh,MAHWA,DAUSA,Ramgarh,Dausa,Mahwa,A_exact_gp_district_samiti,0,never,0
293954,0,1,OBC,SCW,sarana,BHINAY,AJMER,Sarana,Ajmer,Ajmer,B_exact_gp_district,1,once,0
293957,1,1,GEN W,GENW,tajpura,BASERI,DHOLPUR,Tajpura,Kekri,Sarwar,C_unique_gp_name_statewide,2,twice,0
294066,0,1,GEN,GENW,ramsara,NOHAR,HANUMANGARH,Ramsara,Bikaner,Lunkaransar,C_unique_gp_name_statewide,1,once,0
294068,1,1,ST W,STW,mohakampura,KUSHALGARH,BANSWARA,Mohakampura,Bikaner,Lunkaransar,C_unique_gp_name_statewide,2,twice,0
294161,1,0,ST W,ST,ratadiya,SIMALWARA,DUNGARPUR,Ratadiya,Baran,Anta,C_unique_gp_name_statewide,1,once,0
294221,0,0,GEN,GEN,kailash nagar,SHEOGANJ,SIROHI,Kailashnagar,Karauli,Hindaun,C_unique_gp_name_statewide,0,never,0
294263,1,0,GEN W,SC,kohra,BAYANA,BHARATPUR,Kohra,Jaisalmer,Fatehgarh,C_unique_gp_name_statewide,1,once,0
294377,0,1,OBC,OBCW,khokhra,SOJAT,PALI,Khokhra,Udaipur,Kotra,C_unique_gp_name_statewide,1,once,0
294381,0,0,SC,OBC,dangra,SAYLA,JALORE,Dangra,Sanchore,Sanchore,C_unique_gp_name_statewide,0,never,0
294553,0,0,GEN,SC,jawasiya,RAILMAGRA,RAJSAMAND,Jawasiya,Jodhpur (Gramin),Pipar Shahar,C_unique_gp_name_statewide,0,never,0
294680,1,1,SC W,STW,thikariya,SIKRAI,DAUSA,Thikariya,Dausa,Lawan,B_exact_gp_district,2,twice,0
294786,0,0,GEN,GEN,beechi,SHAHBAD,BARAN,Beechi,Jaipur (Gramin),Madhorajpura,C_unique_gp_name_statewide,0,never,0
294792,0,0,GEN,SC,shyosinghpura,JHOTWARA,JAIPUR,Shyosinghpura,Jaipur (Gramin),Shahpura,C_unique_gp_name_statewide,0,never,0
294839,0,0,GEN,OBC,dhandhela,NOHAR,HANUMANGARH,Dhandhela,Neem Ka Thana,Patan,C_unique_gp_name_statewide,0,never,0
294882,1,1,SC W,GENW,roda,NOKHA,BIKANER,Roda,Dungarpur,Jhonthripal,C_unique_gp_name_statewide,2,twice,0
294927,1,0,GEN W,OBC,karanpura,BHADRA,HANUMANGARH,Karanpura,Sikar,Danta Ramgarh,C_unique_gp_name_statewide,1,once,0
295084,1,0,GEN W,ST,devta,KOTPUTLI,JAIPUR,Devta,Neem Ka Thana,Khetri,C_unique_gp_name_statewide,1,once,0
295174,1,0,GEN W,ST,akoli,JALORE,JALORE,Akoli,Khairthal-Tijara,Kotkasim,C_unique_gp_name_statewide,1,once,0
295276,0,0,OBC,OBC,thekada,MAHWA,DAUSA,Thekada,Alwar,Alwar,C_unique_gp_name_statewide,0,never,0
295284,1,1,GEN W,SCW,chomu,BALESAR,JODHPUR,Chomu,Alwar,Malakhera,C_unique_gp_name_statewide,2,twice,0
295508,0,1,GEN,GENW,devnagar,PEESANGAN,AJMER,Devnagar,Barmer,Gudha Malani,C_unique_gp_name_statewide,1,once,0
33587,0,1,SC,GENW,ajgara,ARAI,AJMER,Ajgara,Kekri,Sarwar,C_unique_gp_name_statewide,1,once,0
33588,0,0,GEN,OBC,aakodiya,CHAKSU,JAIPUR,Aakodiya,Ajmer,Arain,C_unique_gp_name_statewide,0,never,0
33592,0,0,GEN,OBC,bhogadeet,ARAI,AJMER,Bhogadeet,Ajmer,Arain,B_exact_gp_district,0,never,0
33593,1,1,SC W,OBCW,birla,ARAI,AJMER,Birla,Kekri,Sarwar,C_unique_gp_name_statewide,2,twice,0
33595,0,1,GEN,SCW,dadiya,ARAI,AJMER,Dadiya,Ajmer,Arain,B_exact_gp_district,1,once,0
33599,0,0,GEN,GEN,gothiyana,ARAI,AJMER,Gothiyana,Ajmer,Arain,B_exact_gp_district,0,never,0
33600,1,1,OBC W,SCW,harpura,ARAI,AJMER,Harpura,Kekri,Sarwar,C_unique_gp_name_statewide,2,twice,0
33602,0,0,SC,GEN,jheerota,ARAI,AJMER,Jheerota,Ajmer,Arain,B_exact_gp_district,0,never,0
33603,0,0,GEN,GEN,kalanada,ARAI,AJMER,Kalanada,Ajmer,Arain,B_exact_gp_district,0,never,0
33606,0,1,OBC,GENW,kheeriya,ARAI,AJMER,Kheeriya,Kekri,Sarwar,C_unique_gp_name_statewide,1,once,0
33607,0,0,GEN,GEN,lallai,ARAI,AJMER,Lallai,Kekri,Sarwar,C_unique_gp_name_statewide,0,never,0
33609,0,0,OBC,GEN,mandawariya,ARAI,AJMER,Mandawariya,Ajmer,Arain,B_exact_gp_district,0,never,0
33611,1,0,GEN W,GEN,rampali,ARAI,AJMER,Rampali,Kekri,Sarwar,C_unique_gp_name_statewide,1,once,0
33612,1,1,OBC W,SCW,sandoliya,ARAI,AJMER,Sandoliya,Ajmer,Arain,B_exact_gp_district,2,twice,0
33615,1,1,GEN W,GENW,soonpa,ARAI,AJMER,Soonpa,Kekri,Sarwar,C_unique_gp_name_statewide,2,twice,0
33616,0,0,GEN,OBC,syar,ARAI,AJMER,Syar,Kekri,Sarwar,C_unique_gp_name_statewide,0,never,0
33617,1,0,GEN W,GEN,bandanwara,BHINAY,AJMER,Bandanwara,Kekri,Bhinay,C_unique_gp_name_statewide,1,once,0
33621,1,0,SC W,GEN,bhagwantpura,BHINAY,AJMER,Bhagwantpura,Kekri,Sarwar,C_unique_gp_name_statewide,1,once,0
33622,0,0,SC,GEN,bhinay,BHINAY,AJMER,Bhinay,Kekri,Bhinay,C_unique_gp_name_statewide,0,never,0
33623,0,0,GEN,SC,boobkiya,BHINAY,AJMER,Boobkiya,Kekri,Bhinay,C_unique_gp_name_statewide,0,never,0
33624,0,0,GEN,GEN,chapaneri,BHINAY,AJMER,Chapaneri,Kekri,Bhinay,C_unique_gp_name_statewide,0,never,0
33626,0,1,GEN,SCW,dabrela,BHINAY,AJMER,Dabrela,Kekri,Sarwar,C_unique_gp_name_statewide,1,once,0
33628,1,0,OBC W,SC,dhantol,BHINAY,AJMER,Dhantol,Kekri,Bhinay,C_unique_gp_name_statewide,1,once,0
33634,0,0,GEN,OBC,karanti,BHINAY,AJMER,Karanti,Kekri,Bhinay,C_unique_gp_name_statewide,0,never,0
33635,0,0,SC,OBC,kebaniya,BHINAY,AJMER,Kebaniya,Kekri,Tantoti,C_unique_gp_name_statewide,0,never,0
33636,1,1,OBC W,GENW,kerot,BHINAY,AJMER,Kerot,Kekri,Bhinay,C_unique_gp_name_statewide,2,twice,0
33637,1,1,GEN W,GENW,kumhariya,BHINAY,AJMER,Kumhariya,Kekri,Bhinay,C_unique_gp_name_statewide,2,twice,0
33638,0,1,SC,OBCW,lamgara,BHINAY,AJMER,Lamgara,Kekri,Bhinay,C_unique_gp_name_statewide,1,once,0
33639,1,0,SC W,ST,nagola,BHINAY,AJMER,Nagola,Kekri,Bhinay,C_unique_gp_name_statewide,1,once,0
33640,0,0,GEN,GEN,nandsi,BHINAY,AJMER,Nandsi,Kekri,Bhinay,C_unique_gp_name_statewide,0,never,0
33642,0,1,GEN,SCW,padanga,BHINAY,AJMER,Padanga,Kekri,Bhinay,C_unique_gp_name_statewide,1,once,0
33643,0,1,GEN,GENW,rammaliya,BHINAY,AJMER,Rammaliya,Kekri,Bhinay,C_unique_gp_name_statewide,1,once,0
33644,0,0,GEN,GEN,ratakot,BHINAY,AJMER,Ratakot,Kekri,Bhinay,C_unique_gp_name_statewide,0,never,0
33648,1,0,GEN W,GEN,shokaliya,BHINAY,AJMER,Shokaliya,Kekri,Sarwar,C_unique_gp_name_statewide,1,once,0
33649,0,1,GEN,OBCW,singawal,BHINAY,AJMER,Singawal,Kekri,Bhinay,C_unique_gp_name_statewide,1,once,0
33653,0,0,GEN,GEN,ateetmand,JAWAJA,AJMER,Ateetmand,Beawar,Beawar,C_unique_gp_name_statewide,0,never,0
33660,0,0,OBC,GEN,beawarkhas,JAWAJA,AJMER,Beawar Khas,Beawar,Beawar,C_unique_gp_name_statewide,0,never,0
33662,0,1,GEN,OBCW,dewata,JAWAJA,AJMER,Dewata,Beawar,Beawar,C_unique_gp_name_statewide,1,once,0
33663,0,1,OBC,GENW,durgawas,JAWAJA,AJMER,Durgawas,Beawar,Beawar,C_unique_gp_name_statewide,1,once,0
33664,1,1,OBC W,GENW,gohana,JAWAJA,AJMER,Gohana,Beawar,Beawar,C_unique_gp_name_statewide,2,twice,0
33666,1,0,GEN W,SC,jawaja,JAWAJA,AJMER,Jawaja,Beawar,Beawar,C_unique_gp_name_statewide,1,once,0
33670,1,1,GEN W,GENW,lotiyana,JAWAJA,AJMER,Lotiyana,Beawar,Beawar,C_unique_gp_name_statewide,2,twice,0
33673,0,0,SC,OBC,naikalan,JAWAJA,AJMER,Nai Kalan,Beawar,Beawar,C_unique_gp_name_statewide,0,never,0
33674,0,1,SC,OBCW,narbadkhera,JAWAJA,AJMER,Narbad Khera,Beawar,Beawar,C_unique_gp_name_statewide,1,once,0
33677,1,0,GEN W,GEN,rajiyawas,JAWAJA,AJMER,Rajiyawas,Beawar,Beawar,C_unique_gp_name_statewide,1,once,0
33679,0,1,GEN,GENW,roopnagar,JAWAJA,AJMER,Roopnagar,Beawar,Beawar,C_unique_gp_name_statewide,1,once,0
33680,0,0,GEN,OBC,sarmaliya,JAWAJA,AJMER,Sarmaliya,Beawar,Beawar,C_unique_gp_name_statewide,0,never,0
33682,0,0,GEN,OBC,suhawa,JAWAJA,AJMER,Suhawa,Beawar,Beawar,C_unique_gp_name_statewide,0,never,0
33685,1,1,GEN W,GENW,taragarh,JAWAJA,AJMER,Taragarh,Beawar,Beawar,C_unique_gp_name_statewide,2,twice,0
33686,1,0,GEN W,GEN,tatgarh,JAWAJA,AJMER,Tatgarh,Beawar,Tatgarh,C_unique_gp_name_statewide,1,once,0
33687,0,0,GEN,SC,aloli,KEKRI,AJMER,Aloli,Kekri,Sawar,C_unique_gp_name_statewide,0,never,0
33688,1,1,SC,GENW,baghera,KEKRI,AJMER,Baghera,Kekri,Kekri,C_unique_gp_name_statewide,2,twice,0
33689,0,0,GEN,SC,bajta,KEKRI,AJMER,Bajta,Kekri,Sawar,C_unique_gp_name_statewide,0,never,0
33690,0,0,SC,GEN,bharai,KEKRI,AJMER,Bharai,Kekri,Kekri,C_unique_gp_name_statewide,0,never,0
33695,1,1,GEN W,GENW,dhoondhari,KEKRI,AJMER,Dhoondhari,Kekri,Kekri,C_unique_gp_name_statewide,2,twice,0
33696,1,1,GEN W,SCW,ghatiyali,KEKRI,AJMER,Ghatiyali,Kekri,Sawar,C_unique_gp_name_statewide,2,twice,0
33698,0,0,GEN,SC,gordha,KEKRI,AJMER,Gordha,Kekri,Sawar,C_unique_gp_name_statewide,0,never,0
33699,0,0,GEN,GEN,gulgaon,KEKRI,AJMER,Gulgaon,Kekri,Kekri,C_unique_gp_name_statewide,0,never,0
33702,0,0,OBC,GEN,kalera krishna gopal,KEKRI,AJMER,Kalera Krishna Gopal,Kekri,Kekri,C_unique_gp_name_statewide,0,never,0
33703,0,1,SC,OBCW,kanoj,KEKRI,AJMER,Kanoj,Kekri,Kekri,C_unique_gp_name_statewide,1,once,0
33704,0,0,ST,GEN,khawas,KEKRI,AJMER,Khawas,Kekri,Kekri,C_unique_gp_name_statewide,0,never,0
33705,1,1,OBC W,STW,kushayata,KEKRI,AJMER,Kushayata,Kekri,Sawar,C_unique_gp_name_statewide,2,twice,0
33709,0,1,ST,GENW,molkiya,KEKRI,AJMER,Molkiya,Kekri,Kekri,C_unique_gp_name_statewide,1,once,0
33712,1,1,GEN W,GENW,pranheda,KEKRI,AJMER,Pranheda,Kekri,Kekri,C_unique_gp_name_statewide,2,twice,0
33717,0,1,GEN,SCW,tankawas,KEKRI,AJMER,Tankawas,Kekri,Sawar,C_unique_gp_name_statewide,1,once,0
33718,0,1,OBC,GENW,amarpura,KISHANGARH,AJMER,Amarpura,Ajmer,Roopangarh,B_exact_gp_district,1,once,0
33720,0,0,GEN,OBC,barna,KISHANGARH,AJMER,Barna,Ajmer,Kishangarh,A_exact_gp_district_samiti,0,never,0
33725,1,0,SC W,OBC,jajota,KISHANGARH,AJMER,Jajota,Ajmer,Roopangarh,B_exact_gp_district,1,once,0
33726,1,0,GEN W,SC,kadha,KISHANGARH,AJMER,Kadha,Ajmer,Kishangarh,A_exact_gp_district_samiti,1,once,0
33727,0,1,GEN,SCW,karkeri,KISHANGARH,AJMER,Karkeri,Ajmer,Roopangarh,B_exact_gp_district,1,once,0
33728,0,0,GEN,GEN,khatoli,KISHANGARH,AJMER,Khatoli,Ajmer,Kishangarh,A_exact_gp_district_samiti,0,never,0
33731,0,1,GEN,GENW,kucheel,KISHANGARH,AJMER,Kucheel,Ajmer,Kishangarh,A_exact_gp_district_samiti,1,once,0
33732,0,1,OBC,GENW,naloo,KISHANGARH,AJMER,Naloo,Ajmer,Kishangarh,A_exact_gp_district_samiti,1,once,0
33734,0,0,GEN,GEN,nosal,KISHANGARH,AJMER,Nosal,Ajmer,Roopangarh,B_exact_gp_district,0,never,0
33735,0,0,GEN,OBC,paner,KISHANGARH,AJMER,Paner,Ajmer,Roopangarh,B_exact_gp_district,0,never,0
33736,0,0,GEN,GEN,patan,KISHANGARH,AJMER,Patan,Ajmer,Kishangarh,A_exact_gp_district_samiti,0,never,0
33737,1,0,GEN W,SC,peenglod,KISHANGARH,AJMER,Peenglod,Ajmer,Roopangarh,B_exact_gp_district,1,once,0
33739,0,1,GEN,GENW,roopangarh,KISHANGARH,AJMER,Roopangarh,Ajmer,Roopangarh,B_exact_gp_district,1,once,0
33740,1,1,SC W,OBCW,salemabad,KISHANGARH,AJMER,Salemabad,Ajmer,Arain,B_exact_gp_district,2,twice,0
33741,1,0,OBC W,GEN,sargaon,KISHANGARH,AJMER,Sargaon,Ajmer,Kishangarh,A_exact_gp_district_samiti,1,once,0
33742,0,0,GEN,GEN,silora,KISHANGARH,AJMER,Silora,Ajmer,Kishangarh,A_exact_gp_district_samiti,0,never,0
33743,1,1,GEN W,OBCW,sinodiya,KISHANGARH,AJMER,Sinodiya,Ajmer,Roopangarh,B_exact_gp_district,2,twice,0
33744,0,1,GEN,GENW,sursura,KISHANGARH,AJMER,Sursura,Ajmer,Roopangarh,B_exact_gp_district,1,once,0
33745,1,0,OBC W,GEN,thal,KISHANGARH,AJMER,Thal,Ajmer,Roopangarh,B_exact_gp_district,1,once,0
33747,0,1,OBC,SCW,tiloniya,KISHANGARH,AJMER,Tiloniya,Ajmer,Arain,B_exact_gp_district,1,once,0
33748,0,0,GEN,GEN,tyod,KISHANGARH,AJMER,Tyod,Ajmer,Roopangarh,B_exact_gp_district,0,never,0
33750,0,1,SC,GENW,baral -ii,MASUDA,AJMER,Baral-Ii,Beawar,Vijaynagar,C_unique_gp_name_statewide,1,once,0
33753,0,0,GEN,GEN,daulatpura - i,MASUDA,AJMER,Daulatpura-I,Beawar,Masuda,C_unique_gp_name_statewide,0,never,0
33754,0,0,GEN,GEN,daulatpura - ii,MASUDA,AJMER,Daulatpura-Ii,Beawar,Vijaynagar,C_unique_gp_name_statewide,0,never,0
33757,0,0,OBC,GEN,dholadanta,MASUDA,AJMER,Dhola Danta,Beawar,Masuda,C_unique_gp_name_statewide,0,never,0
33759,0,0,GEN,GEN,harrajpura,MASUDA,AJMER,Harrajpura,Beawar,Masuda,C_unique_gp_name_statewide,0,never,0
33760,1,0,GEN W,SC,jaliya - ii,MASUDA,AJMER,Jaliya II,Beawar,Vijaynagar,C_unique_gp_name_statewide,1,once,0
33761,0,0,OBC,GEN,jamola,MASUDA,AJMER,Jamola,Beawar,Masuda,C_unique_gp_name_statewide,0,never,0
33767,0,0,GEN,GEN,kirap,MASUDA,AJMER,Kirap,Beawar,Masuda,C_unique_gp_name_statewide,0,never,0
33768,0,1,SC,OBCW,lodiyana,MASUDA,AJMER,Lodiyana,Beawar,Vijaynagar,C_unique_gp_name_statewide,1,once,0
33769,0,1,GEN,GENW,loolwa,MASUDA,AJMER,Loolwa,Beawar,Masuda,C_unique_gp_name_statewide,1,once,0
33777,0,1,ST,SCW,sathana,MASUDA,AJMER,Sathana,Beawar,Vijaynagar,C_unique_gp_name_statewide,1,once,0
33781,0,0,GEN,GEN,baghsuri,PEESANGAN,AJMER,Baghsuri,Ajmer,Nasirabad,B_exact_gp_district,0,never,0
33783,0,0,SC,OBC,bhanwta,PEESANGAN,AJMER,Bhanwta,Ajmer,Ajmer,B_exact_gp_district,0,never,0
33784,0,0,GEN,GEN,bhatiyani,PEESANGAN,AJMER,Bhatiyani,Ajmer,Nasirabad,B_exact_gp_district,0,never,0
33786,1,1,GEN W,GENW,bhawanikhera,PEESANGAN,AJMER,Bhawani Khera,Ajmer,Nasirabad,B_exact_gp_district,2,twice,0
33789,0,1,OBC,GENW,budhwara,PEESANGAN,AJMER,Budhwara,Ajmer,Peesangan,A_exact_gp_district_samiti,1,once,0
33794,1,1,GEN W,GENW,dodiyana,PEESANGAN,AJMER,Dodiyana,Ajmer,Peesangan,A_exact_gp_district_samiti,2,twice,0
33796,0,1,GEN,OBCW,ganahera,PEESANGAN,AJMER,Ganahera,Ajmer,Pushkar,B_exact_gp_district,1,once,0
33797,1,1,GEN W,OBCW,gola,PEESANGAN,AJMER,Gola,Ajmer,Peesangan,A_exact_gp_district_samiti,2,twice,0
33798,0,0,OBC,SC,govindgarh,PEESANGAN,AJMER,Govindgarh,Ajmer,Peesangan,A_exact_gp_district_samiti,0,never,0
33800,1,1,SC W,GENW,jethana,PEESANGAN,AJMER,Jethana,Ajmer,Peesangan,A_exact_gp_district_samiti,2,twice,0
33803,0,0,SC,GEN,kalesara,PEESANGAN,AJMER,Kalesara,Ajmer,Peesangan,A_exact_gp_district_samiti,0,never,0
33804,0,0,OBC,GEN,karnos,PEESANGAN,AJMER,Karnos,Ajmer,Peesangan,A_exact_gp_district_samiti,0,never,0
33806,1,0,GEN W,GEN,khori,PEESANGAN,AJMER,Khori,Ajmer,Pushkar,B_exact_gp_district,1,once,0
33807,0,1,GEN,GENW,lamana,PEESANGAN,AJMER,Lamana,Ajmer,Peesangan,A_exact_gp_district_samiti,1,once,0
33809,0,0,GEN,OBC,makrera,PEESANGAN,AJMER,Makrera,Ajmer,Peesangan,A_exact_gp_district_samiti,0,never,0
33815,1,0,GEN W,OBC,nyara,PEESANGAN,AJMER,Nyara,Ajmer,Nasirabad,B_exact_gp_district,1,once,0
33816,1,1,GEN W,SCW,pagara,PEESANGAN,AJMER,Pagara,Ajmer,Peesangan,A_exact_gp_district_samiti,2,twice,0
33817,0,1,OBC,SCW,peesangan,PEESANGAN,AJMER,Peesangan,Ajmer,Peesangan,A_exact_gp_district_samiti,1,once,0
33818,1,1,OBC W,GENW,picholiya,PEESANGAN,AJMER,Picholiya,Ajmer,Peesangan,A_exact_gp_district_samiti,2,twice,0
33819,0,0,GEN,GEN,rajgarh,PEESANGAN,AJMER,Rajgarh,Ajmer,Nasirabad,B_exact_gp_district,0,never,0
33820,0,0,GEN,GEN,rajosi,PEESANGAN,AJMER,Rajosi,Ajmer,Nasirabad,B_exact_gp_district,0,never,0
33821,0,0,GEN,OBC,rampura dabla,PEESANGAN,AJMER,Rampura Dabla,Ajmer,Peesangan,A_exact_gp_district_samiti,0,never,0
33822,1,0,SC W,GEN,saradhana,PEESANGAN,AJMER,Saradhana,Ajmer,Ajmer,B_exact_gp_district,1,once,0
33825,1,0,GEN W,SC,tilora,PEESANGAN,AJMER,Tilora,Ajmer,Pushkar,B_exact_gp_district,1,once,0
33826,0,0,GEN,GEN,ajaysar,SRINAGAR,AJMER,Ajaysar,Ajmer,Ajmer,B_exact_gp_district,0,never,0
33827,1,1,OBC W,GENW,aradka,SRINAGAR,AJMER,Aradka,Ajmer,Ajmer,B_exact_gp_district,2,twice,0
33828,0,0,GEN,GEN,babayacha,SRINAGAR,AJMER,Babayacha,Ajmer,Ajmer,B_exact_gp_district,0,never,0
33830,0,1,OBC,GENW,beer,SRINAGAR,AJMER,Beer,Ajmer,Ajmer,B_exact_gp_district,1,once,0
33832,1,0,GEN W,OBC,bubani,SRINAGAR,AJMER,Bubani,Ajmer,Ajmer,B_exact_gp_district,1,once,0
33833,0,1,OBC,GENW,chachiyawas,SRINAGAR,AJMER,Chachiyawas,Ajmer,Ajmer,B_exact_gp_district,1,once,0
33834,0,1,GEN,OBCW,danta,SRINAGAR,AJMER,Danta,Ajmer,Ajmer,B_exact_gp_district,1,once,0
33835,1,1,SC W,GENW,dhal,SRINAGAR,AJMER,Dhal,Ajmer,Nasirabad,B_exact_gp_district,2,twice,0
33836,1,1,OBC W,GENW,dilwara,SRINAGAR,AJMER,Dilwara,Ajmer,Nasirabad,B_exact_gp_district,2,twice,0
33837,0,0,SC,GEN,gagwana,SRINAGAR,AJMER,Gagwana,Ajmer,Ajmer,B_exact_gp_district,0,never,0
33838,1,0,OBC W,GEN,gegal,SRINAGAR,AJMER,Gegal,Ajmer,Ajmer,B_exact_gp_district,1,once,0
33840,0,0,GEN,OBC,godiyawas,SRINAGAR,AJMER,Godiyawas,Ajmer,Ajmer,B_exact_gp_district,0,never,0
33842,0,1,GEN,GENW,kanakheri,SRINAGAR,AJMER,Kana Kheri,Ajmer,Nasirabad,B_exact_gp_district,1,once,0
33843,0,0,GEN,SC,kanpura,SRINAGAR,AJMER,Kanpura,Ajmer,Nasirabad,B_exact_gp_district,0,never,0
33844,0,1,GEN,OBCW,kayampura,SRINAGAR,AJMER,Kayampura,Ajmer,Ajmer,B_exact_gp_district,1,once,0
33845,1,1,GEN W,SCW,lavera,SRINAGAR,AJMER,Lavera,Ajmer,Nasirabad,B_exact_gp_district,2,twice,0
33846,0,1,GEN,GENW,loharwara,SRINAGAR,AJMER,Loharwara,Ajmer,Nasirabad,B_exact_gp_district,1,once,0
33850,0,0,GEN,OBC,narwar,SRINAGAR,AJMER,Narwar,Ajmer,Ajmer,B_exact_gp_district,0,never,0
33852,0,0,GEN,GEN,palra,SRINAGAR,AJMER,Palra,Ajmer,Ajmer,B_exact_gp_district,0,never,0
33853,1,1,GEN W,GENW,pharkiya,SRINAGAR,AJMER,Pharkiya,Ajmer,Nasirabad,B_exact_gp_district,2,twice,0
33854,0,1,GEN,OBCW,ramner dhani,SRINAGAR,AJMER,Ramner Dhani,Ajmer,Ajmer,B_exact_gp_district,1,once,0
33855,0,1,GEN,GENW,ramsar,SRINAGAR,AJMER,Ramsar,Ajmer,Nasirabad,B_exact_gp_district,1,once,0
33857,1,1,GEN W,SCW,samproda,SRINAGAR,AJMER,Samproda,Ajmer,Nasirabad,B_exact_gp_district,2,twice,0
33858,0,0,SC,GEN,sanod,SRINAGAR,AJMER,Sanod,Ajmer,Nasirabad,B_exact_gp_district,0,never,0
33860,1,0,GEN W,OBC,srinagar,SRINAGAR,AJMER,Srinagar,Ajmer,Nasirabad,B_exact_gp_district,1,once,0
33861,0,0,GEN,SC,tihari,SRINAGAR,AJMER,Tihari,Ajmer,Nasirabad,B_exact_gp_district,0,never,0
33862,0,0,OBC,GEN,tilana,SRINAGAR,AJMER,Tilana,Ajmer,Nasirabad,B_exact_gp_district,0,never,0
33866,0,1,GEN,OBCW,balawas,BANSUR,ALWAR,Balawas,Kotputli-Behror,Bansur,C_unique_gp_name_statewide,1,once,0
33869,1,0,ST W,SC,basdayal,BANSUR,ALWAR,Bas Dayal,Kotputli-Behror,Narayanpur,C_unique_gp_name_statewide,1,once,0
33872,0,1,GEN,GENW,bilali,BANSUR,ALWAR,Bilali,Kotputli-Behror,Narayanpur,C_unique_gp_name_statewide,1,once,0
33889,0,1,GEN,STW,loyati,BANSUR,ALWAR,Loyati,Kotputli-Behror,Bansur,C_unique_gp_name_statewide,1,once,0
33893,1,1,OBC W,GENW,nangal lakha,BANSUR,ALWAR,Nangal Lakha,Kotputli-Behror,Bansur,C_unique_gp_name_statewide,2,twice,0
33906,0,1,OBC,GENW,gandala,BEHROR,ALWAR,Gandala,Kotputli-Behror,Behror,C_unique_gp_name_statewide,1,once,0
33912,1,1,SC W,GENW,jakhranakalan,BEHROR,ALWAR,Jakhrana Kalan,Kotputli-Behror,Behror,C_unique_gp_name_statewide,2,twice,0
33918,1,0,GEN W,GEN,kohrana,BEHROR,ALWAR,Kohrana,Kotputli-Behror,Behror,C_unique_gp_name_statewide,1,once,0
33928,0,1,ST,SCW,adoli,KATHUMAR,ALWAR,Adoli,Alwar,Lachhmangarh,B_exact_gp_district,1,once,0
33933,0,0,OBC,ST,baseth,KATHUMAR,ALWAR,Baseth,Alwar,Kathumar,A_exact_gp_district_samiti,0,never,0
33935,0,0,GEN,ST,dantiya,KATHUMAR,ALWAR,Dantiya,Alwar,Kathumar,A_exact_gp_district_samiti,0,never,0
33936,0,1,GEN,GENW,daroda,KATHUMAR,ALWAR,Daroda,Alwar,Kathumar,A_exact_gp_district_samiti,1,once,0
33937,0,0,GEN,SC,doroli,KATHUMAR,ALWAR,Doroli,Alwar,Kathumar,A_exact_gp_district_samiti,0,never,0
33941,0,0,GEN,GEN,jadla,KATHUMAR,ALWAR,Jadla,Alwar,Kathumar,A_exact_gp_district_samiti,0,never,0
33953,1,1,GEN W,STW,nahar khohra,SIKRAI,DAUSA,Nahar Khohra,Alwar,Lachhmangarh,C_unique_gp_name_statewide,2,twice,0
33954,0,1,ST,GENW,natoj,KATHUMAR,ALWAR,Natoj,Alwar,Kathumar,A_exact_gp_district_samiti,1,once,0
33956,0,1,GEN,GENW,reta,KATHUMAR,ALWAR,Reta,Alwar,Kathumar,A_exact_gp_district_samiti,1,once,0
33958,0,0,GEN,ST,sahari,KATHUMAR,ALWAR,Sahari,Alwar,Kathumar,A_exact_gp_district_samiti,0,never,0
33961,0,1,SC,GENW,sonkh,KATHUMAR,ALWAR,Sonkh,Alwar,Kathumar,A_exact_gp_district_samiti,1,once,0
33964,1,1,GEN W,SCW,tasai,KATHUMAR,ALWAR,Tasai,Alwar,Kathumar,A_exact_gp_district_samiti,2,twice,0
33967,0,1,SC,STW,titpuri,KATHUMAR,ALWAR,Titpuri,Alwar,Kathumar,A_exact_gp_district_samiti,1,once,0
33968,0,0,GEN,SC,toda,KATHUMAR,ALWAR,Toda,Alwar,Lachhmangarh,B_exact_gp_district,0,never,0
33969,0,1,SC,GENW,bagherikalan,KISHANGARH BAS,ALWAR,Bagheri Kalan,Khairthal-Tijara,Kishangarhbas,C_unique_gp_name_statewide,1,once,0
33976,0,1,GEN,OBCW,chikani,KISHANGARH BAS,ALWAR,Chikani,Alwar,Alwar,B_exact_gp_district,1,once,0
33978,0,1,OBC,GENW,ghasoli,KISHANGARH BAS,ALWAR,Ghasoli,Khairthal-Tijara,Kishangarhbas,C_unique_gp_name_statewide,1,once,0
33979,0,0,OBC,GEN,ismailpur,KISHANGARH BAS,ALWAR,Ismailpur,Khairthal-Tijara,Khairthal,C_unique_gp_name_statewide,0,never,0
33982,1,1,GEN W,GENW,khanpurmewan,KISHANGARH BAS,ALWAR,Khanpur Mewan,Khairthal-Tijara,Kishangarhbas,C_unique_gp_name_statewide,2,twice,0
33985,0,0,GEN,OBC,kolgaon,KISHANGARH BAS,ALWAR,Kolgaon,Khairthal-Tijara,Kishangarhbas,C_unique_gp_name_statewide,0,never,0
33987,0,1,OBC,GENW,machhroli,KISHANGARH BAS,ALWAR,Machh Roli,Khairthal-Tijara,Kishangarhbas,C_unique_gp_name_statewide,1,once,0
33990,0,0,SC,GEN,mancha,KISHANGARH BAS,ALWAR,Mancha,Khairthal-Tijara,Kishangarhbas,C_unique_gp_name_statewide,0,never,0
33993,0,0,GEN,GEN,patanmewan,KISHANGARH BAS,ALWAR,Patan Mewan,Khairthal-Tijara,Khairthal,C_unique_gp_name_statewide,0,never,0
33994,1,0,GEN W,OBC,ratakhurd,KISHANGARH BAS,ALWAR,Rata Khurd,Khairthal-Tijara,Khairthal,C_unique_gp_name_statewide,1,once,0
33996,1,1,GEN W,GENW,sirmoli,KISHANGARH BAS,ALWAR,Sirmoli,Alwar,Alwar,B_exact_gp_district,2,twice,0
33998,0,0,SC,GEN,baghana,BHIM,RAJSAMAND,Baghana,Khairthal-Tijara,Kotkasim,C_unique_gp_name_statewide,0,never,0
33999,0,0,GEN,OBC,bagherikhurd,KOTKASIM,ALWAR,Bagheri Khurd,Khairthal-Tijara,Harsoli,C_unique_gp_name_statewide,0,never,0
34006,0,0,GEN,SC,ikrotiya,KOTKASIM,ALWAR,Ikrotiya,Khairthal-Tijara,Harsoli,C_unique_gp_name_statewide,0,never,0
34014,1,1,OBC W,GENW,makdawa,KOTKASIM,ALWAR,Makdawa,Khairthal-Tijara,Kotkasim,C_unique_gp_name_statewide,2,twice,0
34015,0,0,GEN,GEN,nangalsaliya,KOTKASIM,ALWAR,Nangal Saliya,Khairthal-Tijara,Harsoli,C_unique_gp_name_statewide,0,never,0
34021,1,1,GEN W,OBCW,ujoli,KOTKASIM,ALWAR,Ujoli,Khairthal-Tijara,Kotkasim,C_unique_gp_name_statewide,2,twice,0
34022,0,1,GEN,GENW,badka,LAXMANGARH,ALWAR,Badka,Alwar,Lachhmangarh,B_exact_gp_district,1,once,0
34026,1,1,OBC W,GENW,bichgaon,LAXMANGARH,ALWAR,Bichgaon,Alwar,Lachhmangarh,B_exact_gp_district,2,twice,0
34029,0,0,GEN,OBC,chidwai,LAXMANGARH,ALWAR,Chidwai,Alwar,Govindgarh,B_exact_gp_district,0,never,0
34037,1,0,ST W,GEN,ghat,LAXMANGARH,ALWAR,Ghat,Alwar,Lachhmangarh,B_exact_gp_district,1,once,0
34039,0,1,SC,STW,harsana,LAXMANGARH,ALWAR,Harsana,Alwar,Lachhmangarh,B_exact_gp_district,1,once,0
34040,0,0,SC,ST,hasanpur,LAXMANGARH,ALWAR,Hasanpur,Alwar,Lachhmangarh,B_exact_gp_district,0,never,0
34041,0,0,GEN,GEN,indpur,LAXMANGARH,ALWAR,Indpur,Alwar,Govindgarh,B_exact_gp_district,0,never,0
34043,0,0,GEN,SC,jhalatala,LAXMANGARH,ALWAR,Jhalatala,Alwar,Lachhmangarh,B_exact_gp_district,0,never,0
34047,0,1,GEN,SCW,khudiyana,LAXMANGARH,ALWAR,Khudiyana,Alwar,Lachhmangarh,B_exact_gp_district,1,once,0
34050,0,0,OBC,GEN,malpur,LAXMANGARH,ALWAR,Malpur,Alwar,Govindgarh,B_exact_gp_district,0,never,0
34052,0,0,OBC,GEN,moliya,LAXMANGARH,ALWAR,Moliya,Alwar,Lachhmangarh,B_exact_gp_district,0,never,0
34053,1,1,ST W,GENW,nangalkhanjadi,LAXMANGARH,ALWAR,Nangal Khanjadi,Alwar,Lachhmangarh,B_exact_gp_district,2,twice,0
34054,1,1,SC W,OBCW,naswari,LAXMANGARH,ALWAR,Naswari,Alwar,Govindgarh,B_exact_gp_district,2,twice,0
34063,0,0,OBC,GEN,todanagar,LAXMANGARH,ALWAR,Todanagar,Alwar,Lachhmangarh,B_exact_gp_district,0,never,0
34069,0,1,GEN,GENW,behroj,MANDAWAR,ALWAR,Behroj,Khairthal-Tijara,Mundawar,C_unique_gp_name_statewide,1,once,0
34070,0,0,SC,GEN,bhanot,MANDAWAR,ALWAR,Bhanot,Khairthal-Tijara,Mundawar,C_unique_gp_name_statewide,0,never,0
34072,0,0,GEN,GEN,chandpur,MANDAWAR,ALWAR,Chandpur,Khairthal-Tijara,Mundawar,C_unique_gp_name_statewide,0,never,0
34075,0,1,GEN,SCW,gopipura,MANDAWAR,ALWAR,Gopipura,Khairthal-Tijara,Mundawar,C_unique_gp_name_statewide,1,once,0
34081,1,1,OBC W,SCW,karnikot,MANDAWAR,ALWAR,Karni Kot,Khairthal-Tijara,Mundawar,C_unique_gp_name_statewide,2,twice,0
34084,1,1,SC W,OBCW,majrikhola,MANDAWAR,ALWAR,Majri Khola,Khairthal-Tijara,Mundawar,C_unique_gp_name_statewide,2,twice,0
34085,0,1,GEN,OBCW,manka,MANDAWAR,ALWAR,Manka,Khairthal-Tijara,Mundawar,C_unique_gp_name_statewide,1,once,0
34086,1,1,OBC W,GENW,mator,MANDAWAR,ALWAR,Mator,Khairthal-Tijara,Mundawar,C_unique_gp_name_statewide,2,twice,0
34089,0,1,SC,SCW,palawa,MANDAWAR,ALWAR,Palawa,Khairthal-Tijara,Mundawar,C_unique_gp_name_statewide,1,once,0
34091,0,0,GEN,GEN,pehal,MANDAWAR,ALWAR,Pehal,Khairthal-Tijara,Mundawar,C_unique_gp_name_statewide,0,never,0
34093,0,1,OBC,GENW,ranoth,MANDAWAR,ALWAR,Ranoth,Khairthal-Tijara,Mundawar,C_unique_gp_name_statewide,1,once,0
34095,0,0,ST,OBC,saraikalan,MANDAWAR,ALWAR,Sarai Kalan,Khairthal-Tijara,Mundawar,C_unique_gp_name_statewide,0,never,0
34101,1,0,GEN W,GEN,sorkhakalan,MANDAWAR,ALWAR,Sorkha Kalan,Khairthal-Tijara,Mundawar,C_unique_gp_name_statewide,1,once,0
34106,0,1,GEN,OBCW,dabarwas,NEEMRANA,ALWAR,Dabarwas,Kotputli-Behror,Mandhan,C_unique_gp_name_statewide,1,once,0
34112,0,1,GEN,GENW,giglana,NEEMRANA,ALWAR,Giglana,Kotputli-Behror,Mandhan,C_unique_gp_name_statewide,1,once,0
34117,1,1,OBC W,SCW,kanhawas,NEEMRANA,ALWAR,Kanhawas,Kotputli-Behror,Mandhan,C_unique_gp_name_statewide,2,twice,0
34121,0,0,GEN,OBC,kolila joga,NEEMRANA,ALWAR,Kolila Joga,Kotputli-Behror,Neemrana,C_unique_gp_name_statewide,0,never,0
34126,0,1,OBC,SCW,mandhan,NEEMRANA,ALWAR,Mandhan,Kotputli-Behror,Mandhan,C_unique_gp_name_statewide,1,once,0
34127,0,1,SC,GENW,nanagwas,NEEMRANA,ALWAR,Nanagwas,Kotputli-Behror,Mandhan,C_unique_gp_name_statewide,1,once,0
34129,1,1,SC W,GEN,partapur,NEEMRANA,ALWAR,Partapur,Kotputli-Behror,Mandhan,C_unique_gp_name_statewide,2,twice,0
34132,0,0,OBC,GEN,rodwal,NEEMRANA,ALWAR,Rodwal,Kotputli-Behror,Neemrana,C_unique_gp_name_statewide,0,never,0
34134,1,0,GEN W,GEN,santo,NEEMRANA,ALWAR,Santo,Kotputli-Behror,Mandhan,C_unique_gp_name_statewide,1,once,0
34140,0,0,GEN,GEN,bhajeda,KISHANGARH BAS,ALWAR,Bhajeda,Alwar,Rajgarh,B_exact_gp_district,0,never,0
34143,0,1,GEN,STW,dubbi,RAJGARH,ALWAR,Dubbi,Alwar,Rajgarh,A_exact_gp_district_samiti,1,once,0
34145,0,1,SC,STW,gola ka bas,RAJGARH,ALWAR,Gola Ka Bas,Alwar,Rajgarh,A_exact_gp_district_samiti,1,once,0
34149,0,0,GEN,OBC,mallana,RAJGARH,ALWAR,Mallana,Alwar,Tehla,B_exact_gp_district,0,never,0
34154,1,0,ST W,SC,palwa,RAJGARH,ALWAR,Palwa,Alwar,Rajgarh,A_exact_gp_district_samiti,1,once,0
34158,1,0,SC W,ST,sakat,RAJGARH,ALWAR,Sakat,Alwar,Rajgarh,A_exact_gp_district_samiti,1,once,0
34160,1,0,SC W,ST,shrichandpura,RAJGARH,ALWAR,Shri Chandpura,Alwar,Rajgarh,A_exact_gp_district_samiti,1,once,0
34166,0,1,ST,GENW,todajaisinghpura,RAJGARH,ALWAR,Toda Jaisinghpura,Alwar,Tehla,B_exact_gp_district,1,once,0
34169,1,1,GEN W,GENW,bahala,RAMGARH,ALWAR,Bahala,Alwar,Ramgarh,A_exact_gp_district_samiti,2,twice,0
34170,1,1,GEN W,GENW,bamboli,RAMGARH,ALWAR,Bamboli,Alwar,Ramgarh,A_exact_gp_district_samiti,2,twice,0
34187,0,1,GEN,SCW,khilora,RAMGARH,ALWAR,Khilora,Alwar,Ramgarh,A_exact_gp_district_samiti,1,once,0
34190,1,0,GEN W,OBC,milakpur,RAMGARH,ALWAR,Milakpur,Alwar,Ramgarh,A_exact_gp_district_samiti,1,once,0
34191,0,0,SC,GEN,mubarikpur,RAMGARH,ALWAR,Mubarikpur,Alwar,Nauganwa,B_exact_gp_district,0,never,0
34193,0,1,OBC,SCW,naglimegha,RAMGARH,ALWAR,Nagli Megha,Alwar,Ramgarh,A_exact_gp_district_samiti,1,once,0
34196,0,1,GEN,SCW,pata,RAMGARH,ALWAR,Pata,Alwar,Nauganwa,B_exact_gp_district,1,once,0
34198,0,0,GEN,OBC,raghunathgarh,RAMGARH,ALWAR,Raghunathgarh,Alwar,Nauganwa,B_exact_gp_district,0,never,0
34206,1,1,GEN W,STW,bairer,RAINI,ALWAR,Bairer,Alwar,Reni,B_exact_gp_district,2,twice,0
34207,1,0,ST W,GEN,bileta,RAINI,ALWAR,Bileta,Alwar,Reni,B_exact_gp_district,1,once,0
34210,0,1,GEN,STW,bhuleri,RAINI,ALWAR,Bhuleri,Alwar,Reni,B_exact_gp_district,1,once,0
34211,0,1,SC,STW,saloli,RAINI,ALWAR,Saloli,Alwar,Reni,B_exact_gp_district,1,once,0
34212,0,1,GEN,GENW,chhilodi,RAINI,ALWAR,Chhilodi,Alwar,Reni,B_exact_gp_district,1,once,0
34213,0,1,GEN,GENW,dera,RAINI,ALWAR,Dera,Alwar,Reni,B_exact_gp_district,1,once,0
34216,0,1,ST,SCW,itoli,RAINI,ALWAR,Itoli,Alwar,Reni,B_exact_gp_district,1,once,0
34217,0,1,GEN,STW,jamdoli,RAINI,ALWAR,Jamdoli,Alwar,Reni,B_exact_gp_district,1,once,0
34218,0,0,SC,ST,kaneti,RAINI,ALWAR,Kaneti,Alwar,Reni,B_exact_gp_district,0,never,0
34221,0,1,GEN,STW,pada,RAINI,ALWAR,Pada,Alwar,Reni,B_exact_gp_district,1,once,0
34223,1,0,GEN W,ST,patan,RAINI,ALWAR,Patan,Alwar,Rajgarh,B_exact_gp_district,1,once,0
34224,0,1,ST,SCW,pinan,RAINI,ALWAR,Pinan,Alwar,Reni,B_exact_gp_district,1,once,0
34225,1,1,OBC W,GENW,pragpura,VIRATNAGAR,JAIPUR,Pragpura,Alwar,Reni,C_unique_gp_name_statewide,2,twice,0
34226,0,1,ST,GENW,rajpurchhota,RAINI,ALWAR,Rajpur Chhota,Alwar,Reni,B_exact_gp_district,1,once,0
34227,1,0,SC W,ST,rampura,RAINI,ALWAR,Rampura,Alwar,Reni,B_exact_gp_district,1,once,0
34231,0,1,GEN,GENW,ajabgarh,THANAGAZI,ALWAR,Ajabgarh,Alwar,Pratapgarh,B_exact_gp_district,1,once,0
34233,0,1,OBC,OBCW,angari,THANAGAZI,ALWAR,Angari,Alwar,Thanagazi,A_exact_gp_district_samiti,1,once,0
34236,0,1,SC,STW,basaijogiyan,THANAGAZI,ALWAR,Basai Jogiyan,Alwar,Thanagazi,A_exact_gp_district_samiti,1,once,0
34239,1,1,GEN W,STW,chandpuri,THANAGAZI,ALWAR,Chandpuri,Kotputli-Behror,Narayanpur,C_unique_gp_name_statewide,2,twice,0
34240,0,0,ST,GEN,dwarapur,THANAGAZI,ALWAR,Dwarapur,Alwar,Thanagazi,A_exact_gp_district_samiti,0,never,0
34242,0,0,OBC,SC,garhbasai,THANAGAZI,ALWAR,Garh Basai,Alwar,Thanagazi,A_exact_gp_district_samiti,0,never,0
34246,1,1,OBC W,GENW,jhiri,THANAGAZI,ALWAR,Jhiri,Alwar,Pratapgarh,B_exact_gp_district,2,twice,0
34248,1,1,GEN W,GENW,kishori,THANAGAZI,ALWAR,Kishori,Alwar,Thanagazi,A_exact_gp_district_samiti,2,twice,0
34250,0,1,GEN,GENW,kyara,THANAGAZI,ALWAR,Kyara,Alwar,Thanagazi,A_exact_gp_district_samiti,1,once,0
34251,0,0,SC,GEN,lalpura,THANAGAZI,ALWAR,Lalpura,Alwar,Pratapgarh,B_exact_gp_district,0,never,0
34253,0,0,OBC,GEN,mundawara,THANAGAZI,ALWAR,Mundawara,Alwar,Thanagazi,A_exact_gp_district_samiti,0,never,0
34254,1,0,GEN W,OBC,nangalbani,THANAGAZI,ALWAR,Nangal Bani,Alwar,Thanagazi,A_exact_gp_district_samiti,1,once,0
34258,0,1,GEN,GENW,piplai,THANAGAZI,ALWAR,Piplai,Alwar,Pratapgarh,B_exact_gp_district,1,once,0
34259,0,1,ST,OBCW,pratapgarh,THANAGAZI,ALWAR,Pratapgarh,Alwar,Pratapgarh,B_exact_gp_district,1,once,0
34260,1,1,ST W,SCW,saleta,THANAGAZI,ALWAR,Saleta,Alwar,Thanagazi,A_exact_gp_district_samiti,2,twice,0
34261,1,0,SC W,OBC,samra,THANAGAZI,ALWAR,Samra,Alwar,Pratapgarh,B_exact_gp_district,1,once,0
34267,1,0,GEN W,OBC,bichhala,TIJARA,ALWAR,Bichhala,Khairthal-Tijara,Tijara,C_unique_gp_name_statewide,1,once,0
34274,0,0,GEN,SC,hasanpur mafi,TIJARA,ALWAR,Hasanpur Mafi,Khairthal-Tijara,Tapukara,C_unique_gp_name_statewide,0,never,0
34277,1,0,GEN W,GEN,jhiwana,TIJARA,ALWAR,Jhiwana,Khairthal-Tijara,Tapukara,C_unique_gp_name_statewide,1,once,0
34281,1,0,GEN W,OBC,luhadera,TIJARA,ALWAR,Luhadera,Khairthal-Tijara,Tijara,C_unique_gp_name_statewide,1,once,0
34282,1,1,GEN W,GENW,mahesara,TIJARA,ALWAR,Mahesara,Khairthal-Tijara,Tapukara,C_unique_gp_name_statewide,2,twice,0
34285,1,1,SC W,GENW,milakpur turk,TIJARA,ALWAR,Milakpur Turk,Khairthal-Tijara,Tapukara,C_unique_gp_name_statewide,2,twice,0
34286,1,0,OBC W,GEN,mundana,TIJARA,ALWAR,Mundana,Khairthal-Tijara,Tijara,C_unique_gp_name_statewide,1,once,0
34287,0,0,OBC,GEN,palpur,TIJARA,ALWAR,Palpur,Khairthal-Tijara,Tijara,C_unique_gp_name_statewide,0,never,0
34289,1,0,GEN W,OBC,rabhana,TIJARA,ALWAR,Rabhana,Khairthal-Tijara,Tapukara,C_unique_gp_name_statewide,1,once,0
34291,0,0,GEN,GEN,roopbas,TIJARA,ALWAR,Roopbas,Khairthal-Tijara,Tapukara,C_unique_gp_name_statewide,0,never,0
34296,1,1,SC W,GENW,virampur,TIJARA,ALWAR,Virampur,Khairthal-Tijara,Tapukara,C_unique_gp_name_statewide,2,twice,0
34297,0,1,GEN,SCW,jairoli,TIJARA,ALWAR,Jairoli,Khairthal-Tijara,Tijara,C_unique_gp_name_statewide,1,once,0
34301,1,1,ST W,GENW,baleta,UMREN,ALWAR,Baleta,Alwar,Malakhera,B_exact_gp_district,2,twice,0
34302,0,0,GEN,OBC,bhandodi,UMREN,ALWAR,Bhandodi,Alwar,Malakhera,B_exact_gp_district,0,never,0
34307,0,0,GEN,GEN,chandoli,UMREN,ALWAR,Chandoli,Alwar,Alwar,B_exact_gp_district,0,never,0
34309,0,0,GEN,OBC,dhakpuri,UMREN,ALWAR,Dhakpuri,Alwar,Malakhera,B_exact_gp_district,0,never,0
34311,1,0,GEN W,GEN,diwakari,UMREN,ALWAR,Diwakari,Alwar,Alwar,B_exact_gp_district,1,once,0
34314,1,1,OBC W,GENW,jamalpur,UMREN,ALWAR,Jamalpur,Alwar,Malakhera,B_exact_gp_district,2,twice,0
34317,1,1,OBC W,GENW,kairwawal,UMREN,ALWAR,Kairwawal,Alwar,Malakhera,B_exact_gp_district,2,twice,0
34320,0,1,OBC,SCW,madhogarh,UMREN,ALWAR,Madho Garh,Alwar,Alwar,B_exact_gp_district,1,once,0
34323,0,0,SC,OBC,mohabbatpur,UMREN,ALWAR,Mohabbatpur,Alwar,Malakhera,B_exact_gp_district,0,never,0
34324,0,1,SC,GENW,naithla,UMREN,ALWAR,Naithla,Alwar,Malakhera,B_exact_gp_district,1,once,0
34325,0,1,SC,STW,pala,UMREN,ALWAR,Pala,Alwar,Malakhera,B_exact_gp_district,1,once,0
34330,0,0,OBC,ST,salpur,UMREN,ALWAR,Salpur,Alwar,Malakhera,B_exact_gp_district,0,never,0
34333,1,0,GEN W,GEN,umren,UMREN,ALWAR,Umren,Alwar,Alwar,B_exact_gp_district,1,once,0
34335,0,1,ST,STW,anandpuri,ANANDPURI,BANSWARA,Anandpuri,Banswara,Anandpuri,A_exact_gp_district_samiti,1,once,0
34341,0,0,ST,ST,chhaja,ANANDPURI,BANSWARA,Chhaja,Banswara,Anandpuri,A_exact_gp_district_samiti,0,never,0
34342,1,0,ST W,ST,chikli teja,ANANDPURI,BANSWARA,Chikli Teja,Banswara,Anandpuri,A_exact_gp_district_samiti,1,once,0
34343,0,0,ST,ST,chordi,ANANDPURI,BANSWARA,Chordi,Banswara,Anandpuri,A_exact_gp_district_samiti,0,never,0
34346,0,0,ST,ST,kanela,ANANDPURI,BANSWARA,Kanela,Banswara,Anandpuri,A_exact_gp_district_samiti,0,never,0
34347,1,1,ST W,STW,karda,ANANDPURI,BANSWARA,Karda,Banswara,Anandpuri,A_exact_gp_district_samiti,2,twice,0
34348,0,1,ST,STW,madkola mogji,ANANDPURI,BANSWARA,Madkola Mogji,Banswara,Anandpuri,A_exact_gp_district_samiti,1,once,0
34351,0,1,ST,STW,naharpura,ANANDPURI,BANSWARA,Naharpura,Banswara,Anandpuri,A_exact_gp_district_samiti,1,once,0
34356,1,0,ST W,ST,ratanpura,ANANDPURI,BANSWARA,Ratanpura,Banswara,Anandpuri,A_exact_gp_district_samiti,1,once,0
34358,0,1,ST,STW,tamtiya,ANANDPURI,BANSWARA,Tamtiya,Banswara,Anandpuri,A_exact_gp_district_samiti,1,once,0
34360,0,1,ST,STW,bagidora,BAGIDORA,BANSWARA,Bagidora,Banswara,Bagidora,A_exact_gp_district_samiti,1,once,0
34367,0,0,GEN,SC,chokhala,BAYTOO,BARMER,Chokhala,Banswara,Bagidora,C_unique_gp_name_statewide,0,never,0
34371,1,1,ST W,STW,handi,BAGIDORA,BANSWARA,Handi,Banswara,Gangadtalai,B_exact_gp_district,2,twice,0
34381,0,0,ST,ST,lankai,BAGIDORA,BANSWARA,Lankai,Banswara,Gangadtalai,B_exact_gp_district,0,never,0
34382,0,1,ST,STW,moti timbi,BAGIDORA,BANSWARA,Moti Timbi,Banswara,Gangadtalai,B_exact_gp_district,1,once,0
34385,0,0,ST,ST,nal,BAGIDORA,BANSWARA,Nal,Banswara,Bagidora,A_exact_gp_district_samiti,0,never,0
34387,0,1,ST,STW,patan,BAGIDORA,BANSWARA,Patan,Banswara,Bagidora,A_exact_gp_district_samiti,1,once,0
34389,0,0,ST,ST,pindarma,BAGIDORA,BANSWARA,Pindarma,Banswara,Bagidora,A_exact_gp_district_samiti,0,never,0
34390,1,0,ST W,ST,rakho,BAGIDORA,BANSWARA,Rakho,Banswara,Bagidora,A_exact_gp_district_samiti,1,once,0
34391,1,1,ST W,STW,ram ka munna,BAGIDORA,BANSWARA,Ram Ka Munna,Banswara,Gangadtalai,B_exact_gp_district,2,twice,0
34395,1,1,ST W,STW,sallopat,BAGIDORA,BANSWARA,Sallopat,Banswara,Gangadtalai,B_exact_gp_district,2,twice,0
34456,0,0,ST,ST,anjana,GARHI,BANSWARA,Anjana,Banswara,Arthuna,B_exact_gp_district,0,never,0
34457,1,1,ST W,STW,asan,GARHI,BANSWARA,Asan,Banswara,Garhi,A_exact_gp_district_samiti,2,twice,0
34459,0,1,ST,STW,adore,GARHI,BANSWARA,Adore,Banswara,Garhi,A_exact_gp_district_samiti,1,once,0
34460,0,1,ST,STW,amja,GARHI,BANSWARA,Amja,Banswara,Garhi,A_exact_gp_district_samiti,1,once,0
34461,1,1,ST W,STW,arthuna,GARHI,BANSWARA,Arthuna,Banswara,Arthuna,B_exact_gp_district,2,twice,0
34464,0,0,ST,ST,bhagora,GARHI,BANSWARA,Bhagora,Banswara,Garhi,A_exact_gp_district_samiti,0,never,0
34465,0,0,ST,ST,bhimpur,GARHI,BANSWARA,Bhimpur,Banswara,Garhi,A_exact_gp_district_samiti,0,never,0
34466,0,1,ST,STW,bhimsour,GARHI,BANSWARA,Bhimsour,Banswara,Garhi,A_exact_gp_district_samiti,1,once,0
34468,0,1,ST,STW,bori,GARHI,BANSWARA,Bori,Banswara,Garhi,A_exact_gp_district_samiti,1,once,0
34473,0,0,ST,ST,gopinath ka gada,GARHI,BANSWARA,Gopi Nath Ka Gada,Banswara,Garhi,A_exact_gp_district_samiti,0,never,0
34475,0,0,ST,ST,jolana,GARHI,BANSWARA,Jolana,Banswara,Arthuna,B_exact_gp_district,0,never,0
34476,0,1,ST,STW,karanpur,GARHI,BANSWARA,Karanpur,Banswara,Garhi,A_exact_gp_district_samiti,1,once,0
34478,1,0,ST W,ST,kheda,GARHI,BANSWARA,Kheda,Banswara,Garhi,A_exact_gp_district_samiti,1,once,0
34479,1,1,ST W,STW,kheran ka parda,GARHI,BANSWARA,Kheran Ka Parda,Banswara,Garhi,A_exact_gp_district_samiti,2,twice,0
34480,1,0,ST W,ST,khodan,GARHI,BANSWARA,Khodan,Banswara,Garhi,A_exact_gp_district_samiti,1,once,0
34482,1,1,ST W,STW,kotda bada,GARHI,BANSWARA,Kotda Bada,Banswara,Garhi,A_exact_gp_district_samiti,2,twice,0
34484,0,1,ST,STW,lohariya,GARHI,BANSWARA,Lohariya,Banswara,Garhi,A_exact_gp_district_samiti,1,once,0
34486,0,1,ST,STW,malana,GARHI,BANSWARA,Malana,Banswara,Arthuna,B_exact_gp_district,1,once,0
34487,1,0,ST W,ST,metwala,GARHI,BANSWARA,Metwala,Banswara,Garhi,A_exact_gp_district_samiti,1,once,0
34492,1,1,ST W,STW,padedi,GARHI,BANSWARA,Padedi,Banswara,Arthuna,B_exact_gp_district,2,twice,0
34494,1,0,ST W,ST,panasi chhoti,GARHI,BANSWARA,Panasi Chhoti,Banswara,Garhi,A_exact_gp_district_samiti,1,once,0
34496,1,0,ST W,ST,raiyana,GARHI,BANSWARA,Raiyana,Banswara,Arthuna,B_exact_gp_district,1,once,0
34498,0,1,ST,STW,rohida,GARHI,BANSWARA,Rohida,Banswara,Garhi,A_exact_gp_district_samiti,1,once,0
34502,0,1,ST,STW,saredi badi,GARHI,BANSWARA,Saredi Badi,Banswara,Garhi,A_exact_gp_district_samiti,1,once,0
34503,0,1,ST,STW,saredi chhoti,GARHI,BANSWARA,Saredi Chhoti,Banswara,Garhi,A_exact_gp_district_samiti,1,once,0
34507,0,1,ST,STW,umbada,GARHI,BANSWARA,Umbada,Banswara,Garhi,A_exact_gp_district_samiti,1,once,0
34508,0,0,ST,ST,vajvana,GARHI,BANSWARA,Vajvana,Banswara,Garhi,A_exact_gp_district_samiti,0,never,0
34510,0,1,ST,STW,amarsingh ka gada,GHATOL,BANSWARA,Amar Singh Ka Gada,Banswara,Ganora,B_exact_gp_district,1,once,0
34511,1,0,ST W,ST,amarthun,GHATOL,BANSWARA,Amarthun,Banswara,Ghatol,A_exact_gp_district_samiti,1,once,0
34512,0,0,ST,ST,badana,GHATOL,BANSWARA,Badana,Banswara,Ghatol,A_exact_gp_district_samiti,0,never,0
34514,0,0,ST,ST,baman pada,GHATOL,BANSWARA,Baman Pada,Banswara,Ganora,B_exact_gp_district,0,never,0
34516,0,0,ST,ST,badgun,GHATOL,BANSWARA,Badgun,Banswara,Ghatol,A_exact_gp_district_samiti,0,never,0
34517,0,1,ST,STW,bassi ada,GHATOL,BANSWARA,Bassiada,Banswara,Ganora,B_exact_gp_district,1,once,0
34519,0,1,GEN,SCW,bhungra,SHERGARH,JODHPUR,Bhungra,Banswara,Ghatol,C_unique_gp_name_statewide,1,once,0
34523,0,0,ST,ST,borda,GHATOL,BANSWARA,Borda,Banswara,Ganora,B_exact_gp_district,0,never,0
34524,0,0,ST,ST,borpi khanta,GHATOL,BANSWARA,Borpikhanta,Banswara,Ghatol,A_exact_gp_district_samiti,0,never,0
34528,0,0,ST,ST,dagal,GHATOL,BANSWARA,Dagal,Banswara,Ghatol,A_exact_gp_district_samiti,0,never,0
34532,0,0,ST,ST,dungar,GHATOL,BANSWARA,Dungar,Banswara,Ghatol,A_exact_gp_district_samiti,0,never,0
34534,1,1,ST,STW,ganoda,GHATOL,BANSWARA,Ganoda,Banswara,Ganora,B_exact_gp_district,2,twice,0
34535,0,1,ST,STW,ghatol,GHATOL,BANSWARA,Ghatol,Banswara,Ghatol,A_exact_gp_district_samiti,1,once,0
34538,1,0,ST W,ST,jagpura,GHATOL,BANSWARA,Jagpura,Banswara,Ganora,B_exact_gp_district,1,once,0
34539,1,1,ST W,STW,kali magri,GHATOL,BANSWARA,Kalimagri,Banswara,Ghatol,A_exact_gp_district_samiti,2,twice,0
34540,0,0,ST,ST,kanji ka gada,GHATOL,BANSWARA,Kanji Ka Gada,Banswara,Ghatol,A_exact_gp_district_samiti,0,never,0
34545,1,1,ST W,STW,miyasa,GHATOL,BANSWARA,Miyasa,Banswara,Ghatol,A_exact_gp_district_samiti,2,twice,0
34547,0,0,ST,ST,mota tanda,GHATOL,BANSWARA,Mota Tanda,Banswara,Ganora,B_exact_gp_district,0,never,0
34548,0,0,ST,ST,motagaon,GHATOL,BANSWARA,Motagaon,Banswara,Ganora,B_exact_gp_district,0,never,0
34551,0,0,ST,ST,narwali,GHATOL,BANSWARA,Narwali,Banswara,Ghatol,A_exact_gp_district_samiti,0,never,0
34555,0,1,ST,STW,padoli gordhan,GHATOL,BANSWARA,Padoli Gordhan,Banswara,Ghatol,A_exact_gp_district_samiti,1,once,0
34566,0,1,ST,STW,bassi,KUSHALGARH,BANSWARA,Bassi,Banswara,Kushalgarh,A_exact_gp_district_samiti,1,once,0
34568,0,0,ST,ST,bhagatpura,KUSHALGARH,BANSWARA,Bhagatpura,Banswara,Kushalgarh,A_exact_gp_district_samiti,0,never,0
34569,0,1,ST,STW,bijori badi,KUSHALGARH,BANSWARA,Bijori Badi,Banswara,Kushalgarh,A_exact_gp_district_samiti,1,once,0
34580,0,1,ST,SCW,mahura,MAVLI,UDAIPUR,Mahura,Banswara,Kushalgarh,C_unique_gp_name_statewide,1,once,0
34583,0,1,ST,STW,patan,KUSHALGARH,BANSWARA,Patan,Banswara,Kushalgarh,A_exact_gp_district_samiti,1,once,0
34585,0,0,ST,ST,ramgarh,KUSHALGARH,BANSWARA,Ramgarh,Banswara,Kushalgarh,A_exact_gp_district_samiti,0,never,0
34589,1,1,ST W,STW,thummath,KUSHALGARH,BANSWARA,Thummath,Banswara,Kushalgarh,A_exact_gp_district_samiti,2,twice,0
34590,1,0,ST W,ST,ukala,KUSHALGARH,BANSWARA,Ukala,Banswara,Kushalgarh,A_exact_gp_district_samiti,1,once,0
34595,0,0,ST,ST,chhari,PEEPALKHOONT,PRATAPGARH,Chhari,Pratapgarh,Suhagpura,B_exact_gp_district,0,never,0
34607,0,0,ST,ST,kalighati,PEEPALKHOONT,PRATAPGARH,Kali Ghati,Pratapgarh,Peepalkhoont,A_exact_gp_district_samiti,0,never,0
34618,0,1,ST,STW,nayan,PEEPALKHOONT,PRATAPGARH,Nayan,Pratapgarh,Peepalkhoont,A_exact_gp_district_samiti,1,once,0
34619,0,1,ST,STW,parthipura,PEEPALKHOONT,PRATAPGARH,Parthipura,Pratapgarh,Peepalkhoont,A_exact_gp_district_samiti,1,once,0
34625,1,0,ST W,ST,sodalpur,PEEPALKHOONT,PRATAPGARH,Sodalpur,Pratapgarh,Suhagpura,B_exact_gp_district,1,once,0
34627,0,0,ST,ST,thechla,PEEPALKHOONT,PRATAPGARH,Thechla,Pratapgarh,Peepalkhoont,A_exact_gp_district_samiti,0,never,0
34628,0,0,ST,ST,andeshwar,SAJJANGARH,BANSWARA,Andeshwar,Banswara,Sajjangarh,A_exact_gp_district_samiti,0,never,0
34635,0,0,ST,ST,himmatgarh,SAJJANGARH,BANSWARA,Himmatgarh,Banswara,Sajjangarh,A_exact_gp_district_samiti,0,never,0
34636,1,1,ST W,STW,itala,SAJJANGARH,BANSWARA,Itala,Banswara,Sajjangarh,A_exact_gp_district_samiti,2,twice,0
34637,0,1,ST,STW,jalimpura,SAJJANGARH,BANSWARA,Jalimpura,Banswara,Sajjangarh,A_exact_gp_district_samiti,1,once,0
34647,1,1,ST W,STW,pali badi,SAJJANGARH,BANSWARA,Pali Badi,Banswara,Sajjangarh,A_exact_gp_district_samiti,2,twice,0
34648,0,1,ST,STW,rathdhanraj,SAJJANGARH,BANSWARA,Rath Dhan Raj,Banswara,Sajjangarh,A_exact_gp_district_samiti,1,once,0
34651,0,1,ST,STW,sajjangarh,SAJJANGARH,BANSWARA,Sajjangarh,Banswara,Sajjangarh,A_exact_gp_district_samiti,1,once,0
34654,1,0,ST W,ST,tambesra,SAJJANGARH,BANSWARA,Tambesra,Banswara,Sajjangarh,A_exact_gp_district_samiti,1,once,0
34655,0,1,ST,STW,tanda mangla,SAJJANGARH,BANSWARA,Tanda Mangla,Banswara,Sajjangarh,A_exact_gp_district_samiti,1,once,0
34656,1,0,ST W,ST,tanda ratna,SAJJANGARH,BANSWARA,Tanda Ratna,Banswara,Sajjangarh,A_exact_gp_district_samiti,1,once,0
34657,0,0,ST,ST,tandi badi,SAJJANGARH,BANSWARA,Tandi Badi,Banswara,Sajjangarh,A_exact_gp_district_samiti,0,never,0
34659,1,0,GEN W,GEN,balakhera,ANTAH,BARAN,Bala Khera,Baran,Anta,B_exact_gp_district,1,once,0
34660,1,0,GEN W,ST,baldara,ANTAH,BARAN,Baldara,Baran,Anta,B_exact_gp_district,1,once,0
34662,0,0,GEN,OBC,bamori kalan,ANTAH,BARAN,Bamori Kalan,Baran,Mangrol,B_exact_gp_district,0,never,0
34665,0,0,SC,ST,bhatwara,ANTAH,BARAN,Bhatwara,Baran,Mangrol,B_exact_gp_district,0,never,0
34667,0,0,GEN,OBC,bijora,ANTAH,BARAN,Bijora,Baran,Anta,B_exact_gp_district,0,never,0
34672,0,0,OBC,SC,jai nagar,ANTAH,BARAN,Jai Nagar,Baran,Anta,B_exact_gp_district,0,never,0
34673,0,0,GEN,GEN,jalodatejaji,ANTAH,BARAN,Jaloda Tejaji,Baran,Mangrol,B_exact_gp_district,0,never,0
34674,1,1,OBC W,GENW,jarela,ANTAH,BARAN,Jarela,Baran,Mangrol,B_exact_gp_district,2,twice,0
34678,0,0,GEN,SC,mahalpur,ANTAH,BARAN,Mahalpur,Baran,Mangrol,B_exact_gp_district,0,never,0
34683,0,0,SC,ST,niyana,ANTAH,BARAN,Niyana,Baran,Anta,B_exact_gp_district,0,never,0
34684,1,0,ST W,GEN,pachel kalan,ANTAH,BARAN,Pachel Kalan,Baran,Anta,B_exact_gp_district,1,once,0
34685,0,1,GEN,GENW,palaytha,ANTAH,BARAN,Palaytha,Baran,Anta,B_exact_gp_district,1,once,0
34686,0,0,OBC,SC,palsawa,ANTAH,BARAN,Palsawa,Baran,Anta,B_exact_gp_district,0,never,0
34688,0,1,SC,GENW,raithal,ANTAH,BARAN,Raithal,Baran,Mangrol,B_exact_gp_district,1,once,0
34692,0,0,GEN,SC,sorsan,ANTAH,BARAN,Sorsan,Baran,Anta,B_exact_gp_district,0,never,0
34696,0,1,GEN,GENW,antana,ATRU,BARAN,Antana,Baran,Atru,A_exact_gp_district_samiti,1,once,0
34697,1,0,ST W,SC,ardand,ATRU,BARAN,Ardand,Baran,Atru,A_exact_gp_district_samiti,1,once,0
34700,0,0,GEN,SC,badora,ATRU,BARAN,Badora,Baran,Atru,A_exact_gp_district_samiti,0,never,0
34701,0,0,GEN,SC,bamori,ATRU,BARAN,Bamori,Baran,Atru,A_exact_gp_district_samiti,0,never,0
34704,0,0,SC,GEN,chardana,ATRU,BARAN,Chardana,Baran,Atru,A_exact_gp_district_samiti,0,never,0
34706,0,1,SC,GENW,deelodhathi,ATRU,BARAN,Deelod Hathi,Baran,Atru,A_exact_gp_district_samiti,1,once,0
34708,0,0,ST,OBC,gordhanpura,ATRU,BARAN,Gordhanpura,Baran,Atru,A_exact_gp_district_samiti,0,never,0
34709,0,0,GEN,OBC,jeerod,ATRU,BARAN,Jeerod,Baran,Atru,A_exact_gp_district_samiti,0,never,0
34710,1,0,GEN W,ST,kanotiya,ATRU,BARAN,Kanotiya,Baran,Atru,A_exact_gp_district_samiti,1,once,0
34711,1,0,SC W,OBC,katawar,ATRU,BARAN,Katawar,Baran,Atru,A_exact_gp_district_samiti,1,once,0
34712,0,0,OBC,ST,kawai,ATRU,BARAN,Kawai,Baran,Atru,A_exact_gp_district_samiti,0,never,0
34713,1,0,GEN W,SC,kerwaliya,ATRU,BARAN,Kerwaliya,Baran,Atru,A_exact_gp_district_samiti,1,once,0
34715,0,0,ST,SC,kharkhada ram lothan,ATRU,BARAN,Kharkhada Ramlothan,Baran,Atru,A_exact_gp_district_samiti,0,never,0
34716,0,0,GEN,OBC,khuri,ATRU,BARAN,Khuri,Baran,Atru,A_exact_gp_district_samiti,0,never,0
34717,0,0,GEN,ST,kishanpura,ATRU,BARAN,Kishanpura,Baran,Atru,A_exact_gp_district_samiti,0,never,0
34718,0,0,GEN,SC,kundi,ATRU,BARAN,Kundi,Baran,Atru,A_exact_gp_district_samiti,0,never,0
34720,0,1,ST,GENW,mermachah,ATRU,BARAN,Mermachah,Baran,Atru,A_exact_gp_district_samiti,1,once,0
34722,0,1,GEN,GENW,musai gujran,ATRU,BARAN,Musai Gujran,Baran,Atru,A_exact_gp_district_samiti,1,once,0
34723,1,0,GEN W,ST,mothpur,ATRU,BARAN,Mothpur,Baran,Atru,A_exact_gp_district_samiti,1,once,0
34724,0,0,OBC,GEN,nanawata,ATRU,BARAN,Nanawata,Baran,Atru,A_exact_gp_district_samiti,0,never,0
34725,0,0,GEN,GEN,patna,ATRU,BARAN,Patna,Baran,Atru,A_exact_gp_district_samiti,0,never,0
34727,0,1,GEN,GENW,sahrod,ATRU,BARAN,Sahrod,Baran,Atru,A_exact_gp_district_samiti,1,once,0
34729,1,0,OBC W,SC,shergarh,ATRU,BARAN,Shergarh,Baran,Atru,A_exact_gp_district_samiti,1,once,0
34735,0,1,GEN,GENW,fatehpur,BARAN,BARAN,Fatehpur,Baran,Baran,A_exact_gp_district_samiti,1,once,0
34741,0,1,SC,STW,koyla,BAMANWAS,SAWAIMADHOPUR,Koyla,Baran,Baran,C_unique_gp_name_statewide,1,once,0
34744,0,0,SC,ST,mathana,BARAN,BARAN,Mathana,Baran,Baran,A_exact_gp_district_samiti,0,never,0
34745,0,0,ST,SC,miyada,BARAN,BARAN,Miyada,Baran,Baran,A_exact_gp_district_samiti,0,never,0
34746,0,1,ST,GENW,nareda,BARAN,BARAN,Nareda,Baran,Baran,A_exact_gp_district_samiti,1,once,0
34747,1,0,GEN W,ST,patheda,BARAN,BARAN,Patheda,Baran,Baran,A_exact_gp_district_samiti,1,once,0
34749,1,1,GEN W,GENW,ratawad,BARAN,BARAN,Ratawad,Baran,Baran,A_exact_gp_district_samiti,2,twice,0
34750,1,0,GEN W,SC,sambalpur,BARAN,BARAN,Sambalpur,Baran,Baran,A_exact_gp_district_samiti,1,once,0
34751,1,0,SC W,GEN,seemli,BARAN,BARAN,Seemli,Baran,Baran,A_exact_gp_district_samiti,1,once,0
34752,0,0,SC,OBC,sundlak,BARAN,BARAN,Sundlak,Baran,Baran,A_exact_gp_district_samiti,0,never,0
34756,0,0,GEN,SC,bapcha,CHHABRA,BARAN,Bapcha,Baran,Chhabra,A_exact_gp_district_samiti,0,never,0
34762,0,1,ST,GENW,dilod,CHHABRA,BARAN,Dilod,Baran,Chhabra,A_exact_gp_district_samiti,1,once,0
34764,0,0,GEN,OBC,ghatakheri,CHHABRA,BARAN,Ghata Kheri,Baran,Chhabra,A_exact_gp_district_samiti,0,never,0
34765,0,0,SC,GEN,godiyamehar,CHHABRA,BARAN,Godiya Mehar,Baran,Chhabra,A_exact_gp_district_samiti,0,never,0
34772,0,0,GEN,SC,kadaiyanohar,CHHABRA,BARAN,Kadaiya Nohar,Baran,Chhabra,A_exact_gp_district_samiti,0,never,0
34773,0,0,ST,GEN,khopar,CHHABRA,BARAN,Khopar,Baran,Chhabra,A_exact_gp_district_samiti,0,never,0
34777,0,1,GEN,GENW,nipaniya,CHHABRA,BARAN,Nipaniya,Baran,Chhabra,A_exact_gp_district_samiti,1,once,0
34780,0,0,SC,GEN,semli,CHHABRA,BARAN,Semli,Baran,Chhabra,A_exact_gp_district_samiti,0,never,0
34782,1,1,GEN W,GENW,telni,CHHABRA,BARAN,Telni,Baran,Chhabra,A_exact_gp_district_samiti,2,twice,0
34784,0,0,SC,GEN,amlawadaali,CHHIPABAROD,BARAN,Amlawadaali,Baran,Chhipabarod,A_exact_gp_district_samiti,0,never,0
34785,0,0,ST,GEN,bamori ghata,CHHIPABAROD,BARAN,Bamori Ghata,Baran,Chhipabarod,A_exact_gp_district_samiti,0,never,0
34786,0,0,GEN,SC,banjari,CHHIPABAROD,BARAN,Banjari,Baran,Chhipabarod,A_exact_gp_district_samiti,0,never,0
34787,1,0,GEN W,ST,bilendi,CHHIPABAROD,BARAN,Bilendi,Baran,Chhipabarod,A_exact_gp_district_samiti,1,once,0
34788,1,1,GEN W,GENW,bhavpura,CHHIPABAROD,BARAN,Bhavpura,Baran,Chhipabarod,A_exact_gp_district_samiti,2,twice,0
34792,0,0,ST,GEN,dholam,CHHIPABAROD,BARAN,Dholam,Baran,Chhipabarod,A_exact_gp_district_samiti,0,never,0
34794,0,1,OBC,GENW,gagchana,CHHIPABAROD,BARAN,Gagchana,Baran,Chhipabarod,A_exact_gp_district_samiti,1,once,0
34795,1,0,SC W,ST,gordhanpura,CHHIPABAROD,BARAN,Gordhanpura,Baran,Chhipabarod,A_exact_gp_district_samiti,1,once,0
34796,0,0,GEN,GEN,harnawada shahji,CHHIPABAROD,BARAN,Harnawada Shahji,Baran,Chhipabarod,A_exact_gp_district_samiti,0,never,0
34797,0,0,GEN,ST,jhanjhani,CHHIPABAROD,BARAN,Jhanjhani,Baran,Chhipabarod,A_exact_gp_district_samiti,0,never,0
34799,0,0,GEN,ST,kalmodiya,CHHIPABAROD,BARAN,Kalmodiya,Baran,Chhipabarod,A_exact_gp_district_samiti,0,never,0
34800,0,0,ST,OBC,kalpa jageer,CHHIPABAROD,BARAN,Kalpa Jageer,Baran,Chhipabarod,A_exact_gp_district_samiti,0,never,0
34804,0,0,GEN,SC,mokhampura,CHHIPABAROD,BARAN,Mokhampura,Baran,Chhipabarod,A_exact_gp_district_samiti,0,never,0
34806,0,1,GEN,GENW,peethpur,CHHIPABAROD,BARAN,Peethpur,Baran,Chhipabarod,A_exact_gp_district_samiti,1,once,0
34808,1,1,OBC W,GENW,rai,CHHIPABAROD,BARAN,Rai,Baran,Chhipabarod,A_exact_gp_district_samiti,2,twice,0
34809,0,1,GEN,GENW,sarthal,CHHIPABAROD,BARAN,Sarthal,Baran,Chhipabarod,A_exact_gp_district_samiti,1,once,0
34812,0,1,ST,OBCW,tancha,CHHIPABAROD,BARAN,Tancha,Baran,Chhipabarod,A_exact_gp_district_samiti,1,once,0
34814,0,0,ST,SC,badipura,KISHANGANJ,BARAN,Badipura,Baran,Kishanganj,A_exact_gp_district_samiti,0,never,0
34816,0,0,OBC,ST,bakanpura,KISHANGANJ,BARAN,Bakanpura,Baran,Kishanganj,A_exact_gp_district_samiti,0,never,0
34818,0,0,ST,GEN,bhanwargarh,KISHANGANJ,BARAN,Bhanwargarh,Baran,Kishanganj,A_exact_gp_district_samiti,0,never,0
34825,1,1,GEN W,GENW,garda,KISHANGANJ,BARAN,Garda,Baran,Kishanganj,A_exact_gp_district_samiti,2,twice,0
34826,0,0,ST,GEN,ghatti,KISHANGANJ,BARAN,Ghatti,Baran,Kishanganj,A_exact_gp_district_samiti,0,never,0
34827,0,0,GEN,SC,jalwara,KISHANGANJ,BARAN,Jalwara,Baran,Kishanganj,A_exact_gp_district_samiti,0,never,0
34829,0,0,GEN,ST,karwari kalan,KISHANGANJ,BARAN,Karwari Kalan,Baran,Kishanganj,A_exact_gp_district_samiti,0,never,0
34830,1,0,GEN W,ST,khandela,KISHANGANJ,BARAN,Khandela,Baran,Kishanganj,A_exact_gp_district_samiti,1,once,0
34834,0,0,ST,GEN,nahargarh,KISHANGANJ,BARAN,Nahargarh,Baran,Kishanganj,A_exact_gp_district_samiti,0,never,0
34835,0,0,ST,OBC,paraniya,KISHANGANJ,BARAN,Paraniya,Baran,Kishanganj,A_exact_gp_district_samiti,0,never,0
34837,0,1,GEN,GENW,ramgarh,KISHANGANJ,BARAN,Ramgarh,Baran,Kishanganj,A_exact_gp_district_samiti,1,once,0
34839,0,0,SC,ST,relawan,KISHANGANJ,BARAN,Relawan,Baran,Kishanganj,A_exact_gp_district_samiti,0,never,0
34841,0,0,GEN,ST,sewani,KISHANGANJ,BARAN,Sewani,Baran,Kishanganj,A_exact_gp_district_samiti,0,never,0
34846,1,1,ST W,GENW,balda,SHAHBAD,BARAN,Balda,Baran,Shahbad,A_exact_gp_district_samiti,2,twice,0
34854,0,0,ST,GEN,gadreta,SHAHBAD,BARAN,Gadreta,Baran,Shahbad,A_exact_gp_district_samiti,0,never,0
34856,1,1,GEN W,STW,khanda sahrol,SHAHBAD,BARAN,Khanda Sahrol,Baran,Shahbad,A_exact_gp_district_samiti,2,twice,0
34857,0,0,GEN,ST,kasba nonera,SHAHBAD,BARAN,Kasba Nonera,Baran,Shahbad,A_exact_gp_district_samiti,0,never,0
34858,0,0,SC,GEN,kasbathana,SHAHBAD,BARAN,Kasba Thana,Baran,Shahbad,A_exact_gp_district_samiti,0,never,0
34862,0,0,ST,GEN,mahodra,SHAHBAD,BARAN,Mahodra,Baran,Shahbad,A_exact_gp_district_samiti,0,never,0
34864,0,0,GEN,SC,natai,SHAHBAD,BARAN,Natai,Baran,Shahbad,A_exact_gp_district_samiti,0,never,0
34866,1,0,GEN W,ST,rajpur,SHAHBAD,BARAN,Rajpur,Baran,Shahbad,A_exact_gp_district_samiti,1,once,0
34867,0,1,ST,GENW,samraniya,SHAHBAD,BARAN,Samraniya,Baran,Shahbad,A_exact_gp_district_samiti,1,once,0
34869,1,0,ST W,GEN,sanwara,SHAHBAD,BARAN,Sanwara,Baran,Shahbad,A_exact_gp_district_samiti,1,once,0
34874,0,1,GEN,GENW,asada,BALOTRA,BARMER,Asada,Balotra,Pachpadra,C_unique_gp_name_statewide,1,once,0
34877,1,0,GEN W,GEN,balaujati,BALOTRA,BARMER,Balau Jati,Balotra,Kalyanpur,C_unique_gp_name_statewide,1,once,0
34881,0,0,GEN,OBC,chandesara,MAVLI,UDAIPUR,Chandesara,Balotra,Pachpadra,C_unique_gp_name_statewide,0,never,0
34882,0,1,GEN,GENW,chilanadi,BALOTRA,BARMER,Chilanadi,Balotra,Pachpadra,C_unique_gp_name_statewide,1,once,0
34886,0,1,GEN,GENW,gangawas,BALOTRA,BARMER,Gangawas,Balotra,Kalyanpur,C_unique_gp_name_statewide,1,once,0
34889,0,0,GEN,ST,gwalnada,BALOTRA,BARMER,Gwalnada,Balotra,Kalyanpur,C_unique_gp_name_statewide,0,never,0
34890,0,0,SC,GEN,jagsa,BALOTRA,BARMER,Jagsa,Balotra,Pachpadra,C_unique_gp_name_statewide,0,never,0
34891,1,1,GEN W,SCW,jasol,BALOTRA,BARMER,Jasol,Balotra,Pachpadra,C_unique_gp_name_statewide,2,twice,0
34900,0,1,OBC,GENW,korna,BALOTRA,BARMER,Korna,Balotra,Kalyanpur,C_unique_gp_name_statewide,1,once,0
34902,0,0,GEN,OBC,majiwala,BALOTRA,BARMER,Majiwala,Balotra,Pachpadra,C_unique_gp_name_statewide,0,never,0
34904,0,0,OBC,SC,mewanagar,BALOTRA,BARMER,Mewa Nagar,Balotra,Pachpadra,C_unique_gp_name_statewide,0,never,0
34910,0,1,GEN,GENW,pachpadra,BALOTRA,BARMER,Pachpadra,Balotra,Pachpadra,C_unique_gp_name_statewide,1,once,0
34912,1,0,OBC W,GEN,patodi,BALOTRA,BARMER,Patodi,Balotra,Patodi,C_unique_gp_name_statewide,1,once,0
34919,0,0,GEN,GEN,simarkhiya,BALOTRA,BARMER,Simarkhiya,Balotra,Patodi,C_unique_gp_name_statewide,0,never,0
34920,1,0,OBC W,GEN,sinli jageer,BALOTRA,BARMER,Sinli Jageer,Balotra,Pachpadra,C_unique_gp_name_statewide,1,once,0
34921,0,1,SC,OBCW,tapra,BALOTRA,BARMER,Tapra,Balotra,Pachpadra,C_unique_gp_name_statewide,1,once,0
34924,0,1,GEN,OBCW,tilwara,BALOTRA,BARMER,Tilwara,Balotra,Pachpadra,C_unique_gp_name_statewide,1,once,0
34925,1,1,OBC W,GENW,umarlai,BALOTRA,BARMER,Umarlai,Balotra,Pachpadra,C_unique_gp_name_statewide,2,twice,0
34928,0,1,ST,GENW,babuguleriya,BARMER,BARMER,Babuguleriya,Barmer,Ramsar,B_exact_gp_district,1,once,0
34930,0,1,OBC,GENW,balera,BARMER,BARMER,Balera,Barmer,Barmer,A_exact_gp_district_samiti,1,once,0
34932,0,0,GEN,GEN,bhachbhar,BARMER,BARMER,Bhachbhar,Barmer,Ramsar,B_exact_gp_district,0,never,0
34935,1,0,GEN W,OBC,bola,BARMER,BARMER,Bola,Barmer,Barmer,A_exact_gp_district_samiti,1,once,0
34938,1,0,GEN W,SC,chadar madrup,BARMER,BARMER,Chadar Madrup,Barmer,Ramsar,B_exact_gp_district,1,once,0
34939,0,1,GEN,GENW,chadi,BARMER,BARMER,Chadi,Barmer,Ramsar,B_exact_gp_district,1,once,0
34941,0,1,OBC,GENW,derasar,BARMER,BARMER,Derasar,Barmer,Ramsar,B_exact_gp_district,1,once,0
34942,0,1,OBC,OBCW,dharasar,BARMER,BARMER,Dharasar,Barmer,Chohtan,B_exact_gp_district,1,once,0
34943,0,1,GEN,SCW,dudaberi,BARMER,BARMER,Dudaberi,Barmer,Barmer,A_exact_gp_district_samiti,1,once,0
34945,0,0,ST,SC,gangala,BARMER,BARMER,Gangala,Barmer,Ramsar,B_exact_gp_district,0,never,0
34946,1,0,GEN W,GEN,garal,BARMER,BARMER,Garal,Barmer,Barmer,A_exact_gp_district_samiti,1,once,0
34948,0,1,GEN,GENW,hathitala,BARMER,BARMER,Hathitala,Barmer,Barmer,A_exact_gp_district_samiti,1,once,0
34953,0,0,OBC,GEN,jalipa,BARMER,BARMER,Jalipa,Barmer,Barmer Gramin,B_exact_gp_district,0,never,0
34954,0,0,SC,GEN,jasai,BARMER,BARMER,Jasai,Barmer,Barmer,A_exact_gp_district_samiti,0,never,0
34955,1,0,OBC W,GEN,kantal ka par,BARMER,BARMER,Kantal Ka Par,Barmer,Ramsar,B_exact_gp_district,1,once,0
34958,1,0,GEN W,GEN,mahabar,BARMER,BARMER,Mahabar,Barmer,Barmer,A_exact_gp_district_samiti,1,once,0
34961,1,1,SC W,OBCW,nand,BARMER,BARMER,Nand,Barmer,Barmer,A_exact_gp_district_samiti,2,twice,0
34963,0,0,GEN,OBC,ramsar,BARMER,BARMER,Ramsar,Barmer,Ramsar,B_exact_gp_district,0,never,0
34964,1,1,GEN W,GENW,ranigaon,BARMER,BARMER,Ranigaon,Barmer,Barmer,A_exact_gp_district_samiti,2,twice,0
34965,0,1,GEN,OBCW,ratasar,BARMER,BARMER,Ratasar,Barmer,Chohtan,B_exact_gp_district,1,once,0
34966,0,0,GEN,GEN,sanau,BARMER,BARMER,Sanau,Barmer,Chohtan,B_exact_gp_district,0,never,0
34967,0,0,OBC,GEN,sanawara,BARMER,BARMER,Sanawara,Barmer,Barmer,A_exact_gp_district_samiti,0,never,0
34968,0,0,GEN,OBC,setrau,BARMER,BARMER,Setrau,Barmer,Ramsar,B_exact_gp_district,0,never,0
34972,0,0,GEN,SC,taratara math,BARMER,BARMER,Tarataramath,Barmer,Chohtan,B_exact_gp_district,0,never,0
34973,0,1,GEN,GENW,undkha,BARMER,BARMER,Undkha,Barmer,Barmer,A_exact_gp_district_samiti,1,once,0
34978,0,0,GEN,GEN,baitu bhopji,BAYTOO,BARMER,Baitu Bhopji,Balotra,Baytoo,C_unique_gp_name_statewide,0,never,0
34979,0,1,GEN,OBCW,baitu chimanji,BAYTOO,BARMER,Baitu Chimanji,Balotra,Baytoo,C_unique_gp_name_statewide,1,once,0
34980,1,0,SC W,ST,bandra,BAYTOO,BARMER,Bandra,Barmer,Barmer Gramin,B_exact_gp_district,1,once,0
34981,0,0,GEN,GEN,batadu,BAYTOO,BARMER,Batadu,Barmer,Batadoo,B_exact_gp_district,0,never,0
34982,1,1,GEN W,OBCW,baitu panji,BAYTOO,BARMER,Baitu Panji,Balotra,Baytoo,C_unique_gp_name_statewide,2,twice,0
34983,0,0,GEN,GEN,bhadkha,BAYTOO,BARMER,Bhadkha,Barmer,Barmer Gramin,B_exact_gp_district,0,never,0
34984,1,0,OBC W,GEN,bheemda,BAYTOO,BARMER,Bheemda,Barmer,Batadoo,B_exact_gp_district,1,once,0
34985,1,0,GEN W,GEN,bhurtiya,BAYTOO,BARMER,Bhurtiya,Barmer,Barmer Gramin,B_exact_gp_district,1,once,0
34987,0,1,GEN,GENW,chidiya,BAYTOO,BARMER,Chidiya,Balotra,Gida,C_unique_gp_name_statewide,1,once,0
34988,0,1,GEN,GENW,chhitar ka par,BAYTOO,BARMER,Chhitar Ka Par,Barmer,Batadoo,B_exact_gp_district,1,once,0
34989,0,1,ST,STW,chokhla,BAGIDORA,BANSWARA,Chokhla,Barmer,Batadoo,C_unique_gp_name_statewide,1,once,0
34991,0,1,SC,OBCW,heera ki dhani,BAYTOO,BARMER,Heera Ki Dhani,Balotra,Baytoo,C_unique_gp_name_statewide,1,once,0
34994,0,1,GEN,GENW,jhak,BAYTOO,BARMER,Jhak,Barmer,Batadoo,B_exact_gp_district,1,once,0
35000,0,0,ST,GEN,kharapar,BAYTOO,BARMER,Kharapar,Balotra,Gida,C_unique_gp_name_statewide,0,never,0
35002,0,1,OBC,GENW,khokhsar,BAYTOO,BARMER,Khokhsar,Balotra,Gida,C_unique_gp_name_statewide,1,once,0
35003,0,1,GEN,GENW,khokhsar paschim,BAYTOO,BARMER,Khokhsar Paschim,Balotra,Gida,C_unique_gp_name_statewide,1,once,0
35004,1,0,OBC W,GEN,kolu,BAYTOO,BARMER,Kolu,Balotra,Baytoo,C_unique_gp_name_statewide,1,once,0
35009,0,0,SC,OBC,madhasar,BAYTOO,BARMER,Madhasar,Balotra,Baytoo,C_unique_gp_name_statewide,0,never,0
35010,0,1,OBC,GENW,madpura barwala,BAYTOO,BARMER,Madpura Barwala,Balotra,Baytoo,C_unique_gp_name_statewide,1,once,0
35015,1,0,SC W,GEN,rateu,BAYTOO,BARMER,Rateu,Balotra,Gida,C_unique_gp_name_statewide,1,once,0
35024,0,0,OBC,SC,arti,CHOHTAN,BARMER,Arti,Barmer,Sedwa,B_exact_gp_district,0,never,0
35025,0,0,GEN,GEN,bakhasar,CHOHTAN,BARMER,Bakhasar,Barmer,Sedwa,B_exact_gp_district,0,never,0
35028,1,1,GEN W,GENW,bhalgaon,CHOHTAN,BARMER,Bhalgaon,Barmer,Sedwa,B_exact_gp_district,2,twice,0
35029,1,1,SC W,GENW,bhanwar,CHOHTAN,BARMER,Bhanwar,Barmer,Sedwa,B_exact_gp_district,2,twice,0
35030,0,0,GEN,ST,bhanwariya,CHOHTAN,BARMER,Bhanwariya,Barmer,Sedwa,B_exact_gp_district,0,never,0
35031,0,1,GEN,GENW,bhojariya,CHOHTAN,BARMER,Bhojariya,Barmer,Chohtan,A_exact_gp_district_samiti,1,once,0
35032,0,0,GEN,SC,bijrad,CHOHTAN,BARMER,Bijrad,Barmer,Chohtan,A_exact_gp_district_samiti,0,never,0
35037,0,1,ST,GENW,chichadasar,CHOHTAN,BARMER,Chichadasar,Barmer,Dhanau,B_exact_gp_district,1,once,0
35040,0,1,GEN,OBCW,dhanau,CHOHTAN,BARMER,Dhanau,Barmer,Dhanau,B_exact_gp_district,1,once,0
35041,1,1,GEN W,GENW,dhok,CHOHTAN,BARMER,Dhok,Barmer,Chohtan,A_exact_gp_district_samiti,2,twice,0
35044,0,0,GEN,GEN,gumane ka tala,CHOHTAN,BARMER,Gumane Ka Tala,Barmer,Chohtan,A_exact_gp_district_samiti,0,never,0
35046,0,1,GEN,SCW,hathla,CHOHTAN,BARMER,Hathla,Barmer,Sedwa,B_exact_gp_district,1,once,0
35047,1,1,GEN W,SCW,itada,CHOHTAN,BARMER,Itada,Barmer,Dhanau,B_exact_gp_district,2,twice,0
35050,0,0,ST,SC,kaprau,CHOHTAN,BARMER,Kaprau,Barmer,Chohtan,A_exact_gp_district_samiti,0,never,0
35052,0,1,SC,STW,konra,CHOHTAN,BARMER,Konra,Barmer,Chohtan,A_exact_gp_district_samiti,1,once,0
35054,1,1,GEN W,SCW,mithrau,CHOHTAN,BARMER,Mithrau,Barmer,Chohtan,A_exact_gp_district_samiti,2,twice,0
35057,1,1,GEN W,SCW,netrad,CHOHTAN,BARMER,Netrad,Barmer,Chohtan,A_exact_gp_district_samiti,2,twice,0
35058,0,0,SC,GEN,panoriya,CHOHTAN,BARMER,Panoriya,Barmer,Sedwa,B_exact_gp_district,0,never,0
35059,1,0,SC W,GEN,pareu,BAYTOO,BARMER,Pareu,Balotra,Gida,C_unique_gp_name_statewide,1,once,0
35060,1,1,GEN W,SCW,pokrasar,CHOHTAN,BARMER,Pokrasar,Barmer,Chohtan,A_exact_gp_district_samiti,2,twice,0
35062,0,1,GEN,STW,ramjan ki gafan,CHOHTAN,BARMER,Ramjan Ki Gafan,Barmer,Chohtan,A_exact_gp_district_samiti,1,once,0
35063,0,1,SC,OBCW,salariya,CHOHTAN,BARMER,Salariya,Barmer,Sedwa,B_exact_gp_district,1,once,0
35064,0,0,GEN,OBC,sarla,CHOHTAN,BARMER,Sarla,Barmer,Sedwa,B_exact_gp_district,0,never,0
35069,1,0,GEN W,SC,shriramwala,CHOHTAN,BARMER,Shriramwala,Barmer,Dhanau,B_exact_gp_district,1,once,0
35071,0,0,GEN,GEN,talsar,CHOHTAN,BARMER,Talsar,Barmer,Dhanau,B_exact_gp_district,0,never,0
35072,0,0,SC,GEN,tarla,CHOHTAN,BARMER,Tarla,Barmer,Sedwa,B_exact_gp_district,0,never,0
35073,0,0,SC,GEN,uparla,CHOHTAN,BARMER,Uparla,Barmer,Chohtan,A_exact_gp_district_samiti,0,never,0
35075,0,1,OBC,GENW,arniyali,DHORIMANNA,BARMER,Arniyali,Barmer,Dhorimanna,A_exact_gp_district_samiti,1,once,0
35078,1,1,SC W,GENW,banta,DHORIMANNA,BARMER,Banta,Barmer,Gudha Malani,B_exact_gp_district,2,twice,0
35079,0,1,OBC,GENW,barasan,DHORIMANNA,BARMER,Barasan,Barmer,Gudha Malani,B_exact_gp_district,1,once,0
35080,0,0,GEN,ST,berigaon,DHORIMANNA,BARMER,Berigaon,Barmer,Gudha Malani,B_exact_gp_district,0,never,0
35082,0,0,GEN,GEN,bhalisar,DHORIMANNA,BARMER,Bhalisar,Barmer,Dhorimanna,A_exact_gp_district_samiti,0,never,0
35084,0,0,GEN,GEN,bherudi,DHORIMANNA,BARMER,Bherudi,Barmer,Sedwa,B_exact_gp_district,0,never,0
35087,0,1,GEN,GENW,bisarniya,DHORIMANNA,BARMER,Bisarniya,Barmer,Dhanau,B_exact_gp_district,1,once,0
35089,0,0,GEN,SC,chainpura,DHORIMANNA,BARMER,Chainpura,Barmer,Dhorimanna,A_exact_gp_district_samiti,0,never,0
35090,1,0,GEN W,OBC,dhorimanna,DHORIMANNA,BARMER,Dhorimanna,Barmer,Dhorimanna,A_exact_gp_district_samiti,1,once,0
35094,0,1,OBC,GENW,goda,DHORIMANNA,BARMER,Goda,Barmer,Sedwa,B_exact_gp_district,1,once,0
35096,0,0,SC,ST,kartiya,DHORIMANNA,BARMER,Kartiya,Barmer,Sedwa,B_exact_gp_district,0,never,0
35097,0,1,GEN,SCW,kekad,DHORIMANNA,BARMER,Kekad,Barmer,Sedwa,B_exact_gp_district,1,once,0
35098,0,1,SC,OBCW,khari,DHORIMANNA,BARMER,Khari,Barmer,Dhorimanna,A_exact_gp_district_samiti,1,once,0
35099,0,1,GEN,GENW,kitnoriya,DHORIMANNA,BARMER,Kitnoriya,Barmer,Dhanau,B_exact_gp_district,1,once,0
35101,1,1,SC W,STW,loharwa,DHORIMANNA,BARMER,Loharwa,Barmer,Dhorimanna,A_exact_gp_district_samiti,2,twice,0
35103,1,1,GEN W,OBCW,lunwajageer,DHORIMANNA,BARMER,Lunwa Jageer,Barmer,Gudha Malani,B_exact_gp_district,2,twice,0
35105,1,1,SC W,OBCW,mangta,DHORIMANNA,BARMER,Mangta,Barmer,Dhorimanna,A_exact_gp_district_samiti,2,twice,0
35108,0,1,OBC,GENW,nagar,DHORIMANNA,BARMER,Nagar,Barmer,Gudha Malani,B_exact_gp_district,1,once,0
35112,1,0,OBC W,GEN,ogala,DHORIMANNA,BARMER,Ogala,Barmer,Sedwa,B_exact_gp_district,1,once,0
35115,0,0,GEN,GEN,ratanpura,DHORIMANNA,BARMER,Ratanpura,Barmer,Gudha Malani,B_exact_gp_district,0,never,0
35119,0,0,GEN,GEN,sudaberi,DHORIMANNA,BARMER,Sudaberi,Barmer,Dhorimanna,A_exact_gp_district_samiti,0,never,0
35120,0,1,OBC,SCW,udasar,DHORIMANNA,BARMER,Udasar,Barmer,Dhorimanna,A_exact_gp_district_samiti,1,once,0
35125,0,0,ST,GEN,balewa,SHEO,BARMER,Balewa,Barmer,Gadraroad,B_exact_gp_district,0,never,0
35128,0,0,GEN,OBC,beejawal,SHEO,BARMER,Beejawal,Barmer,Gadraroad,B_exact_gp_district,0,never,0
35130,0,1,GEN,GENW,chetrodi,SHEO,BARMER,Chetrodi,Barmer,Gadraroad,B_exact_gp_district,1,once,0
35132,0,1,OBC,GENW,dharvikalan,SHEO,BARMER,Dharvi Kalan,Barmer,Sheo,A_exact_gp_district_samiti,1,once,0
35133,1,1,ST W,OBCW,gadraroad,SHEO,BARMER,Gadra Road,Barmer,Gadraroad,B_exact_gp_district,2,twice,0
35134,1,1,GEN W,OBCW,girab,SHEO,BARMER,Girab,Barmer,Gadraroad,B_exact_gp_district,2,twice,0
35135,1,0,GEN W,GEN,gunga,SHEO,BARMER,Gunga,Barmer,Sheo,A_exact_gp_district_samiti,1,once,0
35136,0,1,GEN,SCW,harsani,SHEO,BARMER,Harsani,Barmer,Gadraroad,B_exact_gp_district,1,once,0
35137,0,1,OBC,STW,hathi singh ka gaon,SHEO,BARMER,Hathisingh Ka Gaon,Barmer,Sheo,A_exact_gp_district_samiti,1,once,0
35138,0,0,OBC,GEN,jaisindhar gaon,SHEO,BARMER,Jaisindhar Gaon,Barmer,Gadraroad,B_exact_gp_district,0,never,0
35139,0,0,GEN,OBC,jaisindhar station,SHEO,BARMER,Jaisindhar Station,Barmer,Gadraroad,B_exact_gp_district,0,never,0
35140,0,1,GEN,SCW,jhankali,SHEO,BARMER,Jhankali,Barmer,Gadraroad,B_exact_gp_district,1,once,0
35144,0,0,GEN,GEN,khabdala,SHEO,BARMER,Khabdala,Barmer,Gadraroad,B_exact_gp_district,0,never,0
35146,1,1,GEN W,GENW,khaniyani,SHEO,BARMER,Khaniyani,Barmer,Gadraroad,B_exact_gp_district,2,twice,0
35147,1,0,OBC W,GEN,kharchi,SHEO,BARMER,Kharchi,Barmer,Gadraroad,B_exact_gp_district,1,once,0
35150,0,0,GEN,SC,mungeriya,SHEO,BARMER,Mungeriya,Barmer,Sheo,A_exact_gp_district_samiti,0,never,0
35151,0,1,GEN,GENW,nagarda,SHEO,BARMER,Nagarda,Barmer,Sheo,A_exact_gp_district_samiti,1,once,0
35154,0,1,SC,OBCW,rajbera,SHEO,BARMER,Rajbera,Barmer,Sheo,A_exact_gp_district_samiti,1,once,0
35155,1,1,OBC W,SCW,rajdal,SHEO,BARMER,Rajdal,Barmer,Sheo,A_exact_gp_district_samiti,2,twice,0
35157,1,0,GEN W,SC,redana,SHEO,BARMER,Redana,Barmer,Gadraroad,B_exact_gp_district,1,once,0
35161,1,1,ST W,STW,sundra,KHERWARA,UDAIPUR,Sundra,Barmer,Gadraroad,C_unique_gp_name_statewide,2,twice,0
35162,1,1,SC W,OBCW,swami ka gaon,SHEO,BARMER,Swami Ka Gaon,Barmer,Sheo,A_exact_gp_district_samiti,2,twice,0
35163,0,1,SC,GENW,tamlor,SHEO,BARMER,Tamlor,Barmer,Gadraroad,B_exact_gp_district,1,once,0
35164,1,1,GEN W,GENW,tanumanji,SHEO,BARMER,Tanuman Ji,Barmer,Gadraroad,B_exact_gp_district,2,twice,0
35166,0,0,OBC,GEN,adarsh chawa,SINDHARI,BARMER,Adarsh Chawa,Barmer,Barmer Gramin,B_exact_gp_district,0,never,0
35169,1,0,GEN W,GEN,beriwala tala,SINDHARI,BARMER,Beriwala Tala,Barmer,Barmer Gramin,B_exact_gp_district,1,once,0
35172,0,0,SC,OBC,chawa,SINDHARI,BARMER,Chawa,Barmer,Barmer Gramin,B_exact_gp_district,0,never,0
35174,1,1,OBC W,GENW,dandali,SINDHARI,BARMER,Dandali,Balotra,Sindhari,C_unique_gp_name_statewide,2,twice,0
35177,0,0,GEN,GEN,dholanada,SINDHARI,BARMER,Dholanada,Barmer,Nokhra,B_exact_gp_district,0,never,0
35183,0,1,ST,GENW,kagau,SINDHARI,BARMER,Kagau,Barmer,Barmer,B_exact_gp_district,1,once,0
35184,1,1,GEN W,OBCW,kamthai,SINDHARI,BARMER,Kamthai,Balotra,Sindhari,C_unique_gp_name_statewide,2,twice,0
35186,0,1,GEN,OBCW,khara mahechan,SINDHARI,BARMER,Khara Mahechan,Balotra,Sindhari,C_unique_gp_name_statewide,1,once,0
35187,0,1,GEN,OBCW,kharantiya,SINDHARI,BARMER,Kharantiya,Balotra,Sindhari,C_unique_gp_name_statewide,1,once,0
35188,0,1,GEN,OBCW,khudala,SINDHARI,BARMER,Khudala,Barmer,Gudha Malani,B_exact_gp_district,1,once,0
35189,0,1,GEN,OBCW,khudasa,SINDHARI,BARMER,Khudasa,Barmer,Barmer Gramin,B_exact_gp_district,1,once,0
35192,0,0,SC,GEN,lolawa,SINDHARI,BARMER,Lolawa,Balotra,Sindhari,C_unique_gp_name_statewide,0,never,0
35193,0,0,GEN,GEN,malpura,SINDHARI,BARMER,Malpura,Barmer,Nokhra,B_exact_gp_district,0,never,0
35194,1,1,OBC W,SCW,mehlu,SINDHARI,BARMER,Mehlu,Barmer,Dhorimanna,B_exact_gp_district,2,twice,0
35195,0,1,OBC,GENW,nehro ki dhani,SINDHARI,BARMER,Nehro Ki Dhani,Balotra,Sindhari,C_unique_gp_name_statewide,1,once,0
35196,0,0,OBC,SC,nimbalkot,SINDHARI,BARMER,Nimbalkot,Barmer,Nokhra,B_exact_gp_district,0,never,0
35197,0,0,GEN,GEN,nokhara,KOLAYAT,BIKANER,Nokhara,Barmer,Nokhra,C_unique_gp_name_statewide,0,never,0
35198,0,0,GEN,GEN,nosar,SINDHARI,BARMER,Nosar,Balotra,Baytoo,C_unique_gp_name_statewide,0,never,0
35202,0,1,OBC,GENW,rawatsar,SINDHARI,BARMER,Rawatsar,Barmer,Barmer Gramin,B_exact_gp_district,1,once,0
35204,1,0,GEN W,ST,sanpa manji,SINDHARI,BARMER,Sanpa Manji,Balotra,Sindhari,C_unique_gp_name_statewide,1,once,0
35206,0,0,GEN,GEN,sarli,SINDHARI,BARMER,Sarli,Barmer,Barmer Gramin,B_exact_gp_district,0,never,0
35209,1,1,GEN W,GENW,shivkar,SINDHARI,BARMER,Shivkar,Barmer,Barmer Gramin,B_exact_gp_district,2,twice,0
35212,0,0,OBC,GEN,ajeet,SIWANA,BARMER,Ajeet,Balotra,Samdari,C_unique_gp_name_statewide,0,never,0
35214,0,0,OBC,GEN,bhagwa,SIWANA,BARMER,Bhagwa,Balotra,Siwana,C_unique_gp_name_statewide,0,never,0
35217,0,1,GEN,OBCW,dheera,SIWANA,BARMER,Dheera,Balotra,Siwana,C_unique_gp_name_statewide,1,once,0
35218,0,1,OBC,GENW,dhindas,SIWANA,BARMER,Dhindas,Balotra,Samdari,C_unique_gp_name_statewide,1,once,0
35219,0,1,GEN,GENW,goliya,SIWANA,BARMER,Goliya,Balotra,Siwana,C_unique_gp_name_statewide,1,once,0
35221,1,1,OBC W,SCW,indrana,SIWANA,BARMER,Indrana,Balotra,Siwana,C_unique_gp_name_statewide,2,twice,0
35222,0,0,GEN,SC,jethantari,SIWANA,BARMER,Jethantari,Balotra,Samdari,C_unique_gp_name_statewide,0,never,0
35226,0,0,GEN,OBC,khandap,SIWANA,BARMER,Khandap,Balotra,Samdari,C_unique_gp_name_statewide,0,never,0
35227,1,1,OBC W,GEN,kotari,KOLAYAT,BIKANER,Kotari,Balotra,Samdari,C_unique_gp_name_statewide,2,twice,0
35229,1,0,SC W,GEN,kuseep,SIWANA,BARMER,Kuseep,Balotra,Siwana,C_unique_gp_name_statewide,1,once,0
35230,0,0,GEN,GEN,lalana,SIWANA,BARMER,Lalana,Balotra,Samdari,C_unique_gp_name_statewide,0,never,0
35231,0,1,GEN,SCW,majal,SIWANA,BARMER,Majal,Balotra,Samdari,C_unique_gp_name_statewide,1,once,0
35233,0,1,GEN,GENW,mahilawas,SIWANA,BARMER,Mahilawas,Balotra,Siwana,C_unique_gp_name_statewide,1,once,0
35234,0,0,GEN,OBC,meli,SIWANA,BARMER,Meli,Balotra,Siwana,C_unique_gp_name_statewide,0,never,0
35239,1,1,ST W,GENW,rakhi,SIWANA,BARMER,Rakhi,Balotra,Samdari,C_unique_gp_name_statewide,2,twice,0
35240,0,0,ST,SC,ramaniya,SIWANA,BARMER,Ramaniya,Balotra,Siwana,C_unique_gp_name_statewide,0,never,0
35244,0,1,GEN,GENW,sanwarda,SIWANA,BARMER,Sanwarda,Balotra,Samdari,C_unique_gp_name_statewide,1,once,0
35247,0,0,OBC,GEN,sewali,SIWANA,BARMER,Sewali,Balotra,Samdari,C_unique_gp_name_statewide,0,never,0
35249,1,1,GEN W,GENW,siner,SIWANA,BARMER,Siner,Balotra,Siwana,C_unique_gp_name_statewide,2,twice,0
35251,0,0,GEN,SC,thapan,SIWANA,BARMER,Thapan,Balotra,Siwana,C_unique_gp_name_statewide,0,never,0
35252,0,1,SC,OBCW,bagren,BAYANA,BHARATPUR,Bagren,Bharatpur,Bayana,A_exact_gp_district_samiti,1,once,0
35253,0,1,GEN,GENW,bajna,BAYANA,BHARATPUR,Bajna,Bharatpur,Bayana,A_exact_gp_district_samiti,1,once,0
35254,0,1,GEN,GENW,barkheda,BHAINSRORGARH,CHITTORGARH,Barkheda,Bharatpur,Bayana,C_unique_gp_name_statewide,1,once,0
35261,0,1,GEN,SCW,farso,BAYANA,BHARATPUR,Farso,Bharatpur,Bayana,A_exact_gp_district_samiti,1,once,0
35263,0,1,OBC,GENW,gurdha nadi,BAYANA,BHARATPUR,Gurdha Nadi,Bharatpur,Bayana,A_exact_gp_district_samiti,1,once,0
35264,1,1,GEN W,GENW,harnagar,BAYANA,BHARATPUR,Harnagar,Bharatpur,Bayana,A_exact_gp_district_samiti,2,twice,0
35265,0,0,GEN,SC,jaisora,BAYANA,BHARATPUR,Jaisora,Bharatpur,Bayana,A_exact_gp_district_samiti,0,never,0
35266,0,0,SC,GEN,jaspuramoroli,BAYANA,BHARATPUR,Jaspura Moroli,Bharatpur,Bayana,A_exact_gp_district_samiti,0,never,0
35267,0,1,OBC,GENW,kair,BAYANA,BHARATPUR,Kair,Bharatpur,Bayana,A_exact_gp_district_samiti,1,once,0
35269,0,0,OBC,GEN,kanawar,BAYANA,BHARATPUR,Kanawar,Bharatpur,Bayana,A_exact_gp_district_samiti,0,never,0
35271,1,0,SC W,OBC,karwari,BAYANA,BHARATPUR,Karwari,Bharatpur,Bayana,A_exact_gp_district_samiti,1,once,0
35277,0,1,GEN,GENW,lahchorakalan,BAYANA,BHARATPUR,Lahchora Kalan,Bharatpur,Bayana,A_exact_gp_district_samiti,1,once,0
35281,0,1,SC,GENW,milakpur,BAYANA,BHARATPUR,Milakpur,Bharatpur,Bayana,A_exact_gp_district_samiti,1,once,0
35282,0,0,ST,OBC,nahroli,BAYANA,BHARATPUR,Nahroli,Bharatpur,Bayana,A_exact_gp_district_samiti,0,never,0
35283,0,0,ST,GEN,naroli,BAYANA,BHARATPUR,Naroli,Bharatpur,Bayana,A_exact_gp_district_samiti,0,never,0
35288,0,0,SC,GEN,salabad,BAYANA,BHARATPUR,Salabad,Bharatpur,Bayana,A_exact_gp_district_samiti,0,never,0
35290,1,1,SC W,OBCW,seedpur,BAYANA,BHARATPUR,Seedpur,Bharatpur,Bayana,A_exact_gp_district_samiti,2,twice,0
35292,0,0,SC,OBC,shergarh,BAYANA,BHARATPUR,Shergarh,Bharatpur,Bayana,A_exact_gp_district_samiti,0,never,0
35294,1,1,GEN W,STW,singhara,GOGUNDA,UDAIPUR,Singhara,Bharatpur,Bayana,C_unique_gp_name_statewide,2,twice,0
35296,0,1,OBC,SCW,thanadang,BAYANA,BHARATPUR,Thana Dang,Bharatpur,Bayana,A_exact_gp_district_samiti,1,once,0
35303,0,0,GEN,SC,bedham,DEEG,BHARATPUR,Bedham,Deeg,Deeg,C_unique_gp_name_statewide,0,never,0
35304,0,1,GEN,OBCW,chulhera,DEEG,BHARATPUR,Chulhera,Deeg,Deeg,C_unique_gp_name_statewide,1,once,0
35305,0,0,SC,GEN,dantlothi,DEEG,BHARATPUR,Dantlothi,Deeg,Janoothar,C_unique_gp_name_statewide,0,never,0
35306,0,0,GEN,OBC,dhamari,DEEG,BHARATPUR,Dhamari,Deeg,Deeg,C_unique_gp_name_statewide,0,never,0
35307,0,0,GEN,SC,didawali,DEEG,BHARATPUR,Didawali,Deeg,Deeg,C_unique_gp_name_statewide,0,never,0
35308,0,0,GEN,GEN,guhana,DEEG,BHARATPUR,Guhana,Deeg,Deeg,C_unique_gp_name_statewide,0,never,0
35311,0,0,GEN,SC,jatolithoon,DEEG,BHARATPUR,Jatoli Thoon,Deeg,Janoothar,C_unique_gp_name_statewide,0,never,0
35317,0,0,SC,GEN,korer,DEEG,BHARATPUR,Korer,Deeg,Deeg,C_unique_gp_name_statewide,0,never,0
35318,1,1,GEN W,GENW,kuchawati,DEEG,BHARATPUR,Kuchawati,Deeg,Deeg,C_unique_gp_name_statewide,2,twice,0
35319,0,1,OBC,OBCW,mawai,DEEG,BHARATPUR,Mawai,Deeg,Janoothar,C_unique_gp_name_statewide,1,once,0
35323,1,1,SC W,GENW,panhori,DEEG,BHARATPUR,Panhori,Deeg,Deeg,C_unique_gp_name_statewide,2,twice,0
35325,0,0,GEN,SC,pasopa,DEEG,BHARATPUR,Pasopa,Deeg,Deeg,C_unique_gp_name_statewide,0,never,0
35326,0,1,GEN,SCW,pasta,DEEG,BHARATPUR,Pasta,Deeg,Deeg,C_unique_gp_name_statewide,1,once,0
35329,0,0,GEN,OBC,sinsini,DEEG,BHARATPUR,Sinsini,Deeg,Deeg,C_unique_gp_name_statewide,0,never,0
35331,0,0,GEN,GEN,songaon,DEEG,BHARATPUR,Songaon,Deeg,Deeg,C_unique_gp_name_statewide,0,never,0
35335,1,0,OBC W,GEN,barolidhau,KAMAN,BHARATPUR,Baroli Dhau,Deeg,Kaman,C_unique_gp_name_statewide,1,once,0
35337,0,0,GEN,OBC,bhandara,KAMAN,BHARATPUR,Bhandara,Deeg,Jurhara,C_unique_gp_name_statewide,0,never,0
35340,0,1,GEN,GENW,bilond,KAMAN,BHARATPUR,Bilond,Deeg,Kaman,C_unique_gp_name_statewide,1,once,0
35344,0,0,GEN,GEN,dholet,KAMAN,BHARATPUR,Dholet,Deeg,Pahari,C_unique_gp_name_statewide,0,never,0
35348,0,1,GEN,GENW,ghatmeeka,KAMAN,BHARATPUR,Ghatmeeka,Deeg,Pahari,C_unique_gp_name_statewide,1,once,0
35349,0,1,GEN,GENW,ghosinga,KAMAN,BHARATPUR,Ghosinga,Deeg,Pahari,C_unique_gp_name_statewide,1,once,0
35355,0,1,GEN,GENW,ladlaka,KAMAN,BHARATPUR,Ladlaka,Deeg,Pahari,C_unique_gp_name_statewide,1,once,0
35357,0,0,GEN,SC,luhesar,KAMAN,BHARATPUR,Luhesar,Deeg,Kaman,C_unique_gp_name_statewide,0,never,0
35358,0,1,GEN,GENW,musepur,KAMAN,BHARATPUR,Musepur,Deeg,Kaman,C_unique_gp_name_statewide,1,once,0
35362,0,0,GEN,GEN,olanda,KAMAN,BHARATPUR,Olanda,Deeg,Kaman,C_unique_gp_name_statewide,0,never,0
35364,0,0,GEN,OBC,palla,KAMAN,BHARATPUR,Palla,Deeg,Kaman,C_unique_gp_name_statewide,0,never,0
35366,1,0,SC W,GEN,sablana,KAMAN,BHARATPUR,Sablana,Deeg,Kaman,C_unique_gp_name_statewide,1,once,0
35368,0,1,GEN,GENW,sahsan,KAMAN,BHARATPUR,Sahsan,Deeg,Pahari,C_unique_gp_name_statewide,1,once,0
35371,1,0,GEN W,GEN,satwas,KAMAN,BHARATPUR,Satwas,Deeg,Kaman,C_unique_gp_name_statewide,1,once,0
35372,0,0,GEN,OBC,somka,KAMAN,BHARATPUR,Somka,Deeg,Pahari,C_unique_gp_name_statewide,0,never,0
35373,0,0,GEN,GEN,sonokhar,KAMAN,BHARATPUR,Sonokhar,Deeg,Jurhara,C_unique_gp_name_statewide,0,never,0
35377,0,0,GEN,SC,ajan,KUMHER,BHARATPUR,Ajan,Deeg,Rarah,C_unique_gp_name_statewide,0,never,0
35378,0,0,GEN,GEN,ajau,KUMHER,BHARATPUR,Ajau,Deeg,Kumher,C_unique_gp_name_statewide,0,never,0
35379,0,0,GEN,OBC,astawan,KUMHER,BHARATPUR,Astawan,Deeg,Kumher,C_unique_gp_name_statewide,0,never,0
35383,0,0,GEN,GEN,bailarakalan,KUMHER,BHARATPUR,Bailara Kalan,Deeg,Jurhara,C_unique_gp_name_statewide,0,never,0
35384,0,0,GEN,ST,bhata wali,KUMHER,BHARATPUR,Bhatawali,Deeg,Kumher,C_unique_gp_name_statewide,0,never,0
35389,0,1,OBC,GENW,gudawali,KUMHER,BHARATPUR,Gudawali,Deeg,Kumher,C_unique_gp_name_statewide,1,once,0
35390,1,1,GEN W,GENW,gunsara,KUMHER,BHARATPUR,Gunsara,Deeg,Rarah,C_unique_gp_name_statewide,2,twice,0
35391,0,1,GEN,OBCW,helak,KUMHER,BHARATPUR,Helak,Deeg,Kumher,C_unique_gp_name_statewide,1,once,0
35395,0,1,GEN,SCW,pahua,KUMHER,BHARATPUR,Pahua,Deeg,Kumher,C_unique_gp_name_statewide,1,once,0
35397,0,0,GEN,SC,paprera,KUMHER,BHARATPUR,Paprera,Deeg,Kumher,C_unique_gp_name_statewide,0,never,0
35401,0,1,ST,GENW,rundh helak,KUMHER,BHARATPUR,Rundh Helak,Deeg,Kumher,C_unique_gp_name_statewide,1,once,0
35402,1,0,GEN W,GEN,sabora,KUMHER,BHARATPUR,Sabora,Deeg,Kumher,C_unique_gp_name_statewide,1,once,0
35405,0,0,SC,GEN,sikrori,KUMHER,BHARATPUR,Sikrori,Deeg,Kumher,C_unique_gp_name_statewide,0,never,0
35406,0,1,SC,OBCW,sogar,KUMHER,BHARATPUR,Sogar,Deeg,Rarah,C_unique_gp_name_statewide,1,once,0
35412,0,1,OBC,GENW,usrani,KUMHER,BHARATPUR,Usrani,Deeg,Kumher,C_unique_gp_name_statewide,1,once,0
35423,1,0,GEN W,GEN,gagwana,NADBAI,BHARATPUR,Gagwana,Bharatpur,Nadbai,A_exact_gp_district_samiti,1,once,0
35424,0,0,OBC,SC,gangroli,NADBAI,BHARATPUR,Gangroli,Bharatpur,Nadbai,A_exact_gp_district_samiti,0,never,0
35426,0,0,GEN,SC,jahangeerpur,NADBAI,BHARATPUR,Jahangeerpur,Bharatpur,Nadbai,A_exact_gp_district_samiti,0,never,0
35427,1,1,SC W,GENW,jharkai,NADBAI,BHARATPUR,Jharkai,Bharatpur,Nadbai,A_exact_gp_district_samiti,2,twice,0
35435,0,1,GEN,SCW,khedi devi singh,NADBAI,BHARATPUR,Khedi Devisingh,Bharatpur,Nadbai,A_exact_gp_district_samiti,1,once,0
35436,1,0,GEN W,OBC,lakhanpur,NADBAI,BHARATPUR,Lakhanpur,Bharatpur,Nadbai,A_exact_gp_district_samiti,1,once,0
35437,0,0,GEN,OBC,luhasa,NADBAI,BHARATPUR,Luhasa,Bharatpur,Nadbai,A_exact_gp_district_samiti,0,never,0
35438,0,1,OBC,GENW,mai,NADBAI,BHARATPUR,Mai,Bharatpur,Nadbai,A_exact_gp_district_samiti,1,once,0
35439,0,1,OBC,SCW,nam,NADBAI,BHARATPUR,Nam,Bharatpur,Nadbai,A_exact_gp_district_samiti,1,once,0
35440,1,0,GEN W,ST,nayawas,NADBAI,BHARATPUR,Nayawas,Bharatpur,Nadbai,A_exact_gp_district_samiti,1,once,0
35445,1,1,SC W,GENW,piprau,NADBAI,BHARATPUR,Piprau,Bharatpur,Nadbai,A_exact_gp_district_samiti,2,twice,0
35450,0,0,ST,SC,utarda,NADBAI,BHARATPUR,Utarda,Bharatpur,Nadbai,A_exact_gp_district_samiti,0,never,0
35453,0,1,GEN,GENW,bhatpura,NAGAR,BHARATPUR,Bhatpura,Deeg,Nagar,C_unique_gp_name_statewide,1,once,0
35454,0,0,OBC,SC,bodoli,NAGAR,BHARATPUR,Bodoli,Deeg,Pahari,C_unique_gp_name_statewide,0,never,0
35455,1,1,GEN W,SCW,chirawalmali,NAGAR,BHARATPUR,Chirawal Mali,Deeg,Nagar,C_unique_gp_name_statewide,2,twice,0
35456,0,1,GEN,GENW,dabak,NAGAR,BHARATPUR,Dabak,Deeg,Sikri,C_unique_gp_name_statewide,1,once,0
35457,0,0,GEN,SC,dundawal,NAGAR,BHARATPUR,Dundawal,Deeg,Nagar,C_unique_gp_name_statewide,0,never,0
35459,0,0,GEN,ST,gahankar,NAGAR,BHARATPUR,Gahankar,Deeg,Nagar,C_unique_gp_name_statewide,0,never,0
35460,0,1,SC,GENW,gangawak,NAGAR,BHARATPUR,Gangawak,Deeg,Nagar,C_unique_gp_name_statewide,1,once,0
35461,0,1,GEN,GENW,gangora,NAGAR,BHARATPUR,Gangora,Deeg,Pahari,C_unique_gp_name_statewide,1,once,0
35466,0,0,OBC,GEN,jaluki,NAGAR,BHARATPUR,Jaluki,Deeg,Nagar,C_unique_gp_name_statewide,0,never,0
35467,1,1,GEN W,GENW,jhanjhar,NAGAR,BHARATPUR,Jhanjhar,Deeg,Sikri,C_unique_gp_name_statewide,2,twice,0
35472,1,0,GEN W,OBC,khesti,NAGAR,BHARATPUR,Khesti,Deeg,Nagar,C_unique_gp_name_statewide,1,once,0
35475,0,1,OBC,GENW,maliki,NAGAR,BHARATPUR,Maliki,Deeg,Pahari,C_unique_gp_name_statewide,1,once,0
35477,0,1,OBC,GENW,matuki,NAGAR,BHARATPUR,Matuki,Deeg,Pahari,C_unique_gp_name_statewide,1,once,0
35478,0,0,ST,OBC,moraka,NAGAR,BHARATPUR,Moraka,Deeg,Nagar,C_unique_gp_name_statewide,0,never,0
35484,0,0,GEN,OBC,pathrali,NAGAR,BHARATPUR,Pathrali,Deeg,Pahari,C_unique_gp_name_statewide,0,never,0
35488,0,1,OBC,SCW,rasiya,NAGAR,BHARATPUR,Rasiya,Deeg,Nagar,C_unique_gp_name_statewide,1,once,0
35494,0,1,SC,OBCW,sirthala,NAGAR,BHARATPUR,Sirthala,Deeg,Nagar,C_unique_gp_name_statewide,1,once,0
35497,0,0,GEN,GEN,teski,NAGAR,BHARATPUR,Teski,Deeg,Sikri,C_unique_gp_name_statewide,0,never,0
35498,1,1,GEN W,OBCW,thoon,NAGAR,BHARATPUR,Thoon,Deeg,Nagar,C_unique_gp_name_statewide,2,twice,0
35499,0,0,GEN,GEN,udkidalla,NAGAR,BHARATPUR,Udki Dalla,Deeg,Sikri,C_unique_gp_name_statewide,0,never,0
35500,1,1,GEN W,GENW,andhiyari,RUPBAS,BHARATPUR,Andhiyari,Bharatpur,Uchchain,B_exact_gp_district,2,twice,0
35502,0,1,GEN,OBCW,barigha,RUPBAS,BHARATPUR,Barigha,Bharatpur,Rupbas,A_exact_gp_district_samiti,1,once,0
35504,0,0,SC,GEN,bhainsa,RUPBAS,BHARATPUR,Bhainsa,Bharatpur,Uchchain,B_exact_gp_district,0,never,0
35505,0,0,SC,GEN,bhawanpura,RUPBAS,BHARATPUR,Bhawanpura,Bharatpur,Rudawal,B_exact_gp_district,0,never,0
35508,1,1,GEN W,OBCW,dahinagaon,RUPBAS,BHARATPUR,Dahinagaon,Bharatpur,Rudawal,B_exact_gp_district,2,twice,0
35511,0,1,GEN,GENW,dumariya,RUPBAS,BHARATPUR,Dumariya,Bharatpur,Rudawal,B_exact_gp_district,1,once,0
35512,0,1,GEN,GENW,fatehpur,RUPBAS,BHARATPUR,Fatehpur,Bharatpur,Uchchain,B_exact_gp_district,1,once,0
35514,0,0,SC,OBC,ibrahimpur,RUPBAS,BHARATPUR,Ibrahimpur,Bharatpur,Rupbas,A_exact_gp_district_samiti,0,never,0
35515,0,0,GEN,GEN,jatmasi,RUPBAS,BHARATPUR,Jatmasi,Bharatpur,Rupbas,A_exact_gp_district_samiti,0,never,0
35516,0,1,GEN,OBCW,jotroli,RUPBAS,BHARATPUR,Jotroli,Bharatpur,Rudawal,B_exact_gp_district,1,once,0
35521,1,0,GEN W,GEN,khudasa,RUPBAS,BHARATPUR,Khudasa,Bharatpur,Rupbas,A_exact_gp_district_samiti,1,once,0
35522,1,0,SC W,GEN,kurka,RUPBAS,BHARATPUR,Kurka,Bharatpur,Uchchain,B_exact_gp_district,1,once,0
35523,0,0,SC,GEN,madapura,RUPBAS,BHARATPUR,Madapura,Bharatpur,Rudawal,B_exact_gp_district,0,never,0
35524,0,0,GEN,OBC,mahalpurchura,RUPBAS,BHARATPUR,Mahalpur Chura,Bharatpur,Rudawal,B_exact_gp_district,0,never,0
35525,1,1,GEN W,SCW,maloni,RUPBAS,BHARATPUR,Maloni,Bharatpur,Rupbas,A_exact_gp_district_samiti,2,twice,0
35529,0,0,GEN,GEN,nagla beeja,RUPBAS,BHARATPUR,Nagla Beeja,Bharatpur,Uchchain,B_exact_gp_district,0,never,0
35531,1,0,OBC W,SC,nayagaon,RUPBAS,BHARATPUR,Nayagaon,Bharatpur,Rupbas,A_exact_gp_district_samiti,1,once,0
35532,0,0,GEN,GEN,nibhera,SAPOTRA,KARAULI,Nibhera,Bharatpur,Rudawal,C_unique_gp_name_statewide,0,never,0
35533,0,0,SC,OBC,noharda,RUPBAS,BHARATPUR,Noharda,Bharatpur,Rupbas,A_exact_gp_district_samiti,0,never,0
35534,0,1,OBC,GENW,odelgaddi,RUPBAS,BHARATPUR,Odel Gaddi,Bharatpur,Rupbas,A_exact_gp_district_samiti,1,once,0
35536,0,1,OBC,SCW,pichuna,RUPBAS,BHARATPUR,Pichuna,Bharatpur,Uchchain,B_exact_gp_district,1,once,0
35538,0,1,SC,GENW,rudawal,RUPBAS,BHARATPUR,Rudawal,Bharatpur,Rudawal,B_exact_gp_district,1,once,0
35539,0,0,GEN,SC,rundh roopbas,RUPBAS,BHARATPUR,Rundh Roopbas,Bharatpur,Rupbas,A_exact_gp_district_samiti,0,never,0
35545,0,1,GEN,SCW,aghapur,SEWAR,BHARATPUR,Aghapur,Bharatpur,Bharatpur,B_exact_gp_district,1,once,0
35547,1,0,OBC W,GEN,bansikhurd,SEWAR,BHARATPUR,Bansi Khurd,Bharatpur,Bharatpur,B_exact_gp_district,1,once,0
35549,0,1,SC,GENW,bilothi,SEWAR,BHARATPUR,Bilothi,Bharatpur,Bharatpur,B_exact_gp_district,1,once,0
35550,0,0,SC,OBC,chichana,SEWAR,BHARATPUR,Chichana,Bharatpur,Bharatpur,B_exact_gp_district,0,never,0
35558,0,1,OBC,GENW,jaghina,SEWAR,BHARATPUR,Jaghina,Bharatpur,Bharatpur,B_exact_gp_district,1,once,0
35559,1,1,SC W,OBCW,jatoli rathwan,SEWAR,BHARATPUR,Jatoli Rathwan,Bharatpur,Bharatpur,B_exact_gp_district,2,twice,0
35560,0,0,OBC,GEN,jharoli,SEWAR,BHARATPUR,Jharoli,Bharatpur,Bharatpur,B_exact_gp_district,0,never,0
35564,0,0,GEN,SC,ludhawai,SEWAR,BHARATPUR,Ludhawai,Bharatpur,Bharatpur,B_exact_gp_district,0,never,0
35565,1,0,SC W,GEN,madarpur,SEWAR,BHARATPUR,Madarpur,Bharatpur,Bharatpur,B_exact_gp_district,1,once,0
35568,0,0,GEN,SC,malah,SEWAR,BHARATPUR,Malah,Bharatpur,Bharatpur,B_exact_gp_district,0,never,0
35569,0,0,GEN,OBC,morolikalan,SEWAR,BHARATPUR,Moroli Kalan,Bharatpur,Bharatpur,B_exact_gp_district,0,never,0
35571,0,0,GEN,ST,murwara,SEWAR,BHARATPUR,Murwara,Bharatpur,Bharatpur,B_exact_gp_district,0,never,0
35572,0,1,GEN,GENW,par,SEWAR,BHARATPUR,Par,Bharatpur,Bharatpur,B_exact_gp_district,1,once,0
35575,0,0,SC,GEN,sunari,SEWAR,BHARATPUR,Sunari,Bharatpur,Bharatpur,B_exact_gp_district,0,never,0
35576,1,0,GEN W,OBC,tuhiya,SEWAR,BHARATPUR,Tuhiya,Bharatpur,Bharatpur,B_exact_gp_district,1,once,0
35577,0,1,GEN,SCW,undra,SEWAR,BHARATPUR,Undra,Bharatpur,Bharatpur,B_exact_gp_district,1,once,0
35578,0,1,OBC,STW,alipur,WEIR,BHARATPUR,Alipur,Bharatpur,Bhusawar,B_exact_gp_district,1,once,0
35582,0,1,SC,GENW,bajherakalan,WEIR,BHARATPUR,Bajherakalan,Bharatpur,Weir,A_exact_gp_district_samiti,1,once,0
35587,1,1,ST W,SCW,chaintoli,WEIR,BHARATPUR,Chaintoli,Bharatpur,Bhusawar,B_exact_gp_district,2,twice,0
35590,0,0,OBC,SC,deewali,WEIR,BHARATPUR,Deewali,Bharatpur,Bhusawar,B_exact_gp_district,0,never,0
35591,0,0,GEN,GEN,dharsoni,WEIR,BHARATPUR,Dharsoni,Bharatpur,Weir,A_exact_gp_district_samiti,0,never,0
35593,1,0,GEN W,GEN,ghatari,WEIR,BHARATPUR,Ghatari,Bharatpur,Bhusawar,B_exact_gp_district,1,once,0
35595,0,0,GEN,SC,govindpura,WEIR,BHARATPUR,Govindpura,Bharatpur,Weir,A_exact_gp_district_samiti,0,never,0
35596,0,1,GEN,OBCW,halena,WEIR,BHARATPUR,Halena,Bharatpur,Weir,A_exact_gp_district_samiti,1,once,0
35598,0,1,GEN,GENW,hateejar,WEIR,BHARATPUR,Hateejar,Bharatpur,Weir,A_exact_gp_district_samiti,1,once,0
35599,0,0,GEN,SC,itamada,WEIR,BHARATPUR,Itamada,Bharatpur,Bhusawar,B_exact_gp_district,0,never,0
35601,0,0,SC,ST,jahanpur,WEIR,BHARATPUR,Jahanpur,Bharatpur,Weir,A_exact_gp_district_samiti,0,never,0
35603,1,1,GEN W,SCW,jharoti,WEIR,BHARATPUR,Jharoti,Bharatpur,Bhusawar,B_exact_gp_district,2,twice,0
35605,0,0,SC,GEN,lakhanpur,WEIR,BHARATPUR,Lakhanpur,Bharatpur,Weir,A_exact_gp_district_samiti,0,never,0
35607,0,0,ST,GEN,mainapura,WEIR,BHARATPUR,Mainapura,Bharatpur,Bhusawar,B_exact_gp_district,0,never,0
35611,0,0,SC,OBC,nithar,WEIR,BHARATPUR,Nithar,Bharatpur,Bhusawar,B_exact_gp_district,0,never,0
35612,0,0,SC,ST,pali,WEIR,BHARATPUR,Pali,Bharatpur,Weir,A_exact_gp_district_samiti,0,never,0
35614,0,0,ST,GEN,randheergarh,WEIR,BHARATPUR,Randheer Garh,Bharatpur,Bhusawar,B_exact_gp_district,0,never,0
35615,1,0,SC W,GEN,salempur kalan,WEIR,BHARATPUR,Salempur Kalan,Bharatpur,Bhusawar,B_exact_gp_district,1,once,0
35616,0,0,SC,GEN,salempur khurd,WEIR,BHARATPUR,Salempur Khurd,Bharatpur,Bhusawar,B_exact_gp_district,0,never,0
35617,1,1,GEN W,OBCW,samraya,WEIR,BHARATPUR,Samraya,Bharatpur,Weir,A_exact_gp_district_samiti,2,twice,0
35618,0,0,GEN,SC,sarsaina,WEIR,BHARATPUR,Sarsaina,Bharatpur,Weir,A_exact_gp_district_samiti,0,never,0
35619,0,1,GEN,GENW,sendhali,WEIR,BHARATPUR,Sendhali,Bharatpur,Bhusawar,B_exact_gp_district,1,once,0
35626,1,0,OBC W,GEN,antali,ASIND,BHILWARA,Antali,Beawar,Badnor,C_unique_gp_name_statewide,1,once,0
35627,0,0,SC,GEN,badnor,ASIND,BHILWARA,Badnor,Beawar,Badnor,C_unique_gp_name_statewide,0,never,0
35628,0,1,GEN,GENW,bajunda,ASIND,BHILWARA,Bajunda,Beawar,Badnor,C_unique_gp_name_statewide,1,once,0
35636,0,1,OBC,GENW,dantra,ASIND,BHILWARA,Dantra,Bhilwara,Asind,A_exact_gp_district_samiti,1,once,0
35640,0,0,GEN,GEN,iras,ASIND,BHILWARA,Iras,Bhilwara,Asind,A_exact_gp_district_samiti,0,never,0
35641,1,1,OBC W,GENW,jagpura,ASIND,BHILWARA,Jagpura,Bhilwara,Antali,B_exact_gp_district,2,twice,0
35643,0,0,GEN,OBC,jindras,ASIND,BHILWARA,Jindras,Bhilwara,Asind,A_exact_gp_district_samiti,0,never,0
35644,0,0,SC,GEN,kaliyas,ASIND,BHILWARA,Kaliyas,Bhilwara,Asind,A_exact_gp_district_samiti,0,never,0
35646,0,0,ST,SC,karjaliya,ASIND,BHILWARA,Karjaliya,Bhilwara,Asind,A_exact_gp_district_samiti,0,never,0
35649,0,0,GEN,GEN,mogar,ASIND,BHILWARA,Mogar,Beawar,Badnor,C_unique_gp_name_statewide,0,never,0
35650,1,1,SC W,OBCW,motipur,ASIND,BHILWARA,Motipur,Bhilwara,Antali,B_exact_gp_district,2,twice,0
35651,0,0,GEN,GEN,motras,ASIND,BHILWARA,Motras,Bhilwara,Antali,B_exact_gp_district,0,never,0
35655,1,1,SC W,OBCW,parasoli,ASIND,BHILWARA,Parasoli,Bhilwara,Asind,A_exact_gp_district_samiti,2,twice,0
35656,0,0,ST,OBC,paldi,ASIND,BHILWARA,Paldi,Bhilwara,Asind,A_exact_gp_district_samiti,0,never,0
35659,0,0,SC,OBC,raghunathpura,ASIND,BHILWARA,Raghunathpura,Bhilwara,Asind,A_exact_gp_district_samiti,0,never,0
35663,0,1,GEN,GENW,sangram garh,ASIND,BHILWARA,Sangramgarh,Beawar,Badnor,C_unique_gp_name_statewide,1,once,0
35665,1,1,OBC W,GENW,shambhu garh,ASIND,BHILWARA,Shambhugarh,Bhilwara,Antali,B_exact_gp_district,2,twice,0
35674,0,1,SC,GENW,chamanpura,BANERA,BHILWARA,Chamanpura,Shahpura,Banera,C_unique_gp_name_statewide,1,once,0
35677,1,0,OBC W,GEN,kankoliya,BANERA,BHILWARA,Kankoliya,Shahpura,Banera,C_unique_gp_name_statewide,1,once,0
35678,0,0,GEN,SC,kasoriya,BANERA,BHILWARA,Kasoriya,Shahpura,Banera,C_unique_gp_name_statewide,0,never,0
35679,0,1,OBC,STW,khedliya,BANERA,BHILWARA,Khedliya,Shahpura,Banera,C_unique_gp_name_statewide,1,once,0
35680,1,1,GEN W,OBCW,kundiya kalan,BANERA,BHILWARA,Kundiya Kalan,Shahpura,Banera,C_unique_gp_name_statewide,2,twice,0
35682,0,1,OBC,GENW,lambiya khurd,BANERA,BHILWARA,Lambiya Khurd,Shahpura,Banera,C_unique_gp_name_statewide,1,once,0
35683,0,0,SC,ST,mahuakhurd,BANERA,BHILWARA,Mahua Khurd,Shahpura,Banera,C_unique_gp_name_statewide,0,never,0
35684,0,1,GEN,GENW,meghras,BANERA,BHILWARA,Meghras,Shahpura,Banera,C_unique_gp_name_statewide,1,once,0
35685,1,0,GEN W,GEN,mushi,BANERA,BHILWARA,Mushi,Shahpura,Banera,C_unique_gp_name_statewide,1,once,0
35686,1,0,GEN W,GEN,nimbaheda kalan,BANERA,BHILWARA,Nimbaheda Kalan,Shahpura,Banera,C_unique_gp_name_statewide,1,once,0
35688,0,1,GEN,OBCW,rakshi,BANERA,BHILWARA,Rakshi,Shahpura,Banera,C_unique_gp_name_statewide,1,once,0
35691,0,0,GEN,OBC,sardar nagar,BANERA,BHILWARA,Sardarnagar,Shahpura,Banera,C_unique_gp_name_statewide,0,never,0
35696,0,0,GEN,GEN,bhojras,HURDA,BHILWARA,Bhojras,Bhilwara,Hurda,A_exact_gp_district_samiti,0,never,0
35700,0,1,OBC,GENW,hurda,HURDA,BHILWARA,Hurda,Bhilwara,Hurda,A_exact_gp_district_samiti,1,once,0
35701,0,0,OBC,GEN,jalampura,HURDA,BHILWARA,Jalampura,Bhilwara,Antali,B_exact_gp_district,0,never,0
35705,0,1,GEN,GENW,lamba,HURDA,BHILWARA,Lamba,Bhilwara,Antali,B_exact_gp_district,1,once,0
35708,0,0,GEN,GEN,sareri,HURDA,BHILWARA,Sareri,Bhilwara,Antali,B_exact_gp_district,0,never,0
35710,0,0,OBC,GEN,taswariya,HURDA,BHILWARA,Taswariya,Bhilwara,Antali,B_exact_gp_district,0,never,0
35715,0,1,OBC,STW,amarwasi,JAHAZPUR,BHILWARA,Amarwasi,Shahpura,Jahazpur,C_unique_gp_name_statewide,1,once,0
35716,1,0,ST W,GEN,bagudar,JAHAZPUR,BHILWARA,Bagudar,Shahpura,Jahazpur,C_unique_gp_name_statewide,1,once,0
35722,1,1,ST W,GENW,bharni kalan,JAHAZPUR,BHILWARA,Bharni Kalan,Shahpura,Jahazpur,C_unique_gp_name_statewide,2,twice,0
35724,0,0,ST,SC,biletha,JAHAZPUR,BHILWARA,Biletha,Shahpura,Jahazpur,C_unique_gp_name_statewide,0,never,0
35725,0,0,ST,SC,dhor,JAHAZPUR,BHILWARA,Dhor,Shahpura,Jahazpur,C_unique_gp_name_statewide,0,never,0
35726,0,1,SC,STW,dhunwala,JAHAZPUR,BHILWARA,Dhunwala,Shahpura,Jahazpur,C_unique_gp_name_statewide,1,once,0
35727,0,0,OBC,GEN,falasiya,BHOPALSAGAR,CHITTORGARH,Falasiya,Shahpura,Jahazpur,C_unique_gp_name_statewide,0,never,0
35730,0,1,GEN,SCW,gangithala,JAHAZPUR,BHILWARA,Gangithala,Shahpura,Jahazpur,C_unique_gp_name_statewide,1,once,0
35732,0,0,GEN,ST,itunda,JAHAZPUR,BHILWARA,Itunda,Shahpura,Jahazpur,C_unique_gp_name_statewide,0,never,0
35733,1,0,GEN W,GEN,jamoli,JAHAZPUR,BHILWARA,Jamoli,Shahpura,Jahazpur,C_unique_gp_name_statewide,1,once,0
35737,0,1,ST,GENW,luharikalan,JAHAZPUR,BHILWARA,Luhari Kalan,Shahpura,Jahazpur,C_unique_gp_name_statewide,1,once,0
35739,1,1,SC W,GENW,pander,JAHAZPUR,BHILWARA,Pander,Shahpura,Jahazpur,C_unique_gp_name_statewide,2,twice,0
35741,0,0,ST,SC,rawatkhera,JAHAZPUR,BHILWARA,Rawat Khera,Shahpura,Jahazpur,C_unique_gp_name_statewide,0,never,0
35748,1,0,GEN W,ST,ulela,JAHAZPUR,BHILWARA,Ulela,Shahpura,Jahazpur,C_unique_gp_name_statewide,1,once,0
35750,0,0,GEN,GEN,aama,KOTRI,BHILWARA,Aama,Shahpura,Kotri,C_unique_gp_name_statewide,0,never,0
35752,0,0,GEN,SC,aasop,KOTRI,BHILWARA,Aasop,Shahpura,Kotri,C_unique_gp_name_statewide,0,never,0
35755,0,1,GEN,GENW,ban ka kheda,KOTRI,BHILWARA,Ban Ka Kheda,Shahpura,Kotri,C_unique_gp_name_statewide,1,once,0
35757,0,0,GEN,GEN,bishniya,KOTRI,BHILWARA,Bishniya,Shahpura,Kotri,C_unique_gp_name_statewide,0,never,0
35759,0,0,SC,ST,chhapdel,KOTRI,BHILWARA,Chhapdel,Shahpura,Kotri,C_unique_gp_name_statewide,0,never,0
35763,1,1,GEN W,GENW,gendliya,KOTRI,BHILWARA,Gendliya,Shahpura,Kotri,C_unique_gp_name_statewide,2,twice,0
35765,0,0,OBC,GEN,jeevakheda,KOTRI,BHILWARA,Jeeva Kheda,Shahpura,Kotri,C_unique_gp_name_statewide,0,never,0
35767,0,1,GEN,GENW,kanti,KOTRI,BHILWARA,Kanti,Shahpura,Kotri,C_unique_gp_name_statewide,1,once,0
35769,0,0,OBC,GEN,kothaj,KOTRI,BHILWARA,Kothaj,Shahpura,Kotri,C_unique_gp_name_statewide,0,never,0
35772,0,1,OBC,GENW,mansha,KOTRI,BHILWARA,Mansha,Shahpura,Kotri,C_unique_gp_name_statewide,1,once,0
35773,1,0,OBC W,GEN,nandrai,KOTRI,BHILWARA,Nandrai,Shahpura,Kotri,C_unique_gp_name_statewide,1,once,0
35774,0,1,GEN,SCW,paroli,KOTRI,BHILWARA,Paroli,Shahpura,Kotri,C_unique_gp_name_statewide,1,once,0
35775,0,1,ST,GENW,rased,KOTRI,BHILWARA,Rased,Shahpura,Kotri,C_unique_gp_name_statewide,1,once,0
35776,0,1,GEN,GENW,redwas,KOTRI,BHILWARA,Redwas,Shahpura,Kotri,C_unique_gp_name_statewide,1,once,0
35777,0,1,SC,OBCW,reeth,KOTRI,BHILWARA,Reeth,Shahpura,Kotri,C_unique_gp_name_statewide,1,once,0
35781,1,0,GEN W,OBC,sawaipur,KOTRI,BHILWARA,Sawaipur,Shahpura,Kotri,C_unique_gp_name_statewide,1,once,0
35789,1,0,GEN W,SC,bemali,MANDAL,BHILWARA,Bemali,Bhilwara,Kareda,B_exact_gp_district,1,once,0
35791,0,0,GEN,GEN,bhadu,MANDAL,BHILWARA,Bhadu,Bhilwara,Mandal,A_exact_gp_district_samiti,0,never,0
35792,0,1,GEN,GENW,bhagwanpura,MANDAL,BHILWARA,Bhagwanpura,Bhilwara,Mandal,A_exact_gp_district_samiti,1,once,0
35794,0,1,ST,SCW,chandras,MANDAL,BHILWARA,Chandras,Bhilwara,Mandal,A_exact_gp_district_samiti,1,once,0
35798,0,1,GEN,GENW,chitamba,MANDAL,BHILWARA,Chitamba,Bhilwara,Kareda,B_exact_gp_district,1,once,0
35799,1,0,GEN W,SC,dahimatha,MANDAL,BHILWARA,Dahimatha,Bhilwara,Kareda,B_exact_gp_district,1,once,0
35800,0,1,SC,GENW,dhuwala (kareda),MANDAL,BHILWARA,Dhuwala(Kareda),Bhilwara,Kareda,B_exact_gp_district,1,once,0
35802,1,0,ST W,OBC,ghodas,MANDAL,BHILWARA,Ghodas,Bhilwara,Mandal,A_exact_gp_district_samiti,1,once,0
35805,0,1,SC,OBCW,gorkhiya,MANDAL,BHILWARA,Gorkhiya,Bhilwara,Kareda,B_exact_gp_district,1,once,0
35806,1,0,GEN W,OBC,kabradiya,MANDAL,BHILWARA,Kabradiya,Bhilwara,Mandal,A_exact_gp_district_samiti,1,once,0
35807,0,1,OBC,SCW,kareda,MANDAL,BHILWARA,Kareda,Bhilwara,Kareda,B_exact_gp_district,1,once,0
35808,0,1,GEN,OBCW,keriya,MANDAL,BHILWARA,Keriya,Bhilwara,Mandal,A_exact_gp_district_samiti,1,once,0
35810,1,0,OBC W,GEN,leswa,MANDAL,BHILWARA,Leswa,Bhilwara,Mandal,A_exact_gp_district_samiti,1,once,0
35811,0,0,SC,OBC,mandal,MANDAL,BHILWARA,Mandal,Bhilwara,Mandal,A_exact_gp_district_samiti,0,never,0
35813,0,1,SC,OBCW,nareli,MANDAL,BHILWARA,Nareli,Bhilwara,Kareda,B_exact_gp_district,1,once,0
35814,0,1,GEN,GENW,nimbahera (jatan),MANDAL,BHILWARA,Nimbahera Jatan,Bhilwara,Kareda,B_exact_gp_district,1,once,0
35817,0,0,GEN,GEN,santokpura,MANDAL,BHILWARA,Santokpura,Bhilwara,Mandal,A_exact_gp_district_samiti,0,never,0
35821,1,0,OBC W,GEN,suras,MANDAL,BHILWARA,Suras,Bhilwara,Mandal,A_exact_gp_district_samiti,1,once,0
35823,0,0,GEN,GEN,thana,MANDAL,BHILWARA,Thana,Bhilwara,Kareda,B_exact_gp_district,0,never,0
35825,1,1,GEN W,STW,aaroli,MANDALGARH,BHILWARA,Aaroli,Bhilwara,Bijoliya,B_exact_gp_district,2,twice,0
35827,0,1,GEN,GENW,bhopatpura,MANDALGARH,BHILWARA,Bhopatpura,Bhilwara,Bijoliya,B_exact_gp_district,1,once,0
35835,1,0,OBC W,GEN,gopalpura,MANDALGARH,BHILWARA,Gopalpura,Bhilwara,Bijoliya,B_exact_gp_district,1,once,0
35837,0,0,GEN,GEN,jaliya,MANDALGARH,BHILWARA,Jaliya,Bhilwara,Mandalgarh,A_exact_gp_district_samiti,0,never,0
35839,1,1,SC W,GENW,jhanjhola,MANDALGARH,BHILWARA,Jhanjhola,Bhilwara,Mandalgarh,A_exact_gp_district_samiti,2,twice,0
35842,1,1,GEN W,SCW,kalyanpura,MANDALGARH,BHILWARA,Kalyanpura,Bhilwara,Mandalgarh,A_exact_gp_district_samiti,2,twice,0
35843,0,1,GEN,SCW,kansya,MANDALGARH,BHILWARA,Kansya,Bhilwara,Bijoliya,B_exact_gp_district,1,once,0
35844,1,0,ST W,OBC,khachrol,MANDALGARH,BHILWARA,Khachrol,Bhilwara,Mandalgarh,A_exact_gp_district_samiti,1,once,0
35845,0,1,OBC,GENW,khatwada,MANDALGARH,BHILWARA,Khatwada,Bhilwara,Mandalgarh,A_exact_gp_district_samiti,1,once,0
35846,1,1,GEN W,STW,ladpura,MANDALGARH,BHILWARA,Ladpura,Bhilwara,Mandalgarh,A_exact_gp_district_samiti,2,twice,0
35848,0,0,SC,GEN,makredi,MANDALGARH,BHILWARA,Makredi,Bhilwara,Bijoliya,B_exact_gp_district,0,never,0
35850,0,0,OBC,GEN,mangtala,MANDALGARH,BHILWARA,Mangtala,Shahpura,Kachhola,C_unique_gp_name_statewide,0,never,0
35855,1,0,OBC W,GEN,naya nagar,MANDALGARH,BHILWARA,Nayanagar,Bhilwara,Bijoliya,B_exact_gp_district,1,once,0
35857,0,1,GEN,GENW,ralayata,MANDALGARH,BHILWARA,Ralayata,Bhilwara,Mandalgarh,A_exact_gp_district_samiti,1,once,0
35860,1,1,SC W,GENW,sarana,MANDALGARH,BHILWARA,Sarana,Bhilwara,Mandalgarh,A_exact_gp_district_samiti,2,twice,0
35862,0,0,GEN,ST,shyamgarh,MANDALGARH,BHILWARA,Shyamgarh,Bhilwara,Mandalgarh,A_exact_gp_district_samiti,0,never,0
35863,0,0,GEN,OBC,shyampura,MANDALGARH,BHILWARA,Shyampura,Bhilwara,Bijoliya,B_exact_gp_district,0,never,0
35864,0,0,OBC,ST,singoli,MANDALGARH,BHILWARA,Singoli,Bhilwara,Mandalgarh,A_exact_gp_district_samiti,0,never,0
35866,0,0,GEN,GEN,sukhpura,MANDALGARH,BHILWARA,Sukhpura,Bhilwara,Bijoliya,B_exact_gp_district,0,never,0
35867,0,1,GEN,STW,suras,MANDALGARH,BHILWARA,Suras,Bhilwara,Mandalgarh,A_exact_gp_district_samiti,1,once,0
35868,0,0,SC,GEN,thalkalan,MANDALGARH,BHILWARA,Thalkalan,Bhilwara,Mandalgarh,A_exact_gp_district_samiti,0,never,0
35869,0,1,ST,GENW,tharoda,MANDALGARH,BHILWARA,Tharoda,Bhilwara,Bijoliya,B_exact_gp_district,1,once,0
35872,0,1,GEN,SCW,vikrampura,MANDALGARH,BHILWARA,Vikrampura,Bhilwara,Bijoliya,B_exact_gp_district,1,once,0
35874,0,1,GEN,SCW,bangar,RAIPUR,BHILWARA,Bangar,Bhilwara,Raipur,A_exact_gp_district_samiti,1,once,0
35875,0,0,OBC,SC,bagoliya,RAIPUR,BHILWARA,Bagoliya,Bhilwara,Raipur,A_exact_gp_district_samiti,0,never,0
35877,1,0,GEN W,GEN,borana,RAIPUR,BHILWARA,Borana,Bhilwara,Raipur,A_exact_gp_district_samiti,1,once,0
35878,0,1,OBC,GENW,boriyapura,RAIPUR,BHILWARA,Boriya Pura,Bhilwara,Raipur,A_exact_gp_district_samiti,1,once,0
35880,0,1,GEN,GENW,galwa,RAIPUR,BHILWARA,Galwa,Bhilwara,Raipur,A_exact_gp_district_samiti,1,once,0
35881,0,0,GEN,GEN,jhadol,RAIPUR,BHILWARA,Jhadol,Bhilwara,Raipur,A_exact_gp_district_samiti,0,never,0
35884,0,1,GEN,OBCW,kot,RAIPUR,BHILWARA,Kot,Bhilwara,Raipur,A_exact_gp_district_samiti,1,once,0
35885,0,0,GEN,OBC,mokhunda,RAIPUR,BHILWARA,Mokhunda,Bhilwara,Raipur,A_exact_gp_district_samiti,0,never,0
35886,0,1,GEN,SCW,nahri,RAIPUR,BHILWARA,Nahri,Bhilwara,Raipur,A_exact_gp_district_samiti,1,once,0
35893,0,1,GEN,GENW,sagrev,RAIPUR,BHILWARA,Sagrev,Bhilwara,Raipur,A_exact_gp_district_samiti,1,once,0
35894,1,1,GEN W,GENW,thala,RAIPUR,BHILWARA,Thala,Bhilwara,Raipur,A_exact_gp_district_samiti,2,twice,0
35895,0,0,OBC,GEN,aamli,SAHARA,BHILWARA,Aamli,Bhilwara,Sahara,A_exact_gp_district_samiti,0,never,0
35896,1,1,OBC W,GENW,arniya,SAHARA,BHILWARA,Arniya,Bhilwara,Sahara,A_exact_gp_district_samiti,2,twice,0
35897,0,0,GEN,SC,bharak,SAHARA,BHILWARA,Bharak,Bhilwara,Sahara,A_exact_gp_district_samiti,0,never,0
35898,0,1,OBC,SCW,bhunas,SAHARA,BHILWARA,Bhunas,Bhilwara,Sahara,A_exact_gp_district_samiti,1,once,0
35901,1,0,SC W,GEN,delana,SAHARA,BHILWARA,Delana,Bhilwara,Sahara,A_exact_gp_district_samiti,1,once,0
35902,0,0,GEN,GEN,dhosar,SAHARA,BHILWARA,Dhosar,Bhilwara,Sahara,A_exact_gp_district_samiti,0,never,0
35903,0,1,ST,GENW,ganeshpura,SAHARA,BHILWARA,Ganeshpura,Bhilwara,Sahara,A_exact_gp_district_samiti,1,once,0
35905,1,1,OBC W,GENW,kangani,SAHARA,BHILWARA,Kangani,Bhilwara,Sahara,A_exact_gp_district_samiti,2,twice,0
35907,0,0,GEN,GEN,koshithal,SAHARA,BHILWARA,Koshithal,Bhilwara,Sahara,A_exact_gp_district_samiti,0,never,0
35909,0,1,GEN,OBCW,mahendragarh,SAHARA,BHILWARA,Mahendragarh,Bhilwara,Sahara,A_exact_gp_district_samiti,1,once,0
35910,1,1,GEN W,OBCW,majhawas,SAHARA,BHILWARA,Majhawas,Bhilwara,Sahara,A_exact_gp_district_samiti,2,twice,0
35915,1,0,ST W,OBC,salera,SAHARA,BHILWARA,Salera,Bhilwara,Sahara,A_exact_gp_district_samiti,1,once,0
35916,0,1,OBC,GENW,sargaon,SAHARA,BHILWARA,Sargaon,Bhilwara,Sahara,A_exact_gp_district_samiti,1,once,0
35917,0,1,GEN,GENW,satliyas,SAHARA,BHILWARA,Satliyas,Bhilwara,Sahara,A_exact_gp_district_samiti,1,once,0
35918,0,0,GEN,SC,shivrati,SAHARA,BHILWARA,Shivrati,Bhilwara,Sahara,A_exact_gp_district_samiti,0,never,0
35919,0,0,OBC,GEN,soniyana,SAHARA,BHILWARA,Soniyana,Bhilwara,Sahara,A_exact_gp_district_samiti,0,never,0
35920,0,0,GEN,SC,surawas,SAHARA,BHILWARA,Surawas,Bhilwara,Sahara,A_exact_gp_district_samiti,0,never,0
35921,0,0,GEN,GEN,ullai,SAHARA,BHILWARA,Ullai,Bhilwara,Sahara,A_exact_gp_district_samiti,0,never,0
35922,1,0,GEN W,OBC,ummedpura,SAHARA,BHILWARA,Ummedpura,Bhilwara,Sahara,A_exact_gp_district_samiti,1,once,0
35924,0,0,ST,GEN,arniya ghora,SHAHPURA,BHILWARA,Arniya Ghora,Shahpura,Phooliya Kalan,C_unique_gp_name_statewide,0,never,0
35925,0,0,SC,GEN,arniya rasa,SHAHPURA,BHILWARA,Arniya Rasa,Shahpura,Shahpura,C_unique_gp_name_statewide,0,never,0
35926,0,1,SC,GENW,arwad,SHAHPURA,BHILWARA,Arwad,Shahpura,Phooliya Kalan,C_unique_gp_name_statewide,1,once,0
35931,1,1,OBC W,GENW,biliya,SHAHPURA,BHILWARA,Biliya,Shahpura,Shahpura,C_unique_gp_name_statewide,2,twice,0
35934,0,1,GEN,SCW,dabla chanda,SHAHPURA,BHILWARA,Dabla Chanda,Shahpura,Shahpura,C_unique_gp_name_statewide,1,once,0
35936,0,1,GEN,SCW,dhanop,SHAHPURA,BHILWARA,Dhanop,Shahpura,Phooliya Kalan,C_unique_gp_name_statewide,1,once,0
35937,0,1,OBC,STW,dhikola,SHAHPURA,BHILWARA,Dhikola,Shahpura,Phooliya Kalan,C_unique_gp_name_statewide,1,once,0
35940,0,1,GEN,GENW,girdiya,SHAHPURA,BHILWARA,Girdiya,Shahpura,Shahpura,C_unique_gp_name_statewide,1,once,0
35945,1,1,SC W,OBCW,khamor,SHAHPURA,BHILWARA,Khamor,Shahpura,Shahpura,C_unique_gp_name_statewide,2,twice,0
35948,1,0,OBC W,GEN,kothiya,SHAHPURA,BHILWARA,Kothiya,Shahpura,Phooliya Kalan,C_unique_gp_name_statewide,1,once,0
35952,0,0,ST,GEN,mindoliya,SHAHPURA,BHILWARA,Mindoliya,Shahpura,Shahpura,C_unique_gp_name_statewide,0,never,0
35956,1,0,ST W,OBC,rehad,SHAHPURA,BHILWARA,Rehad,Shahpura,Shahpura,C_unique_gp_name_statewide,1,once,0
35960,1,1,SC W,OBCW,tehnal,SHAHPURA,BHILWARA,Tehnal,Shahpura,Shahpura,C_unique_gp_name_statewide,2,twice,0
35962,0,1,GEN,GENW,arjiya,SUWANA,BHILWARA,Arjiya,Bhilwara,Bhilwara,B_exact_gp_district,1,once,0
35964,0,1,SC,OBCW,bardod,SUWANA,BHILWARA,Bardod,Bhilwara,Hameergarh,B_exact_gp_district,1,once,0
35965,0,1,GEN,OBCW,bholi,SUWANA,BHILWARA,Bholi,Bhilwara,Bhilwara,B_exact_gp_district,1,once,0
35967,0,0,SC,GEN,danthal,SUWANA,BHILWARA,Danthal,Bhilwara,Bhilwara,B_exact_gp_district,0,never,0
35970,1,0,GEN W,OBC,dudiya,SUWANA,BHILWARA,Dudiya,Bhilwara,Hameergarh,B_exact_gp_district,1,once,0
35973,0,1,GEN,GENW,haled,SUWANA,BHILWARA,Haled,Bhilwara,Bhilwara,B_exact_gp_district,1,once,0
35975,1,1,GEN W,SCW,kanda,SUWANA,BHILWARA,Kanda,Bhilwara,Bhilwara,B_exact_gp_district,2,twice,0
35978,0,1,OBC,GENW,kochriya,SUWANA,BHILWARA,Kochriya,Bhilwara,Bhilwara,B_exact_gp_district,1,once,0
35979,0,1,ST,GENW,kodukota,SUWANA,BHILWARA,Kodukota,Bhilwara,Bhilwara,B_exact_gp_district,1,once,0
35981,1,0,GEN W,OBC,malola,SUWANA,BHILWARA,Malola,Bhilwara,Bhilwara,B_exact_gp_district,1,once,0
35982,0,1,OBC,GENW,mangrop,SUWANA,BHILWARA,Mangrop,Bhilwara,Bhilwara,B_exact_gp_district,1,once,0
35985,1,1,GEN W,GENW,pansal,SUWANA,BHILWARA,Pansal,Bhilwara,Bhilwara,B_exact_gp_district,2,twice,0
35986,0,0,OBC,GEN,peepli,SUWANA,BHILWARA,Peepli,Bhilwara,Hameergarh,B_exact_gp_district,0,never,0
35990,1,0,GEN W,SC,sangwa,SUWANA,BHILWARA,Sangwa,Bhilwara,Bhilwara,B_exact_gp_district,1,once,0
36005,1,1,OBC W,SCW,ambasar,BIKANER,BIKANER,Ambasar,Bikaner,Bikaner,A_exact_gp_district_samiti,2,twice,0
36018,0,0,SC,GEN,gusainsar,BIKANER,BIKANER,Gusainsar,Bikaner,Bikaner,A_exact_gp_district_samiti,0,never,0
36019,0,0,GEN,SC,jaimalsar,BIKANER,BIKANER,Jaimalsar,Bikaner,Bikaner,A_exact_gp_district_samiti,0,never,0
36021,0,1,GEN,GENW,jamsar,BIKANER,BIKANER,Jamsar,Bikaner,Bikaner,A_exact_gp_district_samiti,1,once,0
36028,0,1,GEN,OBCW,khara,BIKANER,BIKANER,Khara,Bikaner,Bikaner,A_exact_gp_district_samiti,1,once,0
36044,0,1,OBC,GENW,palana,BIKANER,BIKANER,Palana,Bikaner,Bikaner,A_exact_gp_district_samiti,1,once,0
36046,0,0,GEN,SC,ramsar,BIKANER,BIKANER,Ramsar,Bikaner,Bikaner,A_exact_gp_district_samiti,0,never,0
36050,1,1,SC W,GENW,sherera,BIKANER,BIKANER,Sherera,Bikaner,Bikaner,A_exact_gp_district_samiti,2,twice,0
36052,0,0,SC,GEN,sinthal,BIKANER,BIKANER,Sinthal,Bikaner,Bikaner,A_exact_gp_district_samiti,0,never,0
36054,0,0,SC,GEN,tejrasar,BIKANER,BIKANER,Tejrasar,Bikaner,Bikaner,A_exact_gp_district_samiti,0,never,0
36056,1,1,OBC W,GENW,udasar,BIKANER,BIKANER,Udasar,Bikaner,Bikaner,A_exact_gp_district_samiti,2,twice,0
36057,0,1,GEN,GENW,udairamsar,BIKANER,BIKANER,Udairamsar,Bikaner,Bikaner,A_exact_gp_district_samiti,1,once,0
36059,1,0,GEN W,SC,bajju,KOLAYAT,BIKANER,Bajju,Bikaner,Bajju,B_exact_gp_district,1,once,0
36061,0,0,OBC,GEN,barsalpur,KOLAYAT,BIKANER,Barsalpur,Bikaner,Bajju,B_exact_gp_district,0,never,0
36062,0,1,GEN,GENW,bhaluri,KOLAYAT,BIKANER,Bhaluri,Bikaner,Bajju,B_exact_gp_district,1,once,0
36063,1,1,GEN W,OBCW,bhaneka gaon,KOLAYAT,BIKANER,Bhaneka Gaon,Bikaner,Hadan,B_exact_gp_district,2,twice,0
36064,0,1,SC,GENW,bhelu,KOLAYAT,BIKANER,Bhelu,Bikaner,Hadan,B_exact_gp_district,1,once,0
36065,0,0,SC,OBC,bholasar,KOLAYAT,BIKANER,Bholasar,Bikaner,Kolayat,A_exact_gp_district_samiti,0,never,0
36066,0,0,GEN,SC,bikampur,KOLAYAT,BIKANER,Bikampur,Bikaner,Bajju,B_exact_gp_district,0,never,0
36067,1,0,SC W,GEN,bithnok,KOLAYAT,BIKANER,Bithnok,Bikaner,Kolayat,A_exact_gp_district_samiti,1,once,0
36069,0,1,GEN,GENW,chani,KOLAYAT,BIKANER,Chani,Bikaner,Kolayat,A_exact_gp_district_samiti,1,once,0
36070,0,1,SC,OBCW,charanwala,KOLAYAT,BIKANER,Charanwala,Bikaner,Bajju,B_exact_gp_district,1,once,0
36071,0,1,OBC,GENW,dasori,KOLAYAT,BIKANER,Dasori,Bikaner,Hadan,B_exact_gp_district,1,once,0
36072,1,0,GEN W,GEN,diyatra,KOLAYAT,BIKANER,Diyatra,Bikaner,Kolayat,A_exact_gp_district_samiti,1,once,0
36074,0,1,GEN,SCW,gajner,KOLAYAT,BIKANER,Gajner,Bikaner,Kolayat,A_exact_gp_district_samiti,1,once,0
36075,1,1,SC W,OBCW,girajsar,KOLAYAT,BIKANER,Girajsar,Bikaner,Kolayat,A_exact_gp_district_samiti,2,twice,0
36076,0,1,GEN,SCW,godu,KOLAYAT,BIKANER,Godu,Bikaner,Bajju,B_exact_gp_district,1,once,0
36078,0,0,GEN,SC,gokul,KOLAYAT,BIKANER,Gokul,Bikaner,Bajju,B_exact_gp_district,0,never,0
36079,0,1,GEN,GENW,guda,KOLAYAT,BIKANER,Guda,Bikaner,Kolayat,A_exact_gp_district_samiti,1,once,0
36081,1,1,GEN W,SCW,hadla bhatiyan,KOLAYAT,BIKANER,Hadla Bhatiyan,Bikaner,Kolayat,A_exact_gp_district_samiti,2,twice,0
36082,1,0,GEN W,GEN,jhajhu,KOLAYAT,BIKANER,Jhajhu,Bikaner,Kolayat,A_exact_gp_district_samiti,1,once,0
36083,0,1,SC,GENW,khari charnan,KOLAYAT,BIKANER,Khari Charnan,Bikaner,Kolayat,A_exact_gp_district_samiti,1,once,0
36085,1,1,OBC W,GENW,kolayat,KOLAYAT,BIKANER,Kolayat,Bikaner,Kolayat,A_exact_gp_district_samiti,2,twice,0
36090,1,0,OBC W,GEN,nagrasar,KOLAYAT,BIKANER,Nagrasar,Bikaner,Bajju,B_exact_gp_district,1,once,0
36097,1,0,GEN W,OBC,baladesar,LUNKARANSAR,BIKANER,Baladesar,Bikaner,Lunkaransar,A_exact_gp_district_samiti,1,once,0
36099,0,1,GEN,OBCW,chak johad,LUNKARANSAR,BIKANER,Chakjohad,Bikaner,Lunkaransar,A_exact_gp_district_samiti,1,once,0
36100,0,0,GEN,OBC,dhani pandusar,LUNKARANSAR,BIKANER,Dhani Pandusar,Bikaner,Lunkaransar,A_exact_gp_district_samiti,0,never,0
36101,0,0,GEN,SC,dhirera,LUNKARANSAR,BIKANER,Dhirera,Bikaner,Lunkaransar,A_exact_gp_district_samiti,0,never,0
36102,0,1,GEN,GENW,garabdesar,LUNKARANSAR,BIKANER,Garabdesar,Bikaner,Lunkaransar,A_exact_gp_district_samiti,1,once,0
36103,1,0,GEN W,SC,hansera,LUNKARANSAR,BIKANER,Hansera,Bikaner,Lunkaransar,A_exact_gp_district_samiti,1,once,0
36104,1,1,GEN W,GEN,jaitpur,LUNKARANSAR,BIKANER,Jaitpur,Bikaner,Lunkaransar,A_exact_gp_district_samiti,2,twice,0
36107,1,1,OBC W,GENW,kapurisar,LUNKARANSAR,BIKANER,Kapurisar,Bikaner,Lunkaransar,A_exact_gp_district_samiti,2,twice,0
36111,1,0,GEN W,OBC,khokhrana,LUNKARANSAR,BIKANER,Khokhrana,Bikaner,Lunkaransar,A_exact_gp_district_samiti,1,once,0
36112,0,0,GEN,SC,kujti,LUNKARANSAR,BIKANER,Kujti,Bikaner,Lunkaransar,A_exact_gp_district_samiti,0,never,0
36115,0,0,GEN,GEN,mahajan,LUNKARANSAR,BIKANER,Mahajan,Bikaner,Lunkaransar,A_exact_gp_district_samiti,0,never,0
36116,0,0,OBC,GEN,makdasar,LUNKARANSAR,BIKANER,Makdasar,Bikaner,Lunkaransar,A_exact_gp_district_samiti,0,never,0
36119,1,0,GEN W,OBC,rajasar bhatiyan,LUNKARANSAR,BIKANER,Rajasar Bhatiyan,Bikaner,Chhatargarh,B_exact_gp_district,1,once,0
36125,0,0,SC,GEN,sansardesar,LUNKARANSAR,BIKANER,Sansardesar,Bikaner,Chhatargarh,B_exact_gp_district,0,never,0
36126,0,0,GEN,SC,shekhsar,LUNKARANSAR,BIKANER,Shekhsar,Bikaner,Lunkaransar,A_exact_gp_district_samiti,0,never,0
36128,1,1,GEN W,SCW,sodhwali,LUNKARANSAR,BIKANER,Sodhwali,Bikaner,Lunkaransar,A_exact_gp_district_samiti,2,twice,0
36132,0,0,GEN,SC,bandhra,SHEO,BARMER,Bandhra,Bikaner,Nokha,C_unique_gp_name_statewide,0,never,0
36133,0,1,GEN,GENW,berasar,NOKHA,BIKANER,Berasar,Bikaner,Nokha,A_exact_gp_district_samiti,1,once,0
36134,0,0,GEN,GEN,bhadla,NOKHA,BIKANER,Bhadla,Bikaner,Nokha,A_exact_gp_district_samiti,0,never,0
36136,0,1,GEN,SCW,bikasar,NOKHA,BIKANER,Bikasar,Bikaner,Nokha,A_exact_gp_district_samiti,1,once,0
36140,0,0,GEN,SC,desalsar,NOKHA,BIKANER,Desalsar,Bikaner,Nokha,A_exact_gp_district_samiti,0,never,0
36141,0,0,SC,OBC,dharnok,NOKHA,BIKANER,Dharnok,Bikaner,Nokha,A_exact_gp_district_samiti,0,never,0
36144,0,0,SC,GEN,hansasar,NOKHA,BIKANER,Hansasar,Bikaner,Nokha,A_exact_gp_district_samiti,0,never,0
36146,0,0,OBC,GEN,jaisalsar,NOKHA,BIKANER,Jaisalsar,Bikaner,Nokha,A_exact_gp_district_samiti,0,never,0
36147,1,1,GEN W,GENW,jaisinghdesarmagra,NOKHA,BIKANER,Jaisinghdesar Magra,Bikaner,Nokha,A_exact_gp_district_samiti,2,twice,0
36149,1,0,OBC W,SC,jasrasar,NOKHA,BIKANER,Jasrasar,Bikaner,Jasrasar,B_exact_gp_district,1,once,0
36152,0,0,GEN,GEN,kahira,NOKHA,BIKANER,Kahira,Bikaner,Nokha,A_exact_gp_district_samiti,0,never,0
36159,1,0,GEN W,SC,lalamdesar bada,NOKHA,BIKANER,Lalamdesar Bada,Bikaner,Jasrasar,B_exact_gp_district,1,once,0
36160,0,1,GEN,OBCW,mainsar,NOKHA,BIKANER,Mainsar,Bikaner,Jasrasar,B_exact_gp_district,1,once,0
36162,0,0,GEN,GEN,morkhana,NOKHA,BIKANER,Morkhana,Bikaner,Nokha,A_exact_gp_district_samiti,0,never,0
36163,0,0,OBC,GEN,mukam,NOKHA,BIKANER,Mukam,Bikaner,Nokha,A_exact_gp_district_samiti,0,never,0
36165,0,0,GEN,OBC,nokha gaon,NOKHA,BIKANER,Nokha Gaon,Bikaner,Nokha,A_exact_gp_district_samiti,0,never,0
36171,1,0,SC W,GEN,sadhasar,NOKHA,BIKANER,Sadhasar,Bikaner,Jasrasar,B_exact_gp_district,1,once,0
36172,0,0,GEN,OBC,sadhuna,NOKHA,BIKANER,Sadhuna,Bikaner,Nokha,A_exact_gp_district_samiti,0,never,0
36173,0,0,GEN,SC,salundiya,NOKHA,BIKANER,Salundiya,Bikaner,Nokha,A_exact_gp_district_samiti,0,never,0
36174,0,0,GEN,OBC,sarunda,NOKHA,BIKANER,Sarunda,Bikaner,Nokha,A_exact_gp_district_samiti,0,never,0
36175,0,1,SC,OBCW,sinjguru,NOKHA,BIKANER,Sinjguru,Bikaner,Nokha,A_exact_gp_district_samiti,1,once,0
36177,0,1,GEN,GENW,somalsar,NOKHA,BIKANER,Somalsar,Bikaner,Nokha,A_exact_gp_district_samiti,1,once,0
36178,0,1,GEN,SCW,surpura,NOKHA,BIKANER,Surpura,Bikaner,Nokha,A_exact_gp_district_samiti,1,once,0
36184,0,1,OBC,GENW,badela,DUNGARGARH,BIKANER,Badela,Bikaner,Sridungargarh,B_exact_gp_district,1,once,0
36185,1,0,SC W,GEN,bana,DUNGARGARH,BIKANER,Bana,Bikaner,Sridungargarh,B_exact_gp_district,1,once,0
36188,0,0,OBC,GEN,bigga,DUNGARGARH,BIKANER,Bigga,Bikaner,Sridungargarh,B_exact_gp_district,0,never,0
36190,0,0,OBC,GEN,dharmas,DUNGARGARH,BIKANER,Dharmas,Bikaner,Sridungargarh,B_exact_gp_district,0,never,0
36193,0,1,SC,OBCW,dusarna pandrikji,DUNGARGARH,BIKANER,Dusarna Pandrik Ji,Bikaner,Sridungargarh,B_exact_gp_district,1,once,0
36197,1,1,OBC W,OBCW,jodhasar,DUNGARGARH,BIKANER,Jodhasar,Bikaner,Sridungargarh,B_exact_gp_district,2,twice,0
36198,1,0,GEN W,GEN,kitasar bhatiyan,DUNGARGARH,BIKANER,Kitasar Bhatiyan,Bikaner,Sridungargarh,B_exact_gp_district,1,once,0
36200,0,1,SC,GENW,likhmadesar,DUNGARGARH,BIKANER,Likhmadesar,Bikaner,Sridungargarh,B_exact_gp_district,1,once,0
36201,0,0,GEN,OBC,momasar,DUNGARGARH,BIKANER,Momasar,Bikaner,Sridungargarh,B_exact_gp_district,0,never,0
36203,0,0,GEN,SC,ridi,DUNGARGARH,BIKANER,Ridi,Bikaner,Sridungargarh,B_exact_gp_district,0,never,0
36207,0,1,GEN,GENW,sudsar,DUNGARGARH,BIKANER,Sudsar,Bikaner,Sridungargarh,B_exact_gp_district,1,once,0
36210,1,0,GEN W,SC,toliyasar,DUNGARGARH,BIKANER,Toliyasar,Bikaner,Sridungargarh,B_exact_gp_district,1,once,0
36214,0,0,OBC,GEN,alod,HINDOLI,BUNDI,Alod,Bundi,Hindoli,A_exact_gp_district_samiti,0,never,0
36215,1,0,ST W,OBC,anantganj,HINDOLI,BUNDI,Anant Ganj,Bundi,Hindoli,A_exact_gp_district_samiti,1,once,0
36218,1,1,GEN W,OBCW,basoli,HINDOLI,BUNDI,Basoli,Bundi,Hindoli,A_exact_gp_district_samiti,2,twice,0
36219,1,1,GEN W,GENW,bhawanipura,HINDOLI,BUNDI,Bhawani Pura,Bundi,Hindoli,A_exact_gp_district_samiti,2,twice,0
36220,1,0,GEN W,GEN,badgaon,HINDOLI,BUNDI,Badgaon,Bundi,Hindoli,A_exact_gp_district_samiti,1,once,0
36221,0,1,OBC,GENW,chatarganj,HINDOLI,BUNDI,Chatar Ganj,Bundi,Hindoli,A_exact_gp_district_samiti,1,once,0
36222,0,1,GEN,GENW,cheta,HINDOLI,BUNDI,Cheta,Bundi,Hindoli,A_exact_gp_district_samiti,1,once,0
36224,1,0,OBC W,ST,dabeta,HINDOLI,BUNDI,Dabeta,Bundi,Bundi,B_exact_gp_district,1,once,0
36225,0,1,GEN,GENW,dablana,HINDOLI,BUNDI,Dablana,Bundi,Hindoli,A_exact_gp_district_samiti,1,once,0
36231,0,0,GEN,OBC,gudha gokulpura,HINDOLI,BUNDI,Gudha Gokul Pura,Bundi,Hindoli,A_exact_gp_district_samiti,0,never,0
36235,0,1,ST,GENW,kherkhata,HINDOLI,BUNDI,Kherkhata,Bundi,Hindoli,A_exact_gp_district_samiti,1,once,0
36237,0,1,GEN,STW,mendi,HINDOLI,BUNDI,Mendi,Bundi,Hindoli,A_exact_gp_district_samiti,1,once,0
36238,0,0,SC,ST,negarh,HINDOLI,BUNDI,Negarh,Bundi,Hindoli,A_exact_gp_district_samiti,0,never,0
36239,0,1,ST,GENW,owan,HINDOLI,BUNDI,Owan,Bundi,Hindoli,A_exact_gp_district_samiti,1,once,0
36240,0,1,GEN,GENW,pagara,HINDOLI,BUNDI,Pagara,Bundi,Hindoli,A_exact_gp_district_samiti,1,once,0
36243,1,1,GEN W,GENW,ranipura,HINDOLI,BUNDI,Ranipura,Bundi,Hindoli,A_exact_gp_district_samiti,2,twice,0
36246,0,0,GEN,GEN,sahaspuriya,HINDOLI,BUNDI,Sahaspuriya,Bundi,Hindoli,A_exact_gp_district_samiti,0,never,0
36247,0,0,SC,GEN,sanwatgarh,HINDOLI,BUNDI,Sanwatgarh,Bundi,Hindoli,A_exact_gp_district_samiti,0,never,0
36248,0,0,ST,GEN,sathoor,HINDOLI,BUNDI,Sathoor,Bundi,Hindoli,A_exact_gp_district_samiti,0,never,0
36249,1,1,SC W,GENW,thana,HINDOLI,BUNDI,Thana,Bundi,Hindoli,A_exact_gp_district_samiti,2,twice,0
36250,0,1,GEN,SCW,theekarda,HINDOLI,BUNDI,Theekarda,Bundi,Hindoli,A_exact_gp_district_samiti,1,once,0
36254,0,0,ST,GEN,ajanda,KESHORAI PATAN,BUNDI,Ajanda,Bundi,Keshoraipatan,A_exact_gp_district_samiti,0,never,0
36255,0,1,GEN,OBCW,arnetha,KESHORAI PATAN,BUNDI,Arnetha,Bundi,Keshoraipatan,A_exact_gp_district_samiti,1,once,0
36256,1,1,GEN W,GENW,babai,KESHORAI PATAN,BUNDI,Babai,Bundi,Indragarh,B_exact_gp_district,2,twice,0
36258,1,0,ST W,GEN,balkasa,KESHORAI PATAN,BUNDI,Balkasa,Bundi,Keshoraipatan,A_exact_gp_district_samiti,1,once,0
36259,0,0,ST,GEN,balod,KESHORAI PATAN,BUNDI,Balod,Bundi,Keshoraipatan,A_exact_gp_district_samiti,0,never,0
36260,1,0,ST W,GEN,balwan,KESHORAI PATAN,BUNDI,Balwan,Bundi,Indragarh,B_exact_gp_district,1,once,0
36263,0,0,SC,ST,borda kachiyan,KESHORAI PATAN,BUNDI,Borda Kachiyan,Bundi,Keshoraipatan,A_exact_gp_district_samiti,0,never,0
36264,0,1,GEN,GENW,chadi,KESHORAI PATAN,BUNDI,Chadi,Bundi,Keshoraipatan,A_exact_gp_district_samiti,1,once,0
36266,1,1,SC W,STW,chardana,KESHORAI PATAN,BUNDI,Chardana,Bundi,Keshoraipatan,A_exact_gp_district_samiti,2,twice,0
36267,1,1,GEN W,GENW,chitawa,KESHORAI PATAN,BUNDI,Chitawa,Bundi,Keshoraipatan,A_exact_gp_district_samiti,2,twice,0
36273,0,1,SC,GENW,gudli,KESHORAI PATAN,BUNDI,Gudli,Bundi,Keshoraipatan,A_exact_gp_district_samiti,1,once,0
36275,1,0,SC W,GEN,hingonia,KESHORAI PATAN,BUNDI,Hingonia,Bundi,Keshoraipatan,A_exact_gp_district_samiti,1,once,0
36276,0,0,OBC,ST,jaisthal,KESHORAI PATAN,BUNDI,Jaisthal,Bundi,Keshoraipatan,A_exact_gp_district_samiti,0,never,0
36277,0,1,ST,STW,jaloda,KESHORAI PATAN,BUNDI,Jaloda,Bundi,Keshoraipatan,A_exact_gp_district_samiti,1,once,0
36278,0,0,ST,OBC,jhaliji ka barana,KESHORAI PATAN,BUNDI,Jhali Ji Ka Barana,Bundi,Keshoraipatan,A_exact_gp_district_samiti,0,never,0
36279,0,0,GEN,GEN,karwala,KESHORAI PATAN,BUNDI,Karwala,Bundi,Keshoraipatan,A_exact_gp_district_samiti,0,never,0
36282,1,0,GEN W,ST,laban,KESHORAI PATAN,BUNDI,Laban,Bundi,Indragarh,B_exact_gp_district,1,once,0
36284,1,1,SC W,GENW,madhorajpura,KESHORAI PATAN,BUNDI,Madhorajpura,Bundi,Keshoraipatan,A_exact_gp_district_samiti,2,twice,0
36287,0,0,GEN,SC,mohanpura,KESHORAI PATAN,BUNDI,Mohanpura,Bundi,Indragarh,B_exact_gp_district,0,never,0
36291,0,0,ST,GEN,pholai,KESHORAI PATAN,BUNDI,Pholai,Bundi,Raithal,B_exact_gp_district,0,never,0
36292,0,1,GEN,SCW,radi,KESHORAI PATAN,BUNDI,Radi,Bundi,Keshoraipatan,A_exact_gp_district_samiti,1,once,0
36293,1,1,GEN W,GENW,rebarpura,KESHORAI PATAN,BUNDI,Rebarpura,Bundi,Indragarh,B_exact_gp_district,2,twice,0
36295,0,0,ST,SC,sakhawada,KESHORAI PATAN,BUNDI,Sakhawada,Bundi,Indragarh,B_exact_gp_district,0,never,0
36298,0,1,GEN,GENW,sumerganj mandi,KESHORAI PATAN,BUNDI,Sumerganj Mandi,Bundi,Indragarh,B_exact_gp_district,1,once,0
36301,0,0,GEN,GEN,bachhola,NAINWA,BUNDI,Bachhola,Bundi,Nainwa,A_exact_gp_district_samiti,0,never,0
36302,0,1,SC,GENW,balapura,NAINWA,BUNDI,Balapura,Bundi,Nainwa,A_exact_gp_district_samiti,1,once,0
36303,1,0,GEN W,GEN,bamangaon,NAINWA,BUNDI,Bamangaon,Bundi,Nainwa,A_exact_gp_district_samiti,1,once,0
36304,0,1,OBC,GENW,bansi,NAINWA,BUNDI,Bansi,Bundi,Nainwa,A_exact_gp_district_samiti,1,once,0
36305,1,1,ST W,GENW,bhajneri,NAINWA,BUNDI,Bhajneri,Bundi,Nainwa,A_exact_gp_district_samiti,2,twice,0
36307,0,1,GEN,SCW,dodi,NAINWA,BUNDI,Dodi,Bundi,Nainwa,A_exact_gp_district_samiti,1,once,0
36309,0,1,ST,OBCW,dugari,NAINWA,BUNDI,Dugari,Bundi,Nainwa,A_exact_gp_district_samiti,1,once,0
36311,0,1,SC,GENW,gambhira,SAWAI MADHOPUR,SAWAIMADHOPUR,Gambhira,Bundi,Nainwa,C_unique_gp_name_statewide,1,once,0
36314,0,0,SC,GEN,jajawar,NAINWA,BUNDI,Jajawar,Bundi,Nainwa,A_exact_gp_district_samiti,0,never,0
36315,0,0,GEN,GEN,jarkhoda,NAINWA,BUNDI,Jarkhoda,Bundi,Nainwa,A_exact_gp_district_samiti,0,never,0
36317,1,0,GEN W,GEN,karwar,NAINWA,BUNDI,Karwar,Bundi,Nainwa,A_exact_gp_district_samiti,1,once,0
36320,0,0,GEN,ST,khanpura,NAINWA,BUNDI,Khanpura,Bundi,Nainwa,A_exact_gp_district_samiti,0,never,0
36322,0,1,OBC,GENW,mani,NAINWA,BUNDI,Mani,Bundi,Nainwa,A_exact_gp_district_samiti,1,once,0
36324,0,0,ST,OBC,modsa,NAINWA,BUNDI,Modsa,Bundi,Nainwa,A_exact_gp_district_samiti,0,never,0
36328,1,1,SC W,GENW,sahan,NAINWA,BUNDI,Sahan,Bundi,Nainwa,A_exact_gp_district_samiti,2,twice,0
36332,1,1,GEN W,STW,talwas,NAINWA,BUNDI,Talwas,Bundi,Nainwa,A_exact_gp_district_samiti,2,twice,0
36335,0,0,GEN,SC,alpha nagar,TALERA,BUNDI,Alpha Nagar,Bundi,Bundi,B_exact_gp_district,0,never,0
36339,0,1,GEN,SCW,ballop,TALERA,BUNDI,Ballop,Bundi,Talera,A_exact_gp_district_samiti,1,once,0
36343,1,0,ST W,GEN,budhpura,TALERA,BUNDI,Budhpura,Bundi,Talera,A_exact_gp_district_samiti,1,once,0
36344,0,0,GEN,GEN,dabi,TALERA,BUNDI,Dabi,Bundi,Talera,A_exact_gp_district_samiti,0,never,0
36345,0,0,SC,GEN,dehit,TALERA,BUNDI,Dehit,Bundi,Talera,A_exact_gp_district_samiti,0,never,0
36346,1,0,SC W,GEN,delunda,TALERA,BUNDI,Delunda,Bundi,Talera,A_exact_gp_district_samiti,1,once,0
36348,1,1,GEN W,GENW,dhaneshwar,TALERA,BUNDI,Dhaneshwar,Bundi,Talera,A_exact_gp_district_samiti,2,twice,0
36352,1,0,GEN W,ST,ganeshpura,TALERA,BUNDI,Ganeshpura,Bundi,Talera,A_exact_gp_district_samiti,1,once,0
36354,0,1,SC,STW,gamach,TALERA,BUNDI,Gamach,Bundi,Talera,A_exact_gp_district_samiti,1,once,0
36359,0,0,GEN,ST,jameetpura,TALERA,BUNDI,Jameetpura,Bundi,Talera,A_exact_gp_district_samiti,0,never,0
36360,0,0,GEN,OBC,jawahar sagar,TALERA,BUNDI,Jawahar Sagar,Bundi,Talera,A_exact_gp_district_samiti,0,never,0
36368,1,1,GEN W,GENW,ladpur,TALERA,BUNDI,Ladpur,Bundi,Talera,A_exact_gp_district_samiti,2,twice,0
36370,0,1,SC,GENW,lambakhoh,TALERA,BUNDI,Lambakhoh,Bundi,Talera,A_exact_gp_district_samiti,1,once,0
36381,1,0,SC W,GEN,rajpura,TALERA,BUNDI,Rajpura,Bundi,Talera,A_exact_gp_district_samiti,1,once,0
36386,0,0,GEN,GEN,seenta,TALERA,BUNDI,Seenta,Bundi,Talera,A_exact_gp_district_samiti,0,never,0
36387,1,0,GEN W,GEN,silor,SIWANA,BARMER,Silor,Bundi,Bundi,C_unique_gp_name_statewide,1,once,0
36390,0,1,GEN,STW,teerath,TALERA,BUNDI,Teerath,Bundi,Talera,A_exact_gp_district_samiti,1,once,0
36391,0,1,ST,GENW,badunda,TALERA,BUNDI,Badunda,Bundi,Talera,A_exact_gp_district_samiti,1,once,0
36395,0,1,ST,STW,achnara,ARNOD,PRATAPGARH,Achnara,Pratapgarh,Arnod,A_exact_gp_district_samiti,1,once,0
36397,0,1,ST,STW,arnod,ARNOD,PRATAPGARH,Arnod,Pratapgarh,Arnod,A_exact_gp_district_samiti,1,once,0
36399,0,0,ST,ST,bedma,ARNOD,PRATAPGARH,Bedma,Pratapgarh,Arnod,A_exact_gp_district_samiti,0,never,0
36401,1,0,ST W,ST,bordiya,ARNOD,PRATAPGARH,Bordiya,Pratapgarh,Dalot,B_exact_gp_district,1,once,0
36406,1,1,ST W,STW,fatehgarh,ARNOD,PRATAPGARH,Fatehgarh,Pratapgarh,Arnod,A_exact_gp_district_samiti,2,twice,0
36408,0,0,ST,ST,jajali,ARNOD,PRATAPGARH,Jajali,Pratapgarh,Arnod,A_exact_gp_district_samiti,0,never,0
36409,1,1,ST W,STW,kangarh,ARNOD,PRATAPGARH,Kan Garh,Pratapgarh,Dalot,B_exact_gp_district,2,twice,0
36411,1,0,ST W,ST,lalgarh,ARNOD,PRATAPGARH,Lalgarh,Pratapgarh,Arnod,A_exact_gp_district_samiti,1,once,0
36412,0,0,ST,ST,moheda,ARNOD,PRATAPGARH,Moheda,Pratapgarh,Arnod,A_exact_gp_district_samiti,0,never,0
36417,1,0,ST W,ST,raipur,ARNOD,PRATAPGARH,Raipur,Pratapgarh,Dalot,B_exact_gp_district,1,once,0
36418,0,0,ST,ST,raipur jangal,ARNOD,PRATAPGARH,Raipur Jangal,Pratapgarh,Dalot,B_exact_gp_district,0,never,0
36420,0,1,ST,STW,sewana,ARNOD,PRATAPGARH,Sewana,Pratapgarh,Dalot,B_exact_gp_district,1,once,0
36421,0,1,ST,STW,salamgarh,ARNOD,PRATAPGARH,Salamgarh,Pratapgarh,Dalot,B_exact_gp_district,1,once,0
36422,0,0,ST,ST,uthel,ARNOD,PRATAPGARH,Uthel,Pratapgarh,Dalot,B_exact_gp_district,0,never,0
36424,0,0,GEN,ST,ameerama,BARISADRI,CHITTORGARH,Ameerama,Chittorgarh,Bari Sadri,A_exact_gp_district_samiti,0,never,0
36425,0,1,OBC,GENW,bansi,BARISADRI,CHITTORGARH,Bansi,Chittorgarh,Bari Sadri,A_exact_gp_district_samiti,1,once,0
36428,0,1,GEN,SCW,bhatoli,BARISADRI,CHITTORGARH,Bhatoli,Chittorgarh,Bari Sadri,A_exact_gp_district_samiti,1,once,0
36431,0,0,GEN,ST,jarkhana,BARISADRI,CHITTORGARH,Jarkhana,Chittorgarh,Bari Sadri,A_exact_gp_district_samiti,0,never,0
36433,1,1,SC W,GENW,keeratpura,BARISADRI,CHITTORGARH,Keeratpura,Chittorgarh,Bari Sadri,A_exact_gp_district_samiti,2,twice,0
36434,0,0,GEN,OBC,kewalpura,BARISADRI,CHITTORGARH,Kewalpura,Chittorgarh,Bari Sadri,A_exact_gp_district_samiti,0,never,0
36437,0,0,GEN,GEN,laxmipura,BARISADRI,CHITTORGARH,Laxmipura,Chittorgarh,Bari Sadri,A_exact_gp_district_samiti,0,never,0
36442,1,0,OBC W,GEN,parsoli,BARISADRI,CHITTORGARH,Parsoli,Chittorgarh,Bari Sadri,A_exact_gp_district_samiti,1,once,0
36443,1,1,GEN W,STW,peend,BARISADRI,CHITTORGARH,Peend,Chittorgarh,Bari Sadri,A_exact_gp_district_samiti,2,twice,0
36444,1,1,GEN W,STW,punawali,BARISADRI,CHITTORGARH,Punawali,Chittorgarh,Bari Sadri,A_exact_gp_district_samiti,2,twice,0
36446,1,0,GEN W,SC,sangariya,BARISADRI,CHITTORGARH,Sangariya,Chittorgarh,Bari Sadri,A_exact_gp_district_samiti,1,once,0
36447,1,1,GEN W,GENW,anoppura,BEGUN,CHITTORGARH,Anoppura,Chittorgarh,Begun,A_exact_gp_district_samiti,2,twice,0
36449,1,0,OBC W,GEN,barniyas,BEGUN,CHITTORGARH,Barniyas,Chittorgarh,Begun,A_exact_gp_district_samiti,1,once,0
36452,1,1,GEN W,SCW,dhamancha,BEGUN,CHITTORGARH,Dhamancha,Chittorgarh,Begun,A_exact_gp_district_samiti,2,twice,0
36453,0,1,GEN,GENW,dorai,BEGUN,CHITTORGARH,Dorai,Chittorgarh,Begun,A_exact_gp_district_samiti,1,once,0
36455,0,0,GEN,ST,dugar,BEGUN,CHITTORGARH,Dugar,Chittorgarh,Begun,A_exact_gp_district_samiti,0,never,0
36457,0,0,GEN,GEN,govindpura,BEGUN,CHITTORGARH,Govind Pura,Chittorgarh,Begun,A_exact_gp_district_samiti,0,never,0
36458,0,1,GEN,OBCW,itawa,BEGUN,CHITTORGARH,Itawa,Chittorgarh,Begun,A_exact_gp_district_samiti,1,once,0
36460,1,1,GEN W,GENW,katunda,BEGUN,CHITTORGARH,Katunda,Chittorgarh,Begun,A_exact_gp_district_samiti,2,twice,0
36461,1,0,GEN W,OBC,kerpura,BEGUN,CHITTORGARH,Kerpura,Chittorgarh,Begun,A_exact_gp_district_samiti,1,once,0
36463,0,0,GEN,OBC,madhopur,BEGUN,CHITTORGARH,Madhopur,Chittorgarh,Begun,A_exact_gp_district_samiti,0,never,0
36464,0,1,OBC,GENW,mandawari,BEGUN,CHITTORGARH,Mandawari,Chittorgarh,Begun,A_exact_gp_district_samiti,1,once,0
36465,0,0,OBC,GEN,meghniwas,BEGUN,CHITTORGARH,Meghniwas,Chittorgarh,Rawatbhata,B_exact_gp_district,0,never,0
36466,0,1,SC,GENW,meghpura,BEGUN,CHITTORGARH,Meghpura,Chittorgarh,Begun,A_exact_gp_district_samiti,1,once,0
36467,0,0,ST,GEN,motipura,BEGUN,CHITTORGARH,Motipura,Chittorgarh,Begun,A_exact_gp_district_samiti,0,never,0
36469,1,0,OBC W,GEN,parsoli,BEGUN,CHITTORGARH,Parsoli,Chittorgarh,Begun,A_exact_gp_district_samiti,1,once,0
36470,0,1,SC,OBCW,rajgarh,BEGUN,CHITTORGARH,Raj Garh,Chittorgarh,Begun,A_exact_gp_district_samiti,1,once,0
36472,1,0,SC W,GEN,rawarda,BEGUN,CHITTORGARH,Rawarda,Chittorgarh,Begun,A_exact_gp_district_samiti,1,once,0
36476,0,1,OBC,GENW,suwaniya,BEGUN,CHITTORGARH,Suwaniya,Chittorgarh,Begun,A_exact_gp_district_samiti,1,once,0
36481,0,0,GEN,SC,bagund,BHADESAR,CHITTORGARH,Bagund,Chittorgarh,Bhadesar,A_exact_gp_district_samiti,0,never,0
36482,0,0,OBC,GEN,bansen,BHADESAR,CHITTORGARH,Bansen,Chittorgarh,Bhadesar,A_exact_gp_district_samiti,0,never,0
36483,0,0,SC,GEN,bhadesar,BHADESAR,CHITTORGARH,Bhadesar,Chittorgarh,Bhadesar,A_exact_gp_district_samiti,0,never,0
36485,1,1,OBC W,GENW,bhalundi,BHADESAR,CHITTORGARH,Bhalundi,Chittorgarh,Bhadesar,A_exact_gp_district_samiti,2,twice,0
36487,1,1,GEN W,GENW,gardana,BHADESAR,CHITTORGARH,Gardana,Chittorgarh,Bhadesar,A_exact_gp_district_samiti,2,twice,0
36488,0,1,GEN,SCW,kannoj,BHADESAR,CHITTORGARH,Kannoj,Chittorgarh,Bhadesar,A_exact_gp_district_samiti,1,once,0
36489,0,1,ST,SCW,kanthariya,BHADESAR,CHITTORGARH,Kanthariya,Chittorgarh,Bhadesar,A_exact_gp_district_samiti,1,once,0
36490,0,0,GEN,OBC,karediya,BHADESAR,CHITTORGARH,Karediya,Chittorgarh,Bhadesar,A_exact_gp_district_samiti,0,never,0
36493,1,0,ST W,GEN,leswa,BHADESAR,CHITTORGARH,Leswa,Chittorgarh,Bhadesar,A_exact_gp_district_samiti,1,once,0
36495,1,1,GEN W,GENW,nahargarh,BHADESAR,CHITTORGARH,Nahargarh,Chittorgarh,Bhadesar,A_exact_gp_district_samiti,2,twice,0
36496,1,1,GEN W,OBCW,nanana,BHADESAR,CHITTORGARH,Nanana,Chittorgarh,Bhadesar,A_exact_gp_district_samiti,2,twice,0
36497,1,0,GEN W,SC,napaniya,BHADESAR,CHITTORGARH,Napaniya,Chittorgarh,Bhadesar,A_exact_gp_district_samiti,1,once,0
36498,0,1,GEN,OBCW,napawali,BHADESAR,CHITTORGARH,Napawali,Chittorgarh,Bhadesar,A_exact_gp_district_samiti,1,once,0
36500,0,1,GEN,GENW,potlakalan,BHADESAR,CHITTORGARH,Potla Kalan,Chittorgarh,Bhadesar,A_exact_gp_district_samiti,1,once,0
36505,0,0,SC,ST,balkundikalan,BHAINSRORGARH,CHITTORGARH,Balkundi Kalan,Chittorgarh,Rawatbhata,B_exact_gp_district,0,never,0
36512,0,1,ST,SCW,eklingpura,BHAINSRORGARH,CHITTORGARH,Eklingpura,Chittorgarh,Rawatbhata,B_exact_gp_district,1,once,0
36517,1,0,SC W,OBC,jharjhani,BHAINSRORGARH,CHITTORGARH,Jharjhani,Chittorgarh,Rawatbhata,B_exact_gp_district,1,once,0
36519,1,1,GEN W,STW,luhariya,BHAINSRORGARH,CHITTORGARH,Luhariya,Chittorgarh,Rawatbhata,B_exact_gp_district,2,twice,0
36522,0,0,OBC,ST,rajpura,BHAINSRORGARH,CHITTORGARH,Rajpura,Chittorgarh,Rawatbhata,B_exact_gp_district,0,never,0
36523,0,0,GEN,ST,shripura,BHAINSRORGARH,CHITTORGARH,Shripura,Chittorgarh,Rawatbhata,B_exact_gp_district,0,never,0
36524,1,0,ST W,GEN,tamboliya,BHAINSRORGARH,CHITTORGARH,Tamboliya,Chittorgarh,Rawatbhata,B_exact_gp_district,1,once,0
36531,0,1,GEN,SCW,bool,BHOPALSAGAR,CHITTORGARH,Bool,Chittorgarh,Bhupalsagar,B_exact_gp_district,1,once,0
36533,0,0,GEN,GEN,gundli,SUWANA,BHILWARA,Gundli,Chittorgarh,Bhupalsagar,C_unique_gp_name_statewide,0,never,0
36534,0,1,GEN,OBCW,jashma,BHOPALSAGAR,CHITTORGARH,Jashma,Chittorgarh,Bhupalsagar,B_exact_gp_district,1,once,0
36537,0,1,OBC,GENW,kankarwa,BHOPALSAGAR,CHITTORGARH,Kankarwa,Chittorgarh,Bhupalsagar,B_exact_gp_district,1,once,0
36538,0,1,OBC,GENW,murla,BHOPALSAGAR,CHITTORGARH,Murla,Chittorgarh,Bhupalsagar,B_exact_gp_district,1,once,0
36540,0,1,SC,STW,pari,BHOPALSAGAR,CHITTORGARH,Pari,Chittorgarh,Bhupalsagar,B_exact_gp_district,1,once,0
36541,0,0,ST,SC,patoliya,BHOPALSAGAR,CHITTORGARH,Patoliya,Chittorgarh,Bhupalsagar,B_exact_gp_district,0,never,0
36543,0,0,GEN,GEN,tana,BHOPALSAGAR,CHITTORGARH,Tana,Chittorgarh,Bhupalsagar,B_exact_gp_district,0,never,0
36544,1,1,GEN W,OBCW,usrol,BHOPALSAGAR,CHITTORGARH,Usrol,Chittorgarh,Bhupalsagar,B_exact_gp_district,2,twice,0
36546,0,1,GEN,SCW,bambori,CHHOTISADRI,PRATAPGARH,Bambori,Pratapgarh,Chhoti Sadri,A_exact_gp_district_samiti,1,once,0
36548,1,0,GEN W,OBC,chandoli,CHHOTISADRI,PRATAPGARH,Chandoli,Pratapgarh,Chhoti Sadri,A_exact_gp_district_samiti,1,once,0
36550,1,0,ST W,SC,gagrol,CHHOTISADRI,PRATAPGARH,Gagrol,Pratapgarh,Chhoti Sadri,A_exact_gp_district_samiti,1,once,0
36551,1,1,GEN W,STW,ganeshpura,CHHOTISADRI,PRATAPGARH,Ganesh Pura,Pratapgarh,Chhoti Sadri,A_exact_gp_district_samiti,2,twice,0
36552,1,1,SC W,GENW,gomana,CHHOTISADRI,PRATAPGARH,Gomana,Pratapgarh,Chhoti Sadri,A_exact_gp_district_samiti,2,twice,0
36555,1,1,ST W,GENW,kalakot,CHHOTISADRI,PRATAPGARH,Kala Kot,Pratapgarh,Chhoti Sadri,A_exact_gp_district_samiti,2,twice,0
36557,0,0,ST,GEN,karunda,CHHOTISADRI,PRATAPGARH,Karunda,Pratapgarh,Chhoti Sadri,A_exact_gp_district_samiti,0,never,0
36558,0,0,ST,GEN,kesunda,CHHOTISADRI,PRATAPGARH,Kesunda,Pratapgarh,Chhoti Sadri,A_exact_gp_district_samiti,0,never,0
36560,0,1,ST,GENW,narani,CHHOTISADRI,PRATAPGARH,Narani,Pratapgarh,Chhoti Sadri,A_exact_gp_district_samiti,1,once,0
36563,1,0,GEN W,ST,rambhawali,CHHOTISADRI,PRATAPGARH,Rambhawali,Pratapgarh,Chhoti Sadri,A_exact_gp_district_samiti,1,once,0
36564,0,1,GEN,STW,satola,CHHOTISADRI,PRATAPGARH,Satola,Pratapgarh,Chhoti Sadri,A_exact_gp_district_samiti,1,once,0
36566,0,1,GEN,STW,siyakheri,CHHOTISADRI,PRATAPGARH,Siyakheri,Pratapgarh,Chhoti Sadri,A_exact_gp_district_samiti,1,once,0
36568,0,1,ST,GENW,swaroopganj,CHHOTISADRI,PRATAPGARH,Swaroopganj,Pratapgarh,Chhoti Sadri,A_exact_gp_district_samiti,1,once,0
36570,0,0,OBC,GEN,amarpura,CHHITORGARH,CHITTORGARH,Amarpura,Chittorgarh,Bassi,B_exact_gp_district,0,never,0
36572,0,0,GEN,SC,arniyapanth,CHHITORGARH,CHITTORGARH,Arniya Panth,Chittorgarh,Chittorgarh,B_exact_gp_district,0,never,0
36576,1,1,GEN W,GENW,chiksi,CHHITORGARH,CHITTORGARH,Chiksi,Chittorgarh,Bassi,B_exact_gp_district,2,twice,0
36578,1,0,GEN W,GEN,dhanetkalan,CHHITORGARH,CHITTORGARH,Dhanet Kalan,Chittorgarh,Chittorgarh,B_exact_gp_district,1,once,0
36579,0,1,ST,GENW,eral,CHHITORGARH,CHITTORGARH,Eral,Chittorgarh,Bassi,B_exact_gp_district,1,once,0
36580,0,1,SC,STW,ghatiyawali,CHHITORGARH,CHITTORGARH,Ghatiyawali,Chittorgarh,Chittorgarh,B_exact_gp_district,1,once,0
36582,0,1,GEN,SCW,gilund,CHHITORGARH,CHITTORGARH,Gilund,Chittorgarh,Chittorgarh,B_exact_gp_district,1,once,0
36584,0,1,OBC,GENW,jalampura,CHHITORGARH,CHITTORGARH,Jalam Pura,Chittorgarh,Chittorgarh,B_exact_gp_district,1,once,0
36585,1,0,ST W,OBC,kashmor,CHHITORGARH,CHITTORGARH,Kashmor,Chittorgarh,Chittorgarh,B_exact_gp_district,1,once,0
36588,1,0,GEN W,GEN,narela,CHHITORGARH,CHITTORGARH,Narela,Chittorgarh,Bassi,B_exact_gp_district,1,once,0
36590,0,0,SC,OBC,netawal maharaj,CHHITORGARH,CHITTORGARH,Netawalmaharaj,Chittorgarh,Chittorgarh,B_exact_gp_district,0,never,0
36593,0,1,GEN,OBCW,pal,CHHITORGARH,CHITTORGARH,Pal,Chittorgarh,Bassi,B_exact_gp_district,1,once,0
36594,0,1,GEN,SCW,palka,CHHITORGARH,CHITTORGARH,Palka,Chittorgarh,Bassi,B_exact_gp_district,1,once,0
36598,0,0,GEN,SC,samri,CHHITORGARH,CHITTORGARH,Samri,Chittorgarh,Bassi,B_exact_gp_district,0,never,0
36599,0,1,GEN,SCW,satpura,CHHITORGARH,CHITTORGARH,Satpura,Chittorgarh,Chittorgarh,B_exact_gp_district,1,once,0
36600,0,0,GEN,GEN,sawa,CHHITORGARH,CHITTORGARH,Sawa,Chittorgarh,Chittorgarh,B_exact_gp_district,0,never,0
36601,0,1,SC,GENW,sahnawa,CHHITORGARH,CHITTORGARH,Sahnawa,Chittorgarh,Chittorgarh,B_exact_gp_district,1,once,0
36602,1,0,OBC W,GEN,semaliya,CHHITORGARH,CHITTORGARH,Semaliya,Chittorgarh,Chittorgarh,B_exact_gp_district,1,once,0
36604,0,0,GEN,ST,semalpura,CHHITORGARH,CHITTORGARH,Semalpura,Chittorgarh,Bassi,B_exact_gp_district,0,never,0
36605,1,1,ST W,OBCW,songar,CHHITORGARH,CHITTORGARH,Songar,Chittorgarh,Bassi,B_exact_gp_district,2,twice,0
36609,1,0,GEN W,ST,arned,DUNGLA,CHITTORGARH,Arned,Chittorgarh,Dungla,A_exact_gp_district_samiti,1,once,0
36610,0,0,GEN,GEN,badwai,DUNGLA,CHITTORGARH,Badwai,Chittorgarh,Dungla,A_exact_gp_district_samiti,0,never,0
36615,0,0,GEN,GEN,chikarda,DUNGLA,CHITTORGARH,Chikarda,Chittorgarh,Dungla,A_exact_gp_district_samiti,0,never,0
36616,1,1,GEN W,GENW,delwas,DUNGLA,CHITTORGARH,Delwas,Chittorgarh,Dungla,A_exact_gp_district_samiti,2,twice,0
36620,0,1,GEN,GENW,karsana,DUNGLA,CHITTORGARH,Karsana,Chittorgarh,Dungla,A_exact_gp_district_samiti,1,once,0
36621,0,1,GEN,GENW,kishankareri,DUNGLA,CHITTORGARH,Kishan Kareri,Chittorgarh,Dungla,A_exact_gp_district_samiti,1,once,0
36622,0,0,OBC,GEN,lothiyana,DUNGLA,CHITTORGARH,Lothiyana,Chittorgarh,Dungla,A_exact_gp_district_samiti,0,never,0
36624,0,0,SC,GEN,morwan,DUNGLA,CHITTORGARH,Morwan,Chittorgarh,Dungla,A_exact_gp_district_samiti,0,never,0
36629,1,0,GEN W,OBC,palod,DUNGLA,CHITTORGARH,Palod,Chittorgarh,Dungla,A_exact_gp_district_samiti,1,once,0
36630,0,1,GEN,STW,pirana,DUNGLA,CHITTORGARH,Pirana,Chittorgarh,Dungla,A_exact_gp_district_samiti,1,once,0
36631,0,0,OBC,GEN,rawatpura,DUNGLA,CHITTORGARH,Rawat Pura,Chittorgarh,Dungla,A_exact_gp_district_samiti,0,never,0
36632,1,1,ST W,OBCW,sangesara,DUNGLA,CHITTORGARH,Sangesara,Chittorgarh,Dungla,A_exact_gp_district_samiti,2,twice,0
36637,1,0,GEN W,SC,borda,GANGRAR,CHITTORGARH,Borda,Chittorgarh,Gangrar,A_exact_gp_district_samiti,1,once,0
36639,1,1,OBC W,GENW,gangrar,GANGRAR,CHITTORGARH,Gangrar,Chittorgarh,Gangrar,A_exact_gp_district_samiti,2,twice,0
36642,1,1,SC W,GENW,kharkhanda,GANGRAR,CHITTORGARH,Kharkhanda,Chittorgarh,Gangrar,A_exact_gp_district_samiti,2,twice,0
36643,0,1,ST,OBCW,kunwaliya,GANGRAR,CHITTORGARH,Kunwaliya,Chittorgarh,Gangrar,A_exact_gp_district_samiti,1,once,0
36644,0,1,GEN,GENW,lalas,GANGRAR,CHITTORGARH,Lalas,Chittorgarh,Gangrar,A_exact_gp_district_samiti,1,once,0
36645,1,1,GEN W,SCW,mandpiya,GANGRAR,CHITTORGARH,Mandpiya,Chittorgarh,Gangrar,A_exact_gp_district_samiti,2,twice,0
36647,0,0,SC,GEN,rughnathpura,GANGRAR,CHITTORGARH,Rughnathpura,Chittorgarh,Gangrar,A_exact_gp_district_samiti,0,never,0
36648,0,1,GEN,GENW,sadas,GANGRAR,CHITTORGARH,Sadas,Chittorgarh,Gangrar,A_exact_gp_district_samiti,1,once,0
36649,0,0,GEN,OBC,shadi,GANGRAR,CHITTORGARH,Shadi,Chittorgarh,Gangrar,A_exact_gp_district_samiti,0,never,0
36650,0,0,OBC,GEN,soniyana,GANGRAR,CHITTORGARH,Soniyana,Chittorgarh,Gangrar,A_exact_gp_district_samiti,0,never,0
36651,1,0,GEN W,GEN,sudri,GANGRAR,CHITTORGARH,Sudri,Chittorgarh,Gangrar,A_exact_gp_district_samiti,1,once,0
36654,0,0,SC,GEN,undwa,GANGRAR,CHITTORGARH,Undwa,Chittorgarh,Gangrar,A_exact_gp_district_samiti,0,never,0
36655,0,1,OBC,SCW,balarda,KAPASAN,CHITTORGARH,Balarda,Chittorgarh,Kapasan,A_exact_gp_district_samiti,1,once,0
36657,0,1,GEN,GENW,banakiya kalan,KAPASAN,CHITTORGARH,Banakiya Kalan,Chittorgarh,Kapasan,A_exact_gp_district_samiti,1,once,0
36659,1,1,GEN W,GENW,chhapari,KAPASAN,CHITTORGARH,Chhapari,Chittorgarh,Kapasan,A_exact_gp_district_samiti,2,twice,0
36660,0,1,OBC,GENW,damakhera,KAPASAN,CHITTORGARH,Dama Khera,Chittorgarh,Kapasan,A_exact_gp_district_samiti,1,once,0
36661,1,1,ST W,OBCW,dhamana,KAPASAN,CHITTORGARH,Dhamana,Chittorgarh,Kapasan,A_exact_gp_district_samiti,2,twice,0
36663,1,1,GEN W,GENW,hathiyana,KAPASAN,CHITTORGARH,Hathiyana,Chittorgarh,Kapasan,A_exact_gp_district_samiti,2,twice,0
36664,0,0,SC,OBC,hingoriya,KAPASAN,CHITTORGARH,Hingoriya,Chittorgarh,Kapasan,A_exact_gp_district_samiti,0,never,0
36665,0,0,ST,GEN,karjali,KAPASAN,CHITTORGARH,Karjali,Chittorgarh,Kapasan,A_exact_gp_district_samiti,0,never,0
36667,0,0,SC,GEN,langach,KAPASAN,CHITTORGARH,Langach,Chittorgarh,Kapasan,A_exact_gp_district_samiti,0,never,0
36671,0,1,GEN,OBCW,roliya,KAPASAN,CHITTORGARH,Roliya,Chittorgarh,Kapasan,A_exact_gp_district_samiti,1,once,0
36673,0,0,GEN,GEN,singhpur,KAPASAN,CHITTORGARH,Singh Pur,Chittorgarh,Kapasan,A_exact_gp_district_samiti,0,never,0
36674,0,0,GEN,OBC,surpur,KAPASAN,CHITTORGARH,Surpur,Chittorgarh,Kapasan,A_exact_gp_district_samiti,0,never,0
36675,0,1,GEN,GENW,turkiya khurd,KAPASAN,CHITTORGARH,Turkiya Khurd,Chittorgarh,Kapasan,A_exact_gp_district_samiti,1,once,0
36677,1,0,SC W,GEN,umand,KAPASAN,CHITTORGARH,Umand,Chittorgarh,Kapasan,A_exact_gp_district_samiti,1,once,0
36678,1,0,ST W,OBC,arniya joshi,NIMBAHERA,CHITTORGARH,Arniya Joshi,Chittorgarh,Nimbahera,A_exact_gp_district_samiti,1,once,0
36679,0,0,GEN,SC,arnoda,NIMBAHERA,CHITTORGARH,Arnoda,Chittorgarh,Nimbahera,A_exact_gp_district_samiti,0,never,0
36680,0,1,GEN,SCW,badoli madhosingh,NIMBAHERA,CHITTORGARH,Badoli Madhosingh,Chittorgarh,Nimbahera,A_exact_gp_district_samiti,1,once,0
36686,0,1,GEN,SCW,bhagwanpura,NIMBAHERA,CHITTORGARH,Bhagwan Pura,Chittorgarh,Nimbahera,A_exact_gp_district_samiti,1,once,0
36688,0,0,SC,GEN,binota,NIMBAHERA,CHITTORGARH,Binota,Chittorgarh,Nimbahera,A_exact_gp_district_samiti,0,never,0
36689,1,1,GEN W,SCW,dala/ kishanpura,NIMBAHERA,CHITTORGARH,Dala Kishanpura,Chittorgarh,Nimbahera,A_exact_gp_district_samiti,2,twice,0
36691,1,1,ST W,GENW,gadola,NIMBAHERA,CHITTORGARH,Gadola,Chittorgarh,Nimbahera,A_exact_gp_district_samiti,2,twice,0
36693,0,1,SC,GENW,jaliya,NIMBAHERA,CHITTORGARH,Jaliya,Chittorgarh,Nimbahera,A_exact_gp_district_samiti,1,once,0
36695,1,0,OBC W,GEN,kanera,NIMBAHERA,CHITTORGARH,Kanera,Chittorgarh,Nimbahera,A_exact_gp_district_samiti,1,once,0
36697,1,0,GEN W,ST,keli,NIMBAHERA,CHITTORGARH,Keli,Chittorgarh,Nimbahera,A_exact_gp_district_samiti,1,once,0
36702,0,0,GEN,SC,mangrol,NIMBAHERA,CHITTORGARH,Mangrol,Chittorgarh,Nimbahera,A_exact_gp_district_samiti,0,never,0
36704,1,1,SC W,OBCW,mindana,NIMBAHERA,CHITTORGARH,Mindana,Chittorgarh,Nimbahera,A_exact_gp_district_samiti,2,twice,0
36705,0,1,OBC,GENW,nimboda,NIMBAHERA,CHITTORGARH,Nimboda,Chittorgarh,Nimbahera,A_exact_gp_district_samiti,1,once,0
36709,0,0,ST,GEN,sarsi,NIMBAHERA,CHITTORGARH,Sarsi,Chittorgarh,Nimbahera,A_exact_gp_district_samiti,0,never,0
36710,0,1,GEN,GENW,satkhanda,NIMBAHERA,CHITTORGARH,Satkhanda,Chittorgarh,Nimbahera,A_exact_gp_district_samiti,1,once,0
36711,0,1,OBC,OBCW,tai,NIMBAHERA,CHITTORGARH,Tai,Chittorgarh,Nimbahera,A_exact_gp_district_samiti,1,once,0
36713,0,1,ST,STW,achalpur,PRATAPGARH,PRATAPGARH,Achal Pur,Pratapgarh,Pratapgarh,A_exact_gp_district_samiti,1,once,0
36720,1,0,ST W,ST,barotha,PRATAPGARH,PRATAPGARH,Barotha,Pratapgarh,Pratapgarh,A_exact_gp_district_samiti,1,once,0
36721,0,0,ST,ST,basad,PRATAPGARH,PRATAPGARH,Basad,Pratapgarh,Pratapgarh,A_exact_gp_district_samiti,0,never,0
36722,0,1,ST,STW,basera,PRATAPGARH,PRATAPGARH,Basera,Pratapgarh,Pratapgarh,A_exact_gp_district_samiti,1,once,0
36723,1,1,ST W,STW,bori,PRATAPGARH,PRATAPGARH,Bori,Pratapgarh,Pratapgarh,A_exact_gp_district_samiti,2,twice,0
36724,0,0,ST,ST,chiklad,PRATAPGARH,PRATAPGARH,Chiklad,Pratapgarh,Pratapgarh,A_exact_gp_district_samiti,0,never,0
36726,1,0,ST W,ST,devgarh,PRATAPGARH,PRATAPGARH,Devgarh,Pratapgarh,Pratapgarh,A_exact_gp_district_samiti,1,once,0
36728,0,0,ST,ST,gadola,PRATAPGARH,PRATAPGARH,Gadola,Pratapgarh,Pratapgarh,A_exact_gp_district_samiti,0,never,0
36729,1,0,ST W,ST,gandher,PRATAPGARH,PRATAPGARH,Gandher,Pratapgarh,Pratapgarh,A_exact_gp_district_samiti,1,once,0
36731,0,1,ST,STW,gyaspur,PRATAPGARH,PRATAPGARH,Gyaspur,Pratapgarh,Pratapgarh,A_exact_gp_district_samiti,1,once,0
36733,0,1,ST,STW,jolar,PRATAPGARH,PRATAPGARH,Jolar,Pratapgarh,Pratapgarh,A_exact_gp_district_samiti,1,once,0
36735,1,0,ST W,ST,kalyanpura,PRATAPGARH,PRATAPGARH,Kalyan Pura,Pratapgarh,Pratapgarh,A_exact_gp_district_samiti,1,once,0
36736,0,0,ST,ST,kerwas,PRATAPGARH,PRATAPGARH,Kerwas,Pratapgarh,Pratapgarh,A_exact_gp_district_samiti,0,never,0
36739,0,1,ST,STW,kulmipura,PRATAPGARH,PRATAPGARH,Kulmi Pura,Pratapgarh,Pratapgarh,A_exact_gp_district_samiti,1,once,0
36740,0,1,ST,STW,kulthana,PRATAPGARH,PRATAPGARH,Kulthana,Pratapgarh,Pratapgarh,A_exact_gp_district_samiti,1,once,0
36741,1,1,ST W,STW,kuni,PRATAPGARH,PRATAPGARH,Kuni,Pratapgarh,Pratapgarh,A_exact_gp_district_samiti,2,twice,0
36743,0,0,ST,ST,madhuratalab,PRATAPGARH,PRATAPGARH,Madhura Talab,Pratapgarh,Pratapgarh,A_exact_gp_district_samiti,0,never,0
36744,0,1,ST,STW,manohargarh,PRATAPGARH,PRATAPGARH,Manohar Garh,Pratapgarh,Pratapgarh,A_exact_gp_district_samiti,1,once,0
36747,1,0,ST W,ST,nakor,PRATAPGARH,PRATAPGARH,Nakor,Pratapgarh,Pratapgarh,A_exact_gp_district_samiti,1,once,0
36748,0,0,OBC,GEN,narayankheda,RAIPUR,BHILWARA,Narayan Kheda,Pratapgarh,Pratapgarh,C_unique_gp_name_statewide,0,never,0
36749,0,0,ST,ST,pal,PRATAPGARH,PRATAPGARH,Pal,Pratapgarh,Pratapgarh,A_exact_gp_district_samiti,0,never,0
36751,0,0,ST,ST,panmodi,PRATAPGARH,PRATAPGARH,Panmodi,Pratapgarh,Pratapgarh,A_exact_gp_district_samiti,0,never,0
36759,1,1,ST W,STW,thara,PRATAPGARH,PRATAPGARH,Thara,Pratapgarh,Pratapgarh,A_exact_gp_district_samiti,2,twice,0
36760,0,0,ST,ST,varmandal,PRATAPGARH,PRATAPGARH,Varmandal,Pratapgarh,Pratapgarh,A_exact_gp_district_samiti,0,never,0
36761,0,1,ST,STW,veerpur,BICHHIWARA,DUNGARPUR,Veerpur,Pratapgarh,Suhagpura,C_unique_gp_name_statewide,1,once,0
36767,0,1,SC,GENW,bheemgarh,RASHMI,CHITTORGARH,Bheemgarh,Chittorgarh,Rashmi,A_exact_gp_district_samiti,1,once,0
36768,1,1,OBC W,SCW,dindoli,RASHMI,CHITTORGARH,Dindoli,Chittorgarh,Rashmi,A_exact_gp_district_samiti,2,twice,0
36769,0,1,ST,GENW,harnathpura,RASHMI,CHITTORGARH,Harnathpura,Chittorgarh,Rashmi,A_exact_gp_district_samiti,1,once,0
36771,0,0,GEN,OBC,lasadiya kalan,RASHMI,CHITTORGARH,Lasadiya Kalan,Chittorgarh,Rashmi,A_exact_gp_district_samiti,0,never,0
36772,0,0,OBC,SC,marmi,RASHMI,CHITTORGARH,Marmi,Chittorgarh,Rashmi,A_exact_gp_district_samiti,0,never,0
36775,0,0,SC,ST,pavli,JASWANTPURA,JALORE,Pavli,Chittorgarh,Rashmi,C_unique_gp_name_statewide,0,never,0
36776,0,1,GEN,GENW,rashmi,RASHMI,CHITTORGARH,Rashmi,Chittorgarh,Rashmi,A_exact_gp_district_samiti,1,once,0
36780,1,0,SC W,ST,sihana,RASHMI,CHITTORGARH,Sihana,Chittorgarh,Rashmi,A_exact_gp_district_samiti,1,once,0
36782,0,1,OBC,GENW,somi,RASHMI,CHITTORGARH,Somi,Chittorgarh,Rashmi,A_exact_gp_district_samiti,1,once,0
36783,0,0,GEN,SC,uncha,RASHMI,CHITTORGARH,Uncha,Chittorgarh,Rashmi,A_exact_gp_district_samiti,0,never,0
36784,1,0,SC W,OBC,upreda,RASHMI,CHITTORGARH,Upreda,Chittorgarh,Rashmi,A_exact_gp_district_samiti,1,once,0
36787,1,0,GEN W,GEN,bhamasi,CHURU,CHURU,Bhamasi,Churu,Churu,A_exact_gp_district_samiti,1,once,0
36791,0,1,GEN,OBCW,depalsar,CHURU,CHURU,Depalsar,Churu,Churu,A_exact_gp_district_samiti,1,once,0
36792,0,0,GEN,OBC,dhadhar,CHURU,CHURU,Dhadhar,Churu,Churu,A_exact_gp_district_samiti,0,never,0
36795,0,1,GEN,GENW,jasrasar,CHURU,CHURU,Jasrasar,Churu,Churu,A_exact_gp_district_samiti,1,once,0
36797,1,0,GEN W,GEN,ghantel,CHURU,CHURU,Ghantel,Churu,Churu,A_exact_gp_district_samiti,1,once,0
36798,1,1,SC W,GENW,indrapura,CHURU,CHURU,Indrapura,Churu,Churu,A_exact_gp_district_samiti,2,twice,0
36799,0,0,GEN,OBC,jasasar,CHURU,CHURU,Jasasar,Churu,Churu,A_exact_gp_district_samiti,0,never,0
36800,0,0,SC,GEN,jhariya,CHURU,CHURU,Jhariya,Churu,Churu,A_exact_gp_district_samiti,0,never,0
36803,0,1,GEN,SCW,khandwa patta churu,CHURU,CHURU,Khandwa Patta Churu,Churu,Churu,A_exact_gp_district_samiti,1,once,0
36804,0,1,GEN,SCW,khansoli,CHURU,CHURU,Khansoli,Churu,Churu,A_exact_gp_district_samiti,1,once,0
36807,0,1,SC,OBCW,lakhau,CHURU,CHURU,Lakhau,Churu,Churu,A_exact_gp_district_samiti,1,once,0
36808,1,0,GEN W,SC,lalasar banirotan,CHURU,CHURU,Lalasar Banirotan,Churu,Churu,A_exact_gp_district_samiti,1,once,0
36813,1,0,GEN W,SC,ribiya,CHURU,CHURU,Ribiya,Churu,Churu,A_exact_gp_district_samiti,1,once,0
36817,0,1,GEN,GENW,shyopura,CHURU,CHURU,Shyopura,Churu,Churu,A_exact_gp_district_samiti,1,once,0
36820,0,0,SC,GEN,bairasar chhota,RAJGARH,CHURU,Bairasar Chhota,Churu,Rajgarh,A_exact_gp_district_samiti,0,never,0
36822,0,0,GEN,SC,bhagela,RAJGARH,CHURU,Bhagela,Churu,Sidhmukh,B_exact_gp_district,0,never,0
36827,1,1,SC W,GENW,birmi khalsa,RAJGARH,CHURU,Birmi Khalsa,Churu,Sidhmukh,B_exact_gp_district,2,twice,0
36829,0,0,GEN,GEN,chainpura chhota,RAJGARH,CHURU,Chainpura Chhota,Churu,Sidhmukh,B_exact_gp_district,0,never,0
36832,0,0,GEN,SC,ghanau,RAJGARH,CHURU,Ghanau,Churu,Sidhmukh,B_exact_gp_district,0,never,0
36841,1,1,OBC W,GENW,gulpura,RAJGARH,CHURU,Gulpura,Churu,Rajgarh,A_exact_gp_district_samiti,2,twice,0
36843,0,0,GEN,GEN,jaswantpura,RAJGARH,CHURU,Jaswantpura,Churu,Rajgarh,A_exact_gp_district_samiti,0,never,0
36845,0,1,SC,OBCW,kalri,RAJGARH,CHURU,Kalri,Churu,Rajgarh,A_exact_gp_district_samiti,1,once,0
36846,1,1,SC W,OBCW,kanjan,RAJGARH,CHURU,Kanjan,Churu,Sidhmukh,B_exact_gp_district,2,twice,0
36847,0,1,GEN,OBCW,khyali,RAJGARH,CHURU,Khyali,Churu,Sidhmukh,B_exact_gp_district,1,once,0
36849,0,0,GEN,OBC,khuddi,RAJGARH,CHURU,Khuddi,Churu,Sidhmukh,B_exact_gp_district,0,never,0
36850,1,1,GEN W,SCW,lakhlan,RAJGARH,CHURU,Lakhlan,Churu,Rajgarh,A_exact_gp_district_samiti,2,twice,0
36853,0,1,SC,GENW,mundital,RAJGARH,CHURU,Mundi Tal,Churu,Rajgarh,A_exact_gp_district_samiti,1,once,0
36862,0,0,OBC,GEN,radha chhoti,RAJGARH,CHURU,Radha Chhoti,Churu,Rajgarh,A_exact_gp_district_samiti,0,never,0
36863,1,0,GEN W,ST,rampura,RAJGARH,CHURU,Rampura,Churu,Rajgarh,A_exact_gp_district_samiti,1,once,0
36864,0,0,SC,GEN,ramsara tal,RAJGARH,CHURU,Ramsara Tal,Churu,Sidhmukh,B_exact_gp_district,0,never,0
36865,0,0,OBC,GEN,ratanpura,RAJGARH,CHURU,Ratanpura,Churu,Rajgarh,A_exact_gp_district_samiti,0,never,0
36867,0,1,SC,GENW,sankhantal,RAJGARH,CHURU,Sankhan Tal,Churu,Rajgarh,A_exact_gp_district_samiti,1,once,0
36869,0,0,SC,OBC,sidhmukh,RAJGARH,CHURU,Sidhmukh,Churu,Sidhmukh,B_exact_gp_district,0,never,0
36871,0,1,GEN,SCW,suratpura,RAJGARH,CHURU,Suratpura,Churu,Rajgarh,A_exact_gp_district_samiti,1,once,0
36874,1,0,GEN W,GEN,vijaypura,RAJGARH,CHURU,Vijaypura,Churu,Rajgarh,A_exact_gp_district_samiti,1,once,0
36875,0,1,OBC,GENW,alsar,RATANGARH,CHURU,Alsar,Churu,Rajaldesar,B_exact_gp_district,1,once,0
36879,0,0,OBC,SC,bhukhredi,RATANGARH,CHURU,Bhukhredi,Churu,Ratangarh,A_exact_gp_district_samiti,0,never,0
36882,1,0,GEN W,OBC,daudsar,RATANGARH,CHURU,Daudsar,Churu,Ratangarh,A_exact_gp_district_samiti,1,once,0
36883,0,0,SC,OBC,gogasar,RATANGARH,CHURU,Gogasar,Churu,Ratangarh,A_exact_gp_district_samiti,0,never,0
36884,0,1,OBC,GENW,golsar,RATANGARH,CHURU,Golsar,Churu,Ratangarh,A_exact_gp_district_samiti,1,once,0
36885,0,0,SC,GEN,gorisar,RATANGARH,CHURU,Gorisar,Churu,Ratangarh,A_exact_gp_district_samiti,0,never,0
36888,0,0,OBC,GEN,kanwari,RATANGARH,CHURU,Kanwari,Churu,Ratangarh,A_exact_gp_district_samiti,0,never,0
36889,1,0,OBC W,GEN,kusumdesar,RATANGARH,CHURU,Kusum Desar,Churu,Ratangarh,A_exact_gp_district_samiti,1,once,0
36891,0,0,GEN,SC,ladhasar,RATANGARH,CHURU,Ladhasar,Churu,Ratangarh,A_exact_gp_district_samiti,0,never,0
36892,0,1,GEN,GENW,loha,RATANGARH,CHURU,Loha,Churu,Ratangarh,A_exact_gp_district_samiti,1,once,0
36894,0,0,GEN,OBC,melusar,RATANGARH,CHURU,Melusar,Churu,Ratangarh,A_exact_gp_district_samiti,0,never,0
36895,0,1,GEN,SCW,menasar,RATANGARH,CHURU,Menasar,Churu,Ratangarh,A_exact_gp_district_samiti,1,once,0
36900,1,0,GEN W,OBC,ratnadesar,RATANGARH,CHURU,Ratnadesar,Churu,Rajaldesar,B_exact_gp_district,1,once,0
36901,1,1,GEN W,GENW,ratansara,RATANGARH,CHURU,Ratansara,Churu,Ratangarh,A_exact_gp_district_samiti,2,twice,0
36902,0,0,SC,GEN,sangasar,RATANGARH,CHURU,Sangasar,Churu,Ratangarh,A_exact_gp_district_samiti,0,never,0
36904,1,1,OBC W,GENW,sikrali,RATANGARH,CHURU,Sikrali,Churu,Ratangarh,A_exact_gp_district_samiti,2,twice,0
36907,0,0,OBC,GEN,adsisar,SARDAR SHAHAR,CHURU,Adsisar,Churu,Sardarshahar,A_exact_gp_district_samiti,0,never,0
36911,0,0,OBC,SC,bandhnau utrada,SARDAR SHAHAR,CHURU,Bandhnau Utrada,Churu,Sardarshahar,A_exact_gp_district_samiti,0,never,0
36913,0,1,SC,GENW,bhanipura,SARDAR SHAHAR,CHURU,Bhanipura,Churu,Bhanipura,B_exact_gp_district,1,once,0
36914,1,0,OBC W,GEN,bhojasar chhota,SARDAR SHAHAR,CHURU,Bhojasar Chhota,Churu,Bhanipura,B_exact_gp_district,1,once,0
36922,0,0,GEN,SC,derajsar,SARDAR SHAHAR,CHURU,Derajsar,Churu,Sardarshahar,A_exact_gp_district_samiti,0,never,0
36923,1,1,SC W,GENW,dhani pachera,SARDAR SHAHAR,CHURU,Dhani Pachera,Churu,Sardarshahar,A_exact_gp_district_samiti,2,twice,0
36924,1,0,SC W,GEN,dulrasar,SARDAR SHAHAR,CHURU,Dulrasar,Churu,Sardarshahar,A_exact_gp_district_samiti,1,once,0
36926,0,1,OBC,GENW,jaisangsar,SARDAR SHAHAR,CHURU,Jaisangsar,Churu,Sardarshahar,A_exact_gp_district_samiti,1,once,0
36927,0,0,GEN,GEN,jaitsisar,SARDAR SHAHAR,CHURU,Jaitsisar,Churu,Bhanipura,B_exact_gp_district,0,never,0
36936,1,1,GEN W,GENW,mehrasar chachera,SARDAR SHAHAR,CHURU,Mehrasar Chachera,Churu,Sardarshahar,A_exact_gp_district_samiti,2,twice,0
36937,0,1,SC,GENW,mehrasar upadiyan,SARDAR SHAHAR,CHURU,Mehrasar Upadiyan,Churu,Bhanipura,B_exact_gp_district,1,once,0
36938,0,0,SC,OBC,mehrirajviyan,SARDAR SHAHAR,CHURU,Mehri Rajviyan,Churu,Sardarshahar,A_exact_gp_district_samiti,0,never,0
36945,1,1,GEN W,OBCW,ramsisar bhedwaliya,SARDAR SHAHAR,CHURU,Ramsisar Bhedwaliya,Churu,Sardarshahar,A_exact_gp_district_samiti,2,twice,0
36946,0,0,GEN,OBC,rangaisar,SARDAR SHAHAR,CHURU,Rangaisar,Churu,Sardarshahar,A_exact_gp_district_samiti,0,never,0
36950,1,1,GEN W,GENW,sadasar,SARDAR SHAHAR,CHURU,Sadasar,Churu,Bhanipura,B_exact_gp_district,2,twice,0
36952,0,1,GEN,SCW,shimla,SARDAR SHAHAR,CHURU,Shimla,Churu,Bhanipura,B_exact_gp_district,1,once,0
36953,0,0,GEN,SC,tolasar,SARDAR SHAHAR,CHURU,Tolasar,Churu,Bhanipura,B_exact_gp_district,0,never,0
36954,1,0,GEN W,SC,udsar lodera,SARDAR SHAHAR,CHURU,Udsar Lodera,Churu,Sardarshahar,A_exact_gp_district_samiti,1,once,0
36956,0,0,SC,GEN,amarsar,SUJANGARH,CHURU,Amarsar,Churu,Bidasar,B_exact_gp_district,0,never,0
36958,1,1,GEN W,SCW,badhsar,SUJANGARH,CHURU,Badhsar,Churu,Bidasar,B_exact_gp_district,2,twice,0
36960,0,1,OBC,GENW,balera,SUJANGARH,CHURU,Balera,Churu,Bidasar,B_exact_gp_district,1,once,0
36965,0,1,SC,GENW,bobasar bidawatan,SUJANGARH,CHURU,Bobasar Bidawatan,Churu,Sujangarh,A_exact_gp_district_samiti,1,once,0
36969,0,1,GEN,SCW,dhani kalera,SUJANGARH,CHURU,Dhani Kalera,Churu,Bidasar,B_exact_gp_district,1,once,0
36973,0,0,GEN,SC,gopalpura,SUJANGARH,CHURU,Gopalpura,Churu,Sujangarh,A_exact_gp_district_samiti,0,never,0
36977,0,0,GEN,SC,iyara,SUJANGARH,CHURU,Iyara,Churu,Bidasar,B_exact_gp_district,0,never,0
36978,0,0,OBC,GEN,jaitasar,SUJANGARH,CHURU,Jaitasar,Churu,Sujangarh,A_exact_gp_district_samiti,0,never,0
36980,0,1,OBC,GENW,jogalsar,SUJANGARH,CHURU,Jogalsar,Churu,Bidasar,B_exact_gp_district,1,once,0
36981,1,1,GEN W,GENW,jogliya,SUJANGARH,CHURU,Jogliya,Churu,Sujangarh,A_exact_gp_district_samiti,2,twice,0
36982,1,1,GEN W,OBCW,kalyansar,SUJANGARH,CHURU,Kalyansar,Churu,Bidasar,B_exact_gp_district,2,twice,0
36985,0,1,SC,GENW,khariya kaniram,SUJANGARH,CHURU,Khariya Kaniram,Churu,Sujangarh,A_exact_gp_district_samiti,1,once,0
36987,1,1,OBC W,SCW,lalgarh,SUJANGARH,CHURU,Lalgarh,Churu,Bidasar,B_exact_gp_district,2,twice,0
36988,0,1,OBC,GENW,lodsar,SUJANGARH,CHURU,Lodsar,Churu,Sujangarh,A_exact_gp_district_samiti,1,once,0
36989,1,1,OBC W,GENW,luhara,SUJANGARH,CHURU,Luhara,Churu,Bidasar,B_exact_gp_district,2,twice,0
36990,0,1,GEN,SCW,malasi,SUJANGARH,CHURU,Malasi,Churu,Sujangarh,A_exact_gp_district_samiti,1,once,0
36991,0,0,SC,OBC,malsisar,SUJANGARH,CHURU,Malsisar,Churu,Sujangarh,A_exact_gp_district_samiti,0,never,0
36993,0,0,GEN,GEN,murdakiya,SUJANGARH,CHURU,Murdakiya,Churu,Sujangarh,A_exact_gp_district_samiti,0,never,0
36994,1,0,SC W,GEN,norangsar,SUJANGARH,CHURU,Norangsar,Churu,Sujangarh,A_exact_gp_district_samiti,1,once,0
36997,0,1,GEN,SCW,randhisar,SUJANGARH,CHURU,Randhisar,Churu,Sujangarh,A_exact_gp_district_samiti,1,once,0
36999,0,0,GEN,SC,salasar,SUJANGARH,CHURU,Salasar,Churu,Sujangarh,A_exact_gp_district_samiti,0,never,0
37001,1,0,GEN W,OBC,sarothiya,SUJANGARH,CHURU,Sarothiya,Churu,Sujangarh,A_exact_gp_district_samiti,1,once,0
37002,0,0,GEN,SC,shobhasar,SUJANGARH,CHURU,Shobhasar,Churu,Sujangarh,A_exact_gp_district_samiti,0,never,0
37005,1,1,OBC W,GENW,untalad,SUJANGARH,CHURU,Untalad,Churu,Bidasar,B_exact_gp_district,2,twice,0
37007,0,1,GEN,GENW,anandsingh pura,TARANAGAR,CHURU,Anandsinghpura,Churu,Taranagar,A_exact_gp_district_samiti,1,once,0
37009,0,0,OBC,GEN,bhaleri,TARANAGAR,CHURU,Bhaleri,Churu,Taranagar,A_exact_gp_district_samiti,0,never,0
37010,0,0,GEN,SC,bhanin,TARANAGAR,CHURU,Bhanin,Churu,Taranagar,A_exact_gp_district_samiti,0,never,0
37011,0,1,SC,OBCW,buchawas,TARANAGAR,CHURU,Buchawas,Churu,Taranagar,A_exact_gp_district_samiti,1,once,0
37012,0,0,OBC,GEN,dhani kumharan,TARANAGAR,CHURU,Dhani Kumharan,Churu,Taranagar,A_exact_gp_district_samiti,0,never,0
37015,1,0,SC W,GEN,jhadsar chhota,TARANAGAR,CHURU,Jhadsar Chhota,Churu,Taranagar,A_exact_gp_district_samiti,1,once,0
37017,0,0,GEN,SC,hadiyal,TARANAGAR,CHURU,Hadiyal,Churu,Taranagar,A_exact_gp_district_samiti,0,never,0
37018,0,1,OBC,GENW,kalwas,TARANAGAR,CHURU,Kalwas,Churu,Taranagar,A_exact_gp_district_samiti,1,once,0
37020,0,1,GEN,GENW,kohina,TARANAGAR,CHURU,Kohina,Churu,Taranagar,A_exact_gp_district_samiti,1,once,0
37022,1,1,GEN W,GENW,meghsar,TARANAGAR,CHURU,Meghsar,Churu,Taranagar,A_exact_gp_district_samiti,2,twice,0
37023,0,1,GEN,SCW,mikhala,TARANAGAR,CHURU,Mikhala,Churu,Taranagar,A_exact_gp_district_samiti,1,once,0
37024,0,1,OBC,SCW,nethwa,TARANAGAR,CHURU,Nethwa,Churu,Taranagar,A_exact_gp_district_samiti,1,once,0
37028,0,1,GEN,SCW,rajpura,TARANAGAR,CHURU,Rajpura,Churu,Taranagar,A_exact_gp_district_samiti,1,once,0
37029,0,0,SC,GEN,redi,TARANAGAR,CHURU,Redi,Churu,Taranagar,A_exact_gp_district_samiti,0,never,0
37033,1,1,SC W,GENW,somsisar,TARANAGAR,CHURU,Somsisar,Churu,Taranagar,A_exact_gp_district_samiti,2,twice,0
37034,0,0,GEN,GEN,abhaneri,BANDIKUI,DAUSA,Abhaneri,Dausa,Bandikui,A_exact_gp_district_samiti,0,never,0
37036,0,0,OBC,GEN,arniya,BANDIKUI,DAUSA,Arniya,Dausa,Bandikui,A_exact_gp_district_samiti,0,never,0
37038,1,1,ST W,OBCW,badiyal khurd,BANDIKUI,DAUSA,Badiyal Khurd,Dausa,Baswa,B_exact_gp_district,2,twice,0
37042,1,1,GEN W,SCW,bhandeda,BANDIKUI,DAUSA,Bhandeda,Dausa,Baijupara,B_exact_gp_district,2,twice,0
37044,1,1,SC W,OBCW,biwai,BANDIKUI,DAUSA,Biwai,Dausa,Bandikui,A_exact_gp_district_samiti,2,twice,0
37055,0,1,ST,GENW,gullana,BANDIKUI,DAUSA,Gullana,Dausa,Baswa,B_exact_gp_district,1,once,0
37056,1,1,GEN W,STW,hingota,BANDIKUI,DAUSA,Hingota,Dausa,Baijupara,B_exact_gp_district,2,twice,0
37059,0,1,OBC,SCW,kolana,BANDIKUI,DAUSA,Kolana,Dausa,Baswa,B_exact_gp_district,1,once,0
37060,0,0,GEN,OBC,kolwa,DHOLPUR,DHOLPUR,Kolwa,Dausa,Bandikui,C_unique_gp_name_statewide,0,never,0
37064,0,1,ST,GENW,muhi,BANDIKUI,DAUSA,Muhi,Dausa,Baswa,B_exact_gp_district,1,once,0
37065,1,1,SC W,GENW,nandera,BANDIKUI,DAUSA,Nandera,Dausa,Bandikui,A_exact_gp_district_samiti,2,twice,0
37068,0,1,GEN,GENW,panditpura,BANDIKUI,DAUSA,Panditpura,Dausa,Baswa,B_exact_gp_district,1,once,0
37071,0,0,OBC,OBC,pratappura,BANDIKUI,DAUSA,Pratappura,Dausa,Bandikui,A_exact_gp_district_samiti,0,never,0
37076,0,0,GEN,ST,alooda,DAUSA,DAUSA,Alooda,Dausa,Paparda,B_exact_gp_district,0,never,0
37079,0,1,GEN,GENW,baniyana,DAUSA,DAUSA,Baniyana,Dausa,Lawan,B_exact_gp_district,1,once,0
37080,0,0,ST,SC,bapi,DAUSA,DAUSA,Bapi,Dausa,Dausa,A_exact_gp_district_samiti,0,never,0
37083,0,0,ST,GEN,bishanpura,DAUSA,DAUSA,Bishanpura,Dausa,Sainthal,B_exact_gp_district,0,never,0
37084,0,1,SC,STW,boroda,DAUSA,DAUSA,Boroda,Dausa,Sainthal,B_exact_gp_district,1,once,0
37085,1,0,SC W,ST,chandarana,DAUSA,DAUSA,Chandarana,Dausa,Dausa,A_exact_gp_district_samiti,1,once,0
37093,0,0,SC,ST,hapawas,DAUSA,DAUSA,Hapawas,Dausa,Paparda,B_exact_gp_district,0,never,0
37094,1,0,ST W,GEN,hingotiya,DAUSA,DAUSA,Hingotiya,Dausa,Lawan,B_exact_gp_district,1,once,0
37103,0,0,GEN,ST,khanwas,DAUSA,DAUSA,Khanwas,Dausa,Lawan,B_exact_gp_district,0,never,0
37104,0,1,GEN,GENW,khawaraoji,DAUSA,DAUSA,Khawaraoji,Dausa,Paparda,B_exact_gp_district,1,once,0
37106,0,0,OBC,SC,khurikalan,DAUSA,DAUSA,Khuri Kalan,Dausa,Dausa,A_exact_gp_district_samiti,0,never,0
37107,0,0,ST,GEN,kundal,DAUSA,DAUSA,Kundal,Dausa,Kundal,B_exact_gp_district,0,never,0
37113,0,0,ST,GEN,nangal chapa,DAUSA,DAUSA,Nangal Chapa,Dausa,Bhandarej,B_exact_gp_district,0,never,0
37117,0,1,GEN,STW,paparda,DAUSA,DAUSA,Paparda,Dausa,Paparda,B_exact_gp_district,1,once,0
37119,1,1,SC W,SCW,rajwas,DAUSA,DAUSA,Rajwas,Dausa,Lawan,B_exact_gp_district,2,twice,0
37123,0,0,GEN,SC,sindoli,DAUSA,DAUSA,Sindoli,Dausa,Kundal,B_exact_gp_district,0,never,0
37125,1,0,GEN W,SC,surajpura,DAUSA,DAUSA,Surajpura,Dausa,Dausa,A_exact_gp_district_samiti,1,once,0
37127,0,1,SC,STW,titarwara kalan,DAUSA,DAUSA,Titarwara Kalan,Dausa,Sainthal,B_exact_gp_district,1,once,0
37128,1,1,SC W,STW,amrabad,LALSOT,DAUSA,Amrabad,Dausa,Ramgarh Pachwara,B_exact_gp_district,2,twice,0
37129,0,1,ST,SCW,bagri,LALSOT,DAUSA,Bagri,Dausa,Lalsot,A_exact_gp_district_samiti,1,once,0
37132,0,0,SC,GEN,bilona kalan,LALSOT,DAUSA,Bilona Kalan,Dausa,Lalsot,A_exact_gp_district_samiti,0,never,0
37133,0,0,GEN,ST,bilona khurd,LALSOT,DAUSA,Bilona Khurd,Dausa,Lalsot,A_exact_gp_district_samiti,0,never,0
37134,0,0,ST,GEN,chandsen,LALSOT,DAUSA,Chandsen,Dausa,Lalsot,A_exact_gp_district_samiti,0,never,0
37137,1,0,GEN W,ST,deoli,LALSOT,DAUSA,Deoli,Dausa,Lalsot,A_exact_gp_district_samiti,1,once,0
37138,0,1,GEN,GENW,didwana,LALSOT,DAUSA,Didwana,Dausa,Lalsot,A_exact_gp_district_samiti,1,once,0
37140,1,0,ST W,SC,dob,LALSOT,DAUSA,Dob,Dausa,Lalsot,A_exact_gp_district_samiti,1,once,0
37141,1,0,ST W,GEN,dungarpur,LALSOT,DAUSA,Dungarpur,Dausa,Rahuwas,B_exact_gp_district,1,once,0
37149,0,1,SC,STW,khatwa,LALSOT,DAUSA,Khatwa,Dausa,Lalsot,A_exact_gp_district_samiti,1,once,0
37151,0,1,SC,GENW,kishorpura,LALSOT,DAUSA,Kishorpura,Dausa,Lalsot,A_exact_gp_district_samiti,1,once,0
37153,0,1,OBC,STW,lalpura,LALSOT,DAUSA,Lalpura,Dausa,Lalsot,A_exact_gp_district_samiti,1,once,0
37154,1,1,GEN W,GENW,mahariya,LALSOT,DAUSA,Mahariya,Dausa,Lalsot,A_exact_gp_district_samiti,2,twice,0
37157,0,0,ST,GEN,nayabas,LALSOT,DAUSA,Nayabas,Dausa,Rahuwas,B_exact_gp_district,0,never,0
37158,0,1,SC,STW,nirjharna,LALSOT,DAUSA,Nirjharna,Dausa,Nirjharna,B_exact_gp_district,1,once,0
37160,0,1,ST,SCW,palunda,LALSOT,DAUSA,Palunda,Dausa,Rahuwas,B_exact_gp_district,1,once,0
37161,0,1,GEN,GENW,patti kishorpura,LALSOT,DAUSA,Patti Kishorpura,Dausa,Lalsot,A_exact_gp_district_samiti,1,once,0
37162,1,0,GEN W,ST,rahuwas,LALSOT,DAUSA,Rahuwas,Dausa,Rahuwas,B_exact_gp_district,1,once,0
37163,0,0,ST,SC,rajoli,LALSOT,DAUSA,Rajoli,Dausa,Lalsot,A_exact_gp_district_samiti,0,never,0
37165,1,1,GEN,STW,salempura,LALSOT,DAUSA,Salempura,Dausa,Rahuwas,B_exact_gp_district,2,twice,0
37166,1,0,SC W,ST,sanwasa,LALSOT,DAUSA,Sanwasa,Dausa,Nirjharna,B_exact_gp_district,1,once,0
37167,0,0,GEN,ST,shyampura kalan,LALSOT,DAUSA,Shyampurakalan,Dausa,Nirjharna,B_exact_gp_district,0,never,0
37168,1,1,ST W,GENW,shivsinghpura,LALSOT,DAUSA,Shivsinghpura,Dausa,Nirjharna,B_exact_gp_district,2,twice,0
37174,1,1,GEN W,STW,jhanpda,LALSOT,DAUSA,Jhanpda,Dausa,Nirjharna,B_exact_gp_district,2,twice,0
37181,1,0,GEN W,GEN,dhand,MAHWA,DAUSA,Dhand,Dausa,Mahwa,A_exact_gp_district_samiti,1,once,0
37186,0,1,GEN,SCW,haldena,MAHWA,DAUSA,Haldena,Dausa,Mandawar,B_exact_gp_district,1,once,0
37190,0,0,SC,GEN,kamalpur,MAHWA,DAUSA,Kamalpur,Dausa,Mahwa,A_exact_gp_district_samiti,0,never,0
37191,0,1,ST,GENW,kesra,MAHWA,DAUSA,Kesra,Dausa,Mahwa,A_exact_gp_district_samiti,1,once,0
37194,0,0,SC,ST,khonchpuri,MAHWA,DAUSA,Khonch Puri,Dausa,Mahwa,A_exact_gp_district_samiti,0,never,0
37195,1,0,GEN W,GEN,kot,MAHWA,DAUSA,Kot,Dausa,Mandawar,B_exact_gp_district,1,once,0
37196,0,0,GEN,SC,nahida,MAHWA,DAUSA,Nahida,Dausa,Mahwa,A_exact_gp_district_samiti,0,never,0
37198,0,1,ST,GENW,pakhar,MAHWA,DAUSA,Pakhar,Dausa,Mandawar,B_exact_gp_district,1,once,0
37200,1,0,GEN W,SC,pali,MAHWA,DAUSA,Pali,Dausa,Mahwa,A_exact_gp_district_samiti,1,once,0
37205,1,1,ST W,OBCW,reendli,MAHWA,DAUSA,Reendli,Dausa,Mandawar,B_exact_gp_district,2,twice,0
37206,0,1,GEN,SCW,salempur,MAHWA,DAUSA,Salempur,Dausa,Mahwa,A_exact_gp_district_samiti,1,once,0
37207,0,0,GEN,ST,salimpur,MAHWA,DAUSA,Salimpur,Dausa,Mahwa,A_exact_gp_district_samiti,0,never,0
37208,0,1,GEN,SCW,samleti,MAHWA,DAUSA,Samleti,Dausa,Mahwa,A_exact_gp_district_samiti,1,once,0
37209,0,1,GEN,SCW,santha,MAHWA,DAUSA,Santha,Dausa,Mahwa,A_exact_gp_district_samiti,1,once,0
37212,0,1,ST,GENW,tudiyana,MAHWA,DAUSA,Tudiyana,Dausa,Mahwa,A_exact_gp_district_samiti,1,once,0
37214,0,1,ST,GENW,achalpura,SIKRAI,DAUSA,Achalpura,Dausa,Sikrai,A_exact_gp_district_samiti,1,once,0
37218,0,0,GEN,SC,chandera,SIKRAI,DAUSA,Chandera,Dausa,Sikrai,A_exact_gp_district_samiti,0,never,0
37221,0,0,OBC,ST,dolika,SIKRAI,DAUSA,Dolika,Dausa,Sikrai,A_exact_gp_district_samiti,0,never,0
37222,0,0,ST,GEN,dubbi,SIKRAI,DAUSA,Dubbi,Dausa,Sikrai,A_exact_gp_district_samiti,0,never,0
37224,0,0,SC,ST,gandrawa,SIKRAI,DAUSA,Gandrawa,Dausa,Bahrawanda,B_exact_gp_district,0,never,0
37226,0,1,SC,GENW,geejgarh,SIKRAI,DAUSA,Geejgarh,Dausa,Sikrai,A_exact_gp_district_samiti,1,once,0
37228,0,0,GEN,ST,gumanpura,SIKRAI,DAUSA,Gumanpura,Dausa,Bahrawanda,B_exact_gp_district,0,never,0
37230,0,1,SC,STW,jaisinghpura,SIKRAI,DAUSA,Jaisinghpura,Dausa,Sikrai,A_exact_gp_district_samiti,1,once,0
37231,1,0,GEN W,GEN,kailai,SIKRAI,DAUSA,Kailai,Dausa,Sikrai,A_exact_gp_district_samiti,1,once,0
37233,0,1,SC,GENW,kalwan,SIKRAI,DAUSA,Kalwan,Dausa,Sikrai,A_exact_gp_district_samiti,1,once,0
37237,1,0,ST W,GEN,manpur,SIKRAI,DAUSA,Manpur,Dausa,Sikrai,A_exact_gp_district_samiti,1,once,0
37238,0,1,GEN,GENW,mariyada,SIKRAI,DAUSA,Mariyada,Dausa,Sikrai,A_exact_gp_district_samiti,1,once,0
37244,0,0,ST,GEN,nihalpura,SIKRAI,DAUSA,Nihal Pura,Dausa,Sikrai,A_exact_gp_district_samiti,0,never,0
37245,0,0,GEN,GEN,pancholi,SIKRAI,DAUSA,Pancholi,Dausa,Sikrai,A_exact_gp_district_samiti,0,never,0
37248,0,1,ST,GENW,ranoli,SIKRAI,DAUSA,Ranoli,Dausa,Bahrawanda,B_exact_gp_district,1,once,0
37249,0,1,ST,SCW,shekhpura,SIKRAI,DAUSA,Shekhpura,Dausa,Bahrawanda,B_exact_gp_district,1,once,0
37250,1,0,GEN W,SC,sikandara,SIKRAI,DAUSA,Sikandara,Dausa,Sikrai,A_exact_gp_district_samiti,1,once,0
37253,1,0,GEN W,GEN,torda,SIKRAI,DAUSA,Torda,Dausa,Bahrawanda,B_exact_gp_district,1,once,0
37254,0,0,ST,OBC,udaipura,SIKRAI,DAUSA,Udaipura,Dausa,Sikrai,A_exact_gp_district_samiti,0,never,0
37255,0,1,GEN,GENW,aligarh,BARI,DHOLPUR,Aligarh,Dholpur,Bari,A_exact_gp_district_samiti,1,once,0
37256,0,0,GEN,OBC,basaidang,BARI,DHOLPUR,Basai Dang,Dholpur,Bari,A_exact_gp_district_samiti,0,never,0
37259,0,1,SC,STW,dhanora,BARI,DHOLPUR,Dhanora,Dholpur,Bari,A_exact_gp_district_samiti,1,once,0
37262,0,0,GEN,GEN,ibrahimpur,BARI,DHOLPUR,Ibrahimpur,Dholpur,Bari,A_exact_gp_district_samiti,0,never,0
37264,0,1,OBC,GENW,kanchanpur,BARI,DHOLPUR,Kanchanpur,Dholpur,Bari,A_exact_gp_district_samiti,1,once,0
37265,0,1,OBC,SCW,kasbanagar,BARI,DHOLPUR,Kasba Nagar,Dholpur,Bari,A_exact_gp_district_samiti,1,once,0
37267,0,1,OBC,GENW,kudinna,BARI,DHOLPUR,Kudinna,Dholpur,Bari,A_exact_gp_district_samiti,1,once,0
37270,0,0,GEN,SC,matsura,BARI,DHOLPUR,Matsura,Dholpur,Bari,A_exact_gp_district_samiti,0,never,0
37272,1,0,GEN W,GEN,nagla dulhekhan,BARI,DHOLPUR,Nagla Dulhe Khan,Dholpur,Bari,A_exact_gp_district_samiti,1,once,0
37275,1,1,GEN W,GENW,nidhara,BARI,DHOLPUR,Nidhara,Dholpur,Bari,A_exact_gp_district_samiti,2,twice,0
37276,1,1,OBC W,GENW,norha,BARI,DHOLPUR,Norha,Dholpur,Bari,A_exact_gp_district_samiti,2,twice,0
37279,1,0,GEN W,OBC,rudhera,BARI,DHOLPUR,Rudhera,Dholpur,Bari,A_exact_gp_district_samiti,1,once,0
37285,0,1,ST,SCW,umreh,BARI,DHOLPUR,Umreh,Dholpur,Bari,A_exact_gp_district_samiti,1,once,0
37286,0,1,ST,GENW,angai,BASERI,DHOLPUR,Angai,Dholpur,Sarmathura,B_exact_gp_district,1,once,0
37288,0,0,SC,GEN,bagthar,BASERI,DHOLPUR,Bagthar,Dholpur,Baseri,A_exact_gp_district_samiti,0,never,0
37289,1,0,GEN W,GEN,banora,BASERI,DHOLPUR,Banora,Dholpur,Baseri,A_exact_gp_district_samiti,1,once,0
37292,1,1,ST W,GENW,bijholi,BASERI,DHOLPUR,Bijholi,Dholpur,Sarmathura,B_exact_gp_district,2,twice,0
37294,1,0,SC W,GEN,boreli,BASERI,DHOLPUR,Boreli,Dholpur,Baseri,A_exact_gp_district_samiti,1,once,0
37297,0,1,ST,GENW,domai,BASERI,DHOLPUR,Domai,Dholpur,Sarmathura,B_exact_gp_district,1,once,0
37300,1,0,GEN W,GEN,golari,BASERI,DHOLPUR,Golari,Dholpur,Sarmathura,B_exact_gp_district,1,once,0
37302,0,1,GEN,GENW,jarga,BASERI,DHOLPUR,Jarga,Dholpur,Baseri,A_exact_gp_district_samiti,1,once,0
37303,0,0,SC,ST,jhiri,BASERI,DHOLPUR,Jhiri,Dholpur,Sarmathura,B_exact_gp_district,0,never,0
37305,0,1,GEN,OBCW,khidora,BASERI,DHOLPUR,Khidora,Dholpur,Baseri,A_exact_gp_district_samiti,1,once,0
37306,0,0,OBC,SC,kunkuta,BASERI,DHOLPUR,Kunkuta,Dholpur,Baseri,A_exact_gp_district_samiti,0,never,0
37314,1,1,GEN W,GENW,pipron,BASERI,DHOLPUR,Pipron,Dholpur,Baseri,A_exact_gp_district_samiti,2,twice,0
37317,0,0,SC,OBC,salempur,BASERI,DHOLPUR,Salempur,Dholpur,Baseri,A_exact_gp_district_samiti,0,never,0
37322,0,0,GEN,SC,basainawab,DHOLPUR,DHOLPUR,Basai Nawab,Dholpur,Basai Nawab,B_exact_gp_district,0,never,0
37323,0,1,GEN,SCW,basai neem,DHOLPUR,DHOLPUR,Basai Neem,Dholpur,Dholpur,A_exact_gp_district_samiti,1,once,0
37324,0,0,SC,GEN,basai samanta,DHOLPUR,DHOLPUR,Basai Samanta,Dholpur,Dholpur,A_exact_gp_district_samiti,0,never,0
37325,0,0,GEN,OBC,bhadiyana,DHOLPUR,DHOLPUR,Bhadiyana,Dholpur,Basai Nawab,B_exact_gp_district,0,never,0
37326,1,1,GEN W,GENW,bothpura,DHOLPUR,DHOLPUR,Bothpura,Dholpur,Maniya,B_exact_gp_district,2,twice,0
37329,0,0,GEN,SC,dubati,DHOLPUR,DHOLPUR,Dubati,Dholpur,Maniya,B_exact_gp_district,0,never,0
37334,0,1,SC,OBCW,kanasil,DHOLPUR,DHOLPUR,Kanasil,Dholpur,Sepau,B_exact_gp_district,1,once,0
37339,0,1,GEN,SCW,kotra,DHOLPUR,DHOLPUR,Kotra,Dholpur,Dholpur,A_exact_gp_district_samiti,1,once,0
37342,0,0,GEN,GEN,malonipanwar,DHOLPUR,DHOLPUR,Maloni Panwar,Dholpur,Basai Nawab,B_exact_gp_district,0,never,0
37343,0,1,GEN,SCW,maniyan,DHOLPUR,DHOLPUR,Maniyan,Dholpur,Maniya,B_exact_gp_district,1,once,0
37344,0,1,GEN,GENW,manpur,DHOLPUR,DHOLPUR,Manpur,Dholpur,Sepau,B_exact_gp_district,1,once,0
37347,0,0,OBC,GEN,moroli,DHOLPUR,DHOLPUR,Moroli,Dholpur,Dholpur,A_exact_gp_district_samiti,0,never,0
37353,1,0,SC W,GEN,piphera,DHOLPUR,DHOLPUR,Piphera,Dholpur,Basai Nawab,B_exact_gp_district,1,once,0
37358,1,1,SC W,OBCW,rajorakhurd,DHOLPUR,DHOLPUR,Rajora Khurd,Dholpur,Sepau,B_exact_gp_district,2,twice,0
37361,1,1,GEN W,OBCW,sakhwara,DHOLPUR,DHOLPUR,Sakhwara,Dholpur,Sepau,B_exact_gp_district,2,twice,0
37364,0,0,GEN,OBC,tanda,DHOLPUR,DHOLPUR,Tanda,Dholpur,Maniya,B_exact_gp_district,0,never,0
37380,0,1,GEN,SCW,jalalpur,RAJAKHERA,DHOLPUR,Jalalpur,Dholpur,Maniya,B_exact_gp_district,1,once,0
37382,0,1,SC,GENW,jatoli,RAJAKHERA,DHOLPUR,Jatoli,Dholpur,Dholpur,B_exact_gp_district,1,once,0
37383,0,1,GEN,OBCW,kasimpur,RAJAKHERA,DHOLPUR,Kasimpur,Dholpur,Dholpur,B_exact_gp_district,1,once,0
37384,0,1,SC,GENW,kherli,RAJAKHERA,DHOLPUR,Kherli,Dholpur,Maniya,B_exact_gp_district,1,once,0
37386,0,0,GEN,GEN,kotpura,RAJAKHERA,DHOLPUR,Kotpura,Dholpur,Maniya,B_exact_gp_district,0,never,0
37387,0,1,GEN,GENW,lalpur,RAJAKHERA,DHOLPUR,Lalpur,Dholpur,Rajakhera,A_exact_gp_district_samiti,1,once,0
37388,1,0,OBC W,GEN,luhari,RAJAKHERA,DHOLPUR,Luhari,Dholpur,Dholpur,B_exact_gp_district,1,once,0
37392,1,0,GEN W,SC,mangrol,RAJAKHERA,DHOLPUR,Mangrol,Dholpur,Maniya,B_exact_gp_district,1,once,0
37393,1,0,OBC W,GEN,marena,RAJAKHERA,DHOLPUR,Marena,Dholpur,Rajakhera,A_exact_gp_district_samiti,1,once,0
37395,0,0,GEN,SC,nagar,RAJAKHERA,DHOLPUR,Nagar,Dholpur,Rajakhera,A_exact_gp_district_samiti,0,never,0
37396,1,0,GEN W,OBC,nahila,RAJAKHERA,DHOLPUR,Nahila,Dholpur,Rajakhera,A_exact_gp_district_samiti,1,once,0
37397,1,0,GEN W,SC,farashpura,SIKRAI,DAUSA,Farashpura,Dholpur,Rajakhera,C_unique_gp_name_statewide,1,once,0
37398,0,1,GEN,GENW,sadapur,RAJAKHERA,DHOLPUR,Sadapur,Dholpur,Rajakhera,A_exact_gp_district_samiti,1,once,0
37399,0,1,GEN,GENW,sadikpur,RAJAKHERA,DHOLPUR,Sadikpur,Dholpur,Dholpur,B_exact_gp_district,1,once,0
37400,0,1,GEN,SCW,shahpura,RAJAKHERA,DHOLPUR,Shahpura,Dholpur,Maniya,B_exact_gp_district,1,once,0
37403,1,0,GEN W,OBC,sikroda,RAJAKHERA,DHOLPUR,Sikroda,Dholpur,Rajakhera,A_exact_gp_district_samiti,1,once,0
37414,0,0,ST,ST,bodigama bada,ASPUR,DUNGARPUR,Bodigama Bada,Dungarpur,Sabla,B_exact_gp_district,0,never,0
37415,1,1,ST W,STW,bodigama chhota,ASPUR,DUNGARPUR,Bodigama Chhota,Dungarpur,Sabla,B_exact_gp_district,2,twice,0
37416,0,0,ST,ST,devla,ASPUR,DUNGARPUR,Devla,Dungarpur,Aspur,A_exact_gp_district_samiti,0,never,0
37417,0,0,ST,ST,dolpura,ASPUR,DUNGARPUR,Dolpura,Dungarpur,Sabla,B_exact_gp_district,0,never,0
37419,0,1,ST,STW,gamdi,ASPUR,DUNGARPUR,Gamdi,Dungarpur,Sabla,B_exact_gp_district,1,once,0
37420,1,0,ST W,ST,ganeshpur,ASPUR,DUNGARPUR,Ganesh Pur,Dungarpur,Aspur,A_exact_gp_district_samiti,1,once,0
37423,0,1,ST,STW,kabja,ASPUR,DUNGARPUR,Kabja,Dungarpur,Sabla,B_exact_gp_district,1,once,0
37426,1,1,ST W,STW,khalil,ASPUR,DUNGARPUR,Khalil,Dungarpur,Aspur,A_exact_gp_district_samiti,2,twice,0
37427,0,1,ST,STW,khanan,ASPUR,DUNGARPUR,Khanan,Dungarpur,Sabla,B_exact_gp_district,1,once,0
37432,1,0,ST W,ST,lodawal,ASPUR,DUNGARPUR,Lodawal,Dungarpur,Sabla,B_exact_gp_district,1,once,0
37445,0,1,ST,STW,pindawal,ASPUR,DUNGARPUR,Pindawal,Dungarpur,Sabla,B_exact_gp_district,1,once,0
37446,0,0,ST,ST,punjpur,ASPUR,DUNGARPUR,Punjpur,Dungarpur,Aspur,A_exact_gp_district_samiti,0,never,0
37447,0,0,ST,ST,ramgarh,ASPUR,DUNGARPUR,Ramgarh,Dungarpur,Aspur,A_exact_gp_district_samiti,0,never,0
37450,0,1,ST,STW,sabla,ASPUR,DUNGARPUR,Sabla,Dungarpur,Sabla,B_exact_gp_district,1,once,0
37452,1,1,ST W,STW,sakani,ASPUR,DUNGARPUR,Sakani,Dungarpur,Aspur,A_exact_gp_district_samiti,2,twice,0
37454,0,1,ST,STW,talora,ASPUR,DUNGARPUR,Talora,Dungarpur,Sabla,B_exact_gp_district,1,once,0
37456,1,0,ST W,ST,valai,ASPUR,DUNGARPUR,Valai,Dungarpur,Sabla,B_exact_gp_district,1,once,0
37459,0,0,ST,ST,barothi,BICHHIWARA,DUNGARPUR,Barothi,Dungarpur,Bichhiwara,A_exact_gp_district_samiti,0,never,0
37462,0,0,ST,ST,bokhala,BICHHIWARA,DUNGARPUR,Bokhala,Dungarpur,Paldewal,B_exact_gp_district,0,never,0
37464,0,0,ST,ST,chhapi,BICHHIWARA,DUNGARPUR,Chhapi,Dungarpur,Bichhiwara,A_exact_gp_district_samiti,0,never,0
37466,1,0,ST W,ST,devalkhas,BICHHIWARA,DUNGARPUR,Deval Khas,Dungarpur,Paldewal,B_exact_gp_district,1,once,0
37473,0,1,ST,STW,ghughara,BICHHIWARA,DUNGARPUR,Ghughara,Dungarpur,Dungarpur,B_exact_gp_district,1,once,0
37474,1,1,ST W,STW,gumanpura,BICHHIWARA,DUNGARPUR,Gumanpura,Dungarpur,Dungarpur,B_exact_gp_district,2,twice,0
37475,1,1,ST W,STW,jalukua,BICHHIWARA,DUNGARPUR,Jalukua,Dungarpur,Gamri Ahara,B_exact_gp_district,2,twice,0
37476,1,0,ST W,ST,kanba,BICHHIWARA,DUNGARPUR,Kanba,Dungarpur,Bichhiwara,A_exact_gp_district_samiti,1,once,0
37479,0,0,ST,ST,karoli,BICHHIWARA,DUNGARPUR,Karoli,Dungarpur,Bichhiwara,A_exact_gp_district_samiti,0,never,0
37480,0,0,ST,ST,khajuri,BICHHIWARA,DUNGARPUR,Khajuri,Dungarpur,Bichhiwara,A_exact_gp_district_samiti,0,never,0
37482,0,0,ST,ST,mahudi,BICHHIWARA,DUNGARPUR,Mahudi,Dungarpur,Dungarpur,B_exact_gp_district,0,never,0
37483,0,1,ST,STW,malmatha,BICHHIWARA,DUNGARPUR,Malmatha,Dungarpur,Bichhiwara,A_exact_gp_district_samiti,1,once,0
37489,0,0,ST,ST,palpadar,BICHHIWARA,DUNGARPUR,Palpadar,Dungarpur,Bichhiwara,A_exact_gp_district_samiti,0,never,0
37493,1,0,ST W,ST,renta,BICHHIWARA,DUNGARPUR,Renta,Dungarpur,Dungarpur,B_exact_gp_district,1,once,0
37494,0,0,ST,ST,sabli,BICHHIWARA,DUNGARPUR,Sabli,Dungarpur,Bichhiwara,A_exact_gp_district_samiti,0,never,0
37495,1,1,ST W,STW,sanchiya,BICHHIWARA,DUNGARPUR,Sanchiya,Dungarpur,Bichhiwara,A_exact_gp_district_samiti,2,twice,0
37498,0,1,ST,STW,surpur,BICHHIWARA,DUNGARPUR,Surpur,Dungarpur,Dungarpur,B_exact_gp_district,1,once,0
37500,0,1,ST,STW,thana,BICHHIWARA,DUNGARPUR,Thana,Dungarpur,Dungarpur,B_exact_gp_district,1,once,0
37503,0,0,ST,ST,vikas nagar,BICHHIWARA,DUNGARPUR,Vikasnagar,Dungarpur,Dungarpur,B_exact_gp_district,0,never,0
37505,0,1,ST,STW,antri,DUNGARPUR,DUNGARPUR,Antri,Dungarpur,Dovda,B_exact_gp_district,1,once,0
37508,1,1,ST W,STW,bhinda,DUNGARPUR,DUNGARPUR,Bhinda,Dungarpur,Jhonthripal,B_exact_gp_district,2,twice,0
37510,0,0,ST,ST,bildi,SAJJANGARH,BANSWARA,Bildi,Dungarpur,Dungarpur,C_unique_gp_name_statewide,0,never,0
37511,1,1,ST W,STW,damdi,DUNGARPUR,DUNGARPUR,Damdi,Dungarpur,Dovda,B_exact_gp_district,2,twice,0
37514,1,0,ST W,ST,faloj,DUNGARPUR,DUNGARPUR,Faloj,Dungarpur,Dovda,B_exact_gp_district,1,once,0
37516,0,0,ST,ST,hathai,DUNGARPUR,DUNGARPUR,Hathai,Dungarpur,Dovda,B_exact_gp_district,0,never,0
37517,0,0,ST,ST,hirata,DUNGARPUR,DUNGARPUR,Hirata,Dungarpur,Dovda,B_exact_gp_district,0,never,0
37521,0,0,ST,ST,khempur,DUNGARPUR,DUNGARPUR,Khempur,Dungarpur,Dovda,B_exact_gp_district,0,never,0
37523,0,1,ST,STW,lolakpur,DUNGARPUR,DUNGARPUR,Lolakpur,Dungarpur,Dovda,B_exact_gp_district,1,once,0
37525,0,1,ST,STW,mandawa,DUNGARPUR,DUNGARPUR,Mandawa,Dungarpur,Dovda,B_exact_gp_district,1,once,0
37528,0,0,ST,ST,metali,DUNGARPUR,DUNGARPUR,Metali,Dungarpur,Dungarpur,A_exact_gp_district_samiti,0,never,0
37530,0,1,ST,STW,palmandav,DUNGARPUR,DUNGARPUR,Pal Mandav,Dungarpur,Dovda,B_exact_gp_district,1,once,0
37531,0,1,ST,STW,piplada,DUNGARPUR,DUNGARPUR,Piplada,Dungarpur,Dungarpur,A_exact_gp_district_samiti,1,once,0
37533,1,0,ST W,ST,punali,DUNGARPUR,DUNGARPUR,Punali,Dungarpur,Dovda,B_exact_gp_district,1,once,0
37535,0,0,ST,ST,raghunathpura,DUNGARPUR,DUNGARPUR,Raghunathpura,Dungarpur,Dovda,B_exact_gp_district,0,never,0
37538,0,1,ST,STW,surata,DUNGARPUR,DUNGARPUR,Surata,Dungarpur,Jhonthripal,B_exact_gp_district,1,once,0
37539,0,1,ST,STW,valota,DUNGARPUR,DUNGARPUR,Valota,Dungarpur,Dovda,B_exact_gp_district,1,once,0
37545,0,1,ST,STW,bhasor,SAGWARA,DUNGARPUR,Bhasor,Dungarpur,Sagwara,A_exact_gp_district_samiti,1,once,0
37549,0,0,ST,ST,decha,SAGWARA,DUNGARPUR,Decha,Dungarpur,Obri,B_exact_gp_district,0,never,0
37552,1,1,ST W,STW,gadajhumji,SAGWARA,DUNGARPUR,Gada Jhumji,Dungarpur,Sagwara,A_exact_gp_district_samiti,2,twice,0
37555,0,1,ST,STW,ghata ka gaon,SAGWARA,DUNGARPUR,Ghata Ka Gaon,Dungarpur,Obri,B_exact_gp_district,1,once,0
37558,1,0,ST W,ST,jethana,SAGWARA,DUNGARPUR,Jethana,Dungarpur,Sagwara,A_exact_gp_district_samiti,1,once,0
37559,1,1,ST W,STW,jogpur,SAGWARA,DUNGARPUR,Jogpur,Dungarpur,Galiyakot,B_exact_gp_district,2,twice,0
37560,0,1,ST,STW,kahela,SAGWARA,DUNGARPUR,Kahela,Dungarpur,Sagwara,A_exact_gp_district_samiti,1,once,0
37566,0,0,ST,ST,nandod,SAGWARA,DUNGARPUR,Nandod,Dungarpur,Sagwara,A_exact_gp_district_samiti,0,never,0
37567,0,0,ST,ST,obri,SAGWARA,DUNGARPUR,Obri,Dungarpur,Obri,B_exact_gp_district,0,never,0
37570,0,0,ST,ST,padawa,SAGWARA,DUNGARPUR,Padawa,Dungarpur,Sagwara,A_exact_gp_district_samiti,0,never,0
37573,0,0,ST,ST,parda saroda,SAGWARA,DUNGARPUR,Parda Saroda,Dungarpur,Sagwara,A_exact_gp_district_samiti,0,never,0
37575,1,0,ST W,ST,ranoli,SAGWARA,DUNGARPUR,Ranoli,Dungarpur,Sagwara,A_exact_gp_district_samiti,1,once,0
37582,0,1,ST,STW,vageri,SAGWARA,DUNGARPUR,Vageri,Dungarpur,Sagwara,A_exact_gp_district_samiti,1,once,0
37585,1,1,ST W,STW,varsingpur,SAGWARA,DUNGARPUR,Varsingpur,Dungarpur,Sagwara,A_exact_gp_district_samiti,2,twice,0
37586,0,1,ST,STW,virat,SAGWARA,DUNGARPUR,Virat,Dungarpur,Obri,B_exact_gp_district,1,once,0
37588,0,1,ST,STW,baba ki bar,SIMALWARA,DUNGARPUR,Baba Ki Bar,Dungarpur,Galiyakot,B_exact_gp_district,1,once,0
37591,0,0,ST,ST,bansiya,SIMALWARA,DUNGARPUR,Bansiya,Dungarpur,Simalwara,A_exact_gp_district_samiti,0,never,0
37593,0,0,ST,ST,bedsa,SIMALWARA,DUNGARPUR,Bedsa,Dungarpur,Simalwara,A_exact_gp_district_samiti,0,never,0
37594,1,0,ST W,ST,bhachdiya,SIMALWARA,DUNGARPUR,Bhachdiya,Dungarpur,Simalwara,A_exact_gp_district_samiti,1,once,0
37598,0,0,ST,ST,chadoli,SIMALWARA,DUNGARPUR,Chadoli,Dungarpur,Simalwara,A_exact_gp_district_samiti,0,never,0
37601,1,1,ST W,STW,dariyati,SIMALWARA,DUNGARPUR,Dariyati,Dungarpur,Chikhali,B_exact_gp_district,2,twice,0
37602,1,0,ST W,ST,dhambola,SIMALWARA,DUNGARPUR,Dhambola,Dungarpur,Simalwara,A_exact_gp_district_samiti,1,once,0
37603,0,1,ST,STW,dhangaon,SIMALWARA,DUNGARPUR,Dhangaon,Dungarpur,Chikhali,B_exact_gp_district,1,once,0
37604,1,0,ST W,ST,dhodhra,SIMALWARA,DUNGARPUR,Dhodhra,Dungarpur,Simalwara,A_exact_gp_district_samiti,1,once,0
37606,0,0,ST,ST,dungarsaran,SIMALWARA,DUNGARPUR,Dungar Saran,Dungarpur,Chikhali,B_exact_gp_district,0,never,0
37608,0,1,ST,STW,gadajasrajpur,SIMALWARA,DUNGARPUR,Gada Jasrajpur,Dungarpur,Galiyakot,B_exact_gp_district,1,once,0
37612,0,0,ST,ST,ghuved,SIMALWARA,DUNGARPUR,Ghuved,Dungarpur,Simalwara,A_exact_gp_district_samiti,0,never,0
37613,1,1,ST W,STW,gundlara,SIMALWARA,DUNGARPUR,Gundlara,Dungarpur,Chikhali,B_exact_gp_district,2,twice,0
37619,0,1,ST,STW,jorawarpura,SIMALWARA,DUNGARPUR,Jorawarpura,Dungarpur,Simalwara,A_exact_gp_district_samiti,1,once,0
37620,0,0,ST,ST,kasariya,SIMALWARA,DUNGARPUR,Kasariya,Dungarpur,Galiyakot,B_exact_gp_district,0,never,0
37621,0,1,ST,STW,kochari,SIMALWARA,DUNGARPUR,Kochari,Dungarpur,Chikhali,B_exact_gp_district,1,once,0
37623,0,1,ST,STW,likhi badi,SIMALWARA,DUNGARPUR,Likhi Badi,Dungarpur,Simalwara,A_exact_gp_district_samiti,1,once,0
37624,1,0,ST W,ST,malakholda,SIMALWARA,DUNGARPUR,Mala Kholda,Dungarpur,Simalwara,A_exact_gp_district_samiti,1,once,0
37627,0,1,ST,STW,nadiya,SIMALWARA,DUNGARPUR,Nadiya,Dungarpur,Galiyakot,B_exact_gp_district,1,once,0
37629,0,1,ST,STW,naibasti badgama,SIMALWARA,DUNGARPUR,Nai Basti Badgama,Dungarpur,Chikhali,B_exact_gp_district,1,once,0
37630,0,0,ST,ST,peeth,SIMALWARA,DUNGARPUR,Peeth,Dungarpur,Simalwara,A_exact_gp_district_samiti,0,never,0
37632,0,0,ST,ST,ramsor juna,SIMALWARA,DUNGARPUR,Ramsor Juna,Dungarpur,Simalwara,A_exact_gp_district_samiti,0,never,0
37635,0,0,ST,ST,sadriya,SIMALWARA,DUNGARPUR,Sadriya,Dungarpur,Simalwara,A_exact_gp_district_samiti,0,never,0
37636,0,0,ST,ST,sakarsi,SIMALWARA,DUNGARPUR,Sakarsi,Dungarpur,Simalwara,A_exact_gp_district_samiti,0,never,0
37638,1,0,ST W,ST,saleda,SIMALWARA,DUNGARPUR,Saleda,Dungarpur,Chikhali,B_exact_gp_district,1,once,0
37639,0,0,ST,ST,sarthuna,SIMALWARA,DUNGARPUR,Sarthuna,Dungarpur,Simalwara,A_exact_gp_district_samiti,0,never,0
37641,0,0,ST,ST,sendola,SIMALWARA,DUNGARPUR,Sendola,Dungarpur,Chikhali,B_exact_gp_district,0,never,0
37643,0,1,ST,STW,silohi,SIMALWARA,DUNGARPUR,Silohi,Dungarpur,Galiyakot,B_exact_gp_district,1,once,0
37644,0,1,ST,STW,simalwara,SIMALWARA,DUNGARPUR,Simalwara,Dungarpur,Simalwara,A_exact_gp_district_samiti,1,once,0
37648,1,0,GEN W,SC,10 as,ANUPGARH,GANGANAGAR,10 As,Anupgarh,Vijainagar,C_unique_gp_name_statewide,1,once,0
37651,0,0,SC,GEN,10 sarkari,ANUPGARH,GANGANAGAR,10 Sarkari,Anupgarh,Vijainagar,C_unique_gp_name_statewide,0,never,0
37660,0,1,GEN,SCW,15 a(b),ANUPGARH,GANGANAGAR,15 Ab,Anupgarh,Anupgarh,C_unique_gp_name_statewide,1,once,0
37662,0,1,GEN,SCW,16 as (kupli),ANUPGARH,GANGANAGAR,16 As - Kupli,Anupgarh,Vijainagar,C_unique_gp_name_statewide,1,once,0
37677,0,0,OBC,SC,21 sjm,ANUPGARH,GANGANAGAR,21 Sjm,Anupgarh,Anupgarh,C_unique_gp_name_statewide,0,never,0
37678,1,0,SC W,SC,22 a,ANUPGARH,GANGANAGAR,22 A,Anupgarh,Anupgarh,C_unique_gp_name_statewide,1,once,0
37682,1,0,SC W,GEN,27 a,ANUPGARH,GANGANAGAR,27 A,Anupgarh,Anupgarh,C_unique_gp_name_statewide,1,once,0
37714,0,1,OBC,SCW,7 sjm,ANUPGARH,GANGANAGAR,7 Sjm,Anupgarh,Anupgarh,C_unique_gp_name_statewide,1,once,0
37718,0,0,OBC,SC,8 bgd,ANUPGARH,GANGANAGAR,8 Bgd,Anupgarh,Vijainagar,C_unique_gp_name_statewide,0,never,0
37728,1,0,SC W,OBC,bilochia,ANUPGARH,GANGANAGAR,Bilochia,Anupgarh,Vijainagar,C_unique_gp_name_statewide,1,once,0
37730,1,1,GEN W,SCW,gomawali,ANUPGARH,GANGANAGAR,Gomawali,Anupgarh,Vijainagar,C_unique_gp_name_statewide,2,twice,0
37735,0,1,GEN,SCW,13 g chhoti,GANGANAGAR,GANGANAGAR,13 G Chhoti,Ganganagar,Ganganagar,A_exact_gp_district_samiti,1,once,0
37738,1,1,GEN W,SCW,27 gg,GANGANAGAR,GANGANAGAR,27 Gg,Ganganagar,Ganganagar,A_exact_gp_district_samiti,2,twice,0
37739,0,1,GEN,OBCW,3 c chhoti,GANGANAGAR,GANGANAGAR,3 C Chhoti,Ganganagar,Ganganagar,A_exact_gp_district_samiti,1,once,0
37740,0,1,GEN,SCW,3 h chhoti,GANGANAGAR,GANGANAGAR,3 H Chhoti,Ganganagar,Ganganagar,A_exact_gp_district_samiti,1,once,0
37751,1,0,GEN W,SC,dullapur keri,GANGANAGAR,GANGANAGAR,Dullapur Keri,Ganganagar,Ganganagar,A_exact_gp_district_samiti,1,once,0
37753,0,1,GEN,GENW,hindumalkot,GANGANAGAR,GANGANAGAR,Hindumalkot,Ganganagar,Ganganagar,A_exact_gp_district_samiti,1,once,0
37758,0,1,SC,OBCW,koni,GANGANAGAR,GANGANAGAR,Koni,Ganganagar,Ganganagar,A_exact_gp_district_samiti,1,once,0
37759,0,1,SC,GENW,kotha,GANGANAGAR,GANGANAGAR,Kotha,Ganganagar,Ganganagar,A_exact_gp_district_samiti,1,once,0
37763,0,0,SC,GEN,matili rathan,GANGANAGAR,GANGANAGAR,Matili Rathan,Ganganagar,Ganganagar,A_exact_gp_district_samiti,0,never,0
37764,0,1,GEN,OBCW,mirjewala,GANGANAGAR,GANGANAGAR,Mirjewala,Ganganagar,Ganganagar,A_exact_gp_district_samiti,1,once,0
37766,0,0,GEN,GEN,netewala,GANGANAGAR,GANGANAGAR,Netewala,Ganganagar,Ganganagar,A_exact_gp_district_samiti,0,never,0
37768,0,0,GEN,GEN,pakki,GANGANAGAR,GANGANAGAR,Pakki,Ganganagar,Ganganagar,A_exact_gp_district_samiti,0,never,0
37770,0,1,GEN,GENW,sadhuwali,GANGANAGAR,GANGANAGAR,Sadhuwali,Ganganagar,Ganganagar,A_exact_gp_district_samiti,1,once,0
37771,0,0,GEN,GEN,sahib singh wala,GANGANAGAR,GANGANAGAR,Sahibsinghwala,Ganganagar,Ganganagar,A_exact_gp_district_samiti,0,never,0
37772,0,0,GEN,OBC,5 g chhoti,GANGANAGAR,GANGANAGAR,5 G Chhoti,Ganganagar,Ganganagar,A_exact_gp_district_samiti,0,never,0
37773,0,0,GEN,SC,sahuwala,GANGANAGAR,GANGANAGAR,Sahuwala,Ganganagar,Ganganagar,A_exact_gp_district_samiti,0,never,0
37776,0,1,SC,GENW,tatarsar,GANGANAGAR,GANGANAGAR,Tatarsar,Ganganagar,Ganganagar,A_exact_gp_district_samiti,1,once,0
37778,0,0,SC,GEN,14 ff,KARANPUR,GANGANAGAR,14 Ff,Ganganagar,Gajsinghpur,B_exact_gp_district,0,never,0
37780,1,1,SC W,GENW,2 ffa,KARANPUR,GANGANAGAR,2 Ff A,Ganganagar,Karanpur,A_exact_gp_district_samiti,2,twice,0
37781,0,1,SC,GENW,2 x,KARANPUR,GANGANAGAR,2 X,Ganganagar,Karanpur,A_exact_gp_district_samiti,1,once,0
37783,0,0,SC,GEN,42 h,KARANPUR,GANGANAGAR,42 H,Ganganagar,Karanpur,A_exact_gp_district_samiti,0,never,0
37785,0,0,GEN,SC,56 f,KARANPUR,GANGANAGAR,56 F,Ganganagar,Gajsinghpur,B_exact_gp_district,0,never,0
37786,0,0,GEN,SC,61 f,KARANPUR,GANGANAGAR,61 F,Ganganagar,Karanpur,A_exact_gp_district_samiti,0,never,0
37787,0,1,SC,SCW,8 v,KARANPUR,GANGANAGAR,8 V,Ganganagar,Karanpur,A_exact_gp_district_samiti,1,once,0
37790,1,1,SC W,GENW,25 h (dalpatsinghpur),KARANPUR,GANGANAGAR,25 H Dalpatsinghpur,Ganganagar,Karanpur,A_exact_gp_district_samiti,2,twice,0
37793,1,0,SC W,GEN,fusewala,KARANPUR,GANGANAGAR,Fusewala,Ganganagar,Karanpur,A_exact_gp_district_samiti,1,once,0
37794,0,0,SC,GEN,25 f (gulabewala),KARANPUR,GANGANAGAR,25 F Gulabewala,Ganganagar,Karanpur,A_exact_gp_district_samiti,0,never,0
37796,1,1,GEN W,SCW,2 w gurusar,KARANPUR,GANGANAGAR,2 W Gurusar,Ganganagar,Karanpur,A_exact_gp_district_samiti,2,twice,0
37797,0,0,GEN,SC,kaminpura,KARANPUR,GANGANAGAR,Kaminpura,Ganganagar,Karanpur,A_exact_gp_district_samiti,0,never,0
37803,0,1,OBC,SCW,malkana khurd,KARANPUR,GANGANAGAR,Malkana Khurd,Ganganagar,Karanpur,A_exact_gp_district_samiti,1,once,0
37809,1,1,GEN W,SCW,36 h naggi,KARANPUR,GANGANAGAR,36 H Naggi,Ganganagar,Karanpur,A_exact_gp_district_samiti,2,twice,0
37810,1,0,GEN W,GEN,6 fa radewala,KARANPUR,GANGANAGAR,6 F A Radewala,Ganganagar,Karanpur,A_exact_gp_district_samiti,1,once,0
37811,0,1,GEN,SCW,50 f roopnagar,KARANPUR,GANGANAGAR,50 F Roopnagar,Ganganagar,Karanpur,A_exact_gp_district_samiti,1,once,0
37812,0,0,OBC,SC,11 eea,PADAMPUR,GANGANAGAR,11 Ee A,Ganganagar,Padampur,A_exact_gp_district_samiti,0,never,0
37815,0,0,GEN,SC,1 ps,PADAMPUR,GANGANAGAR,1ps,Ganganagar,Padampur,A_exact_gp_district_samiti,0,never,0
37816,1,0,OBC W,SC,20 bba,PADAMPUR,GANGANAGAR,20 Bb A,Ganganagar,Padampur,A_exact_gp_district_samiti,1,once,0
37821,0,0,SC,GEN,34 lnp,PADAMPUR,GANGANAGAR,34 Lnp,Ganganagar,Padampur,A_exact_gp_district_samiti,0,never,0
37829,1,0,GEN W,GEN,4 jj,PADAMPUR,GANGANAGAR,4jj,Ganganagar,Padampur,A_exact_gp_district_samiti,1,once,0
37830,0,0,SC,OBC,54 lnp,PADAMPUR,GANGANAGAR,54 Lnp,Ganganagar,Padampur,A_exact_gp_district_samiti,0,never,0
37835,0,0,SC,GEN,69 lnp,PADAMPUR,GANGANAGAR,69 Lnp,Ganganagar,Padampur,A_exact_gp_district_samiti,0,never,0
37836,0,1,GEN,SCW,7 dd,PADAMPUR,GANGANAGAR,7 DD,Ganganagar,Padampur,A_exact_gp_district_samiti,1,once,0
37843,1,1,GEN W,GENW,jivandesar,SARDAR SHAHAR,CHURU,Jivandesar,Ganganagar,Padampur,C_unique_gp_name_statewide,2,twice,0
37848,0,1,GEN,SCW,10 tk,RAISINGHNAGAR,GANGANAGAR,10 Tk,Anupgarh,Raisinghnagar,C_unique_gp_name_statewide,1,once,0
37849,0,0,GEN,GEN,11 tk,RAISINGHNAGAR,GANGANAGAR,11 Tk,Anupgarh,Raisinghnagar,C_unique_gp_name_statewide,0,never,0
37856,0,0,GEN,GEN,5 tk,RAISINGHNAGAR,GANGANAGAR,5 Tk,Anupgarh,Raisinghnagar,C_unique_gp_name_statewide,0,never,0
37857,0,0,SC,GEN,6 jkm,RAISINGHNAGAR,GANGANAGAR,6 Jkm,Anupgarh,Raisinghnagar,C_unique_gp_name_statewide,0,never,0
37868,1,0,GEN W,GEN,30 psa,RAISINGHNAGAR,GANGANAGAR,30 Ps A,Anupgarh,Raisinghnagar,C_unique_gp_name_statewide,1,once,0
37893,0,1,GEN,SCW,thandi,RAISINGHNAGAR,GANGANAGAR,Thandi,Anupgarh,Raisinghnagar,C_unique_gp_name_statewide,1,once,0
37895,1,1,GEN W,SCW,8 hh,SADULSHAHAR,GANGANAGAR,8hh,Ganganagar,Ganganagar,B_exact_gp_district,2,twice,0
37896,0,1,GEN,OBCW,alipura,SADULSHAHAR,GANGANAGAR,Alipura,Ganganagar,Sadulshahar,A_exact_gp_district_samiti,1,once,0
37898,0,0,OBC,SC,banwali,SADULSHAHAR,GANGANAGAR,Banwali,Ganganagar,Sadulshahar,A_exact_gp_district_samiti,0,never,0
37899,1,0,GEN W,SC,bhagsar,SADULSHAHAR,GANGANAGAR,Bhagsar,Ganganagar,Sadulshahar,A_exact_gp_district_samiti,1,once,0
37905,0,1,GEN,GENW,dungarsinghpura,SADULSHAHAR,GANGANAGAR,Dungarsinghpura,Ganganagar,Ganganagar,B_exact_gp_district,1,once,0
37907,0,0,SC,GEN,ganeshgarh,SADULSHAHAR,GANGANAGAR,Ganeshgarh,Ganganagar,Ganganagar,B_exact_gp_district,0,never,0
37908,0,0,GEN,SC,hakmabad,SADULSHAHAR,GANGANAGAR,Hakmabad,Ganganagar,Sadulshahar,A_exact_gp_district_samiti,0,never,0
37910,0,0,GEN,SC,kheruwala,SADULSHAHAR,GANGANAGAR,Kheruwala,Ganganagar,Sadulshahar,A_exact_gp_district_samiti,0,never,0
37918,0,0,SC,GEN,manniwali,SADULSHAHAR,GANGANAGAR,Manniwali,Ganganagar,Sadulshahar,A_exact_gp_district_samiti,0,never,0
37919,0,1,GEN,OBCW,morjand khari,SADULSHAHAR,GANGANAGAR,Morjand Khari,Ganganagar,Sadulshahar,A_exact_gp_district_samiti,1,once,0
37920,0,1,GEN,SCW,narayangarh,SADULSHAHAR,GANGANAGAR,Narayangarh,Ganganagar,Sadulshahar,A_exact_gp_district_samiti,1,once,0
37922,0,1,SC,GENW,panniwali,SADULSHAHAR,GANGANAGAR,Panniwali,Ganganagar,Sadulshahar,A_exact_gp_district_samiti,1,once,0
37923,0,0,GEN,OBC,rotanwali,SADULSHAHAR,GANGANAGAR,Rotanwali,Ganganagar,Sadulshahar,A_exact_gp_district_samiti,0,never,0
37925,1,0,SC W,GEN,takharanwali,SADULSHAHAR,GANGANAGAR,Takharanwali,Ganganagar,Sadulshahar,A_exact_gp_district_samiti,1,once,0
37927,1,0,GEN W,SC,13 sd,SURATGARH,GANGANAGAR,13 Sd,Ganganagar,Suratgarh,A_exact_gp_district_samiti,1,once,0
37928,1,1,GEN W,OBCW,8 shpd,SURATGARH,GANGANAGAR,8 Shpd,Ganganagar,Suratgarh,A_exact_gp_district_samiti,2,twice,0
37929,0,0,GEN,OBC,bakhtawarpura,SURATGARH,GANGANAGAR,Bakhtawarpura,Ganganagar,Suratgarh,A_exact_gp_district_samiti,0,never,0
37931,1,1,GEN W,SCW,bhagwansar,SURATGARH,GANGANAGAR,Bhagwansar,Ganganagar,Suratgarh,A_exact_gp_district_samiti,2,twice,0
37932,0,1,GEN,SCW,bherupura,DHOND,SIKAR,Bherupura,Ganganagar,Suratgarh,C_unique_gp_name_statewide,1,once,0
37933,1,1,GEN W,SCW,bhojewala,SURATGARH,GANGANAGAR,Bhoje Wala,Ganganagar,Suratgarh,A_exact_gp_district_samiti,2,twice,0
37936,0,1,GEN,OBCW,daidaspura,SURATGARH,GANGANAGAR,Daidaspura,Ganganagar,Suratgarh,A_exact_gp_district_samiti,1,once,0
37939,0,1,SC,OBCW,gopalsar,SURATGARH,GANGANAGAR,Gopalsar,Ganganagar,Suratgarh,A_exact_gp_district_samiti,1,once,0
37940,1,0,SC W,GEN,govindsar,SURATGARH,GANGANAGAR,Govindsar,Ganganagar,Suratgarh,A_exact_gp_district_samiti,1,once,0
37941,0,1,GEN,GENW,gudli,SURATGARH,GANGANAGAR,Gudli,Ganganagar,Suratgarh,A_exact_gp_district_samiti,1,once,0
37942,0,1,GEN,GENW,gurusarmodiya,SURATGARH,GANGANAGAR,Gurusar Modiya,Ganganagar,Suratgarh,A_exact_gp_district_samiti,1,once,0
37943,1,0,SC W,GEN,jankidaswala,SURATGARH,GANGANAGAR,Jankidaswala,Ganganagar,Suratgarh,A_exact_gp_district_samiti,1,once,0
37944,1,0,SC W,OBC,maler,SURATGARH,GANGANAGAR,Maler,Ganganagar,Suratgarh,A_exact_gp_district_samiti,1,once,0
37945,1,1,GEN W,GENW,manewala,SURATGARH,GANGANAGAR,Manewala,Ganganagar,Suratgarh,A_exact_gp_district_samiti,2,twice,0
37946,1,1,OBC W,GENW,manaksar,SURATGARH,GANGANAGAR,Manaksar,Ganganagar,Suratgarh,A_exact_gp_district_samiti,2,twice,0
37947,0,0,SC,GEN,mokalsar,SURATGARH,GANGANAGAR,Mokalsar,Ganganagar,Suratgarh,A_exact_gp_district_samiti,0,never,0
37948,1,1,SC W,GENW,nirwana,SURATGARH,GANGANAGAR,Nirwana,Ganganagar,Suratgarh,A_exact_gp_district_samiti,2,twice,0
37949,0,0,SC,OBC,padampura,SURATGARH,GANGANAGAR,Padampura,Ganganagar,Suratgarh,A_exact_gp_district_samiti,0,never,0
37950,0,0,SC,GEN,raghunathpura,SURATGARH,GANGANAGAR,Raghunathpura,Ganganagar,Suratgarh,A_exact_gp_district_samiti,0,never,0
37954,1,1,OBC W,SCW,rangmahal,SURATGARH,GANGANAGAR,Rang Mahal,Ganganagar,Suratgarh,A_exact_gp_district_samiti,2,twice,0
37956,1,1,GEN W,SCW,sanghar,SURATGARH,GANGANAGAR,Sanghar,Ganganagar,Suratgarh,A_exact_gp_district_samiti,2,twice,0
37957,0,1,GEN,OBCW,sardargarh,SURATGARH,GANGANAGAR,Sardargarh,Ganganagar,Suratgarh,A_exact_gp_district_samiti,1,once,0
37958,1,0,GEN W,GEN,sardarpurabika,SURATGARH,GANGANAGAR,Sardarpura Bika,Ganganagar,Suratgarh,A_exact_gp_district_samiti,1,once,0
37960,1,0,GEN W,SC,singrasar,SURATGARH,GANGANAGAR,Singrasar,Ganganagar,Suratgarh,A_exact_gp_district_samiti,1,once,0
37961,0,0,OBC,SC,somasar,SURATGARH,GANGANAGAR,Somasar,Ganganagar,Suratgarh,A_exact_gp_district_samiti,0,never,0
37962,0,1,SC,GENW,thethar,SURATGARH,GANGANAGAR,Thethar,Ganganagar,Suratgarh,A_exact_gp_district_samiti,1,once,0
37966,1,0,GEN W,GEN,ajeetpura,BHADRA,HANUMANGARH,Ajeet Pura,Hanumangarh,Bhadra,A_exact_gp_district_samiti,1,once,0
37967,0,0,GEN,SC,alayala,BHADRA,HANUMANGARH,Alayala,Hanumangarh,Bhadra,A_exact_gp_district_samiti,0,never,0
37968,0,1,GEN,SCW,anoopshahar,BHADRA,HANUMANGARH,Anoop Shahar,Hanumangarh,Bhadra,A_exact_gp_district_samiti,1,once,0
37971,0,0,GEN,GEN,bhangarh,BHADRA,HANUMANGARH,Bhangarh,Hanumangarh,Bhadra,A_exact_gp_district_samiti,0,never,0
37972,0,0,GEN,GEN,bhangwa,BHADRA,HANUMANGARH,Bhangwa,Hanumangarh,Bhadra,A_exact_gp_district_samiti,0,never,0
37979,0,1,GEN,GENW,chiriyagandhi,BHADRA,HANUMANGARH,Chiriya Gandhi,Hanumangarh,Bhadra,A_exact_gp_district_samiti,1,once,0
37980,1,1,GEN W,SCW,dabari,BHADRA,HANUMANGARH,Dabari,Hanumangarh,Bhadra,A_exact_gp_district_samiti,2,twice,0
37981,1,0,GEN W,SC,dobhi,BHADRA,HANUMANGARH,Dobhi,Hanumangarh,Bhadra,A_exact_gp_district_samiti,1,once,0
37983,1,1,GEN W,GENW,gadhara,BHADRA,HANUMANGARH,Gadhara,Hanumangarh,Bhadra,A_exact_gp_district_samiti,2,twice,0
37986,0,0,OBC,GEN,gheu,BHADRA,HANUMANGARH,Gheu,Hanumangarh,Bhadra,A_exact_gp_district_samiti,0,never,0
37992,1,0,GEN W,SC,kanau,BHADRA,HANUMANGARH,Kanau,Hanumangarh,Bhadra,A_exact_gp_district_samiti,1,once,0
37995,1,1,SC W,GENW,kunji,BHADRA,HANUMANGARH,Kunji,Hanumangarh,Bhadra,A_exact_gp_district_samiti,2,twice,0
38005,0,1,OBC,GENW,rajpura,BHADRA,HANUMANGARH,Rajpura,Hanumangarh,Bhadra,A_exact_gp_district_samiti,1,once,0
38012,1,0,GEN W,SC,suratpura,BHADRA,HANUMANGARH,Suratpura,Hanumangarh,Bhadra,A_exact_gp_district_samiti,1,once,0
38016,0,1,OBC,SCW,30 ssw,HANUMANGARH,HANUMANGARH,30 Ssw,Hanumangarh,Hanumangarh,A_exact_gp_district_samiti,1,once,0
38025,1,0,GEN W,SC,bahlolnagar,HANUMANGARH,HANUMANGARH,Bahlol Nagar,Hanumangarh,Hanumangarh,A_exact_gp_district_samiti,1,once,0
38030,1,0,GEN W,GEN,bhompura,HANUMANGARH,HANUMANGARH,Bhom Pura,Hanumangarh,Hanumangarh,A_exact_gp_district_samiti,1,once,0
38045,0,1,SC,GENW,dholipal,HANUMANGARH,HANUMANGARH,Dholipal,Hanumangarh,Hanumangarh,A_exact_gp_district_samiti,1,once,0
38049,1,0,GEN W,OBC,fatehgarh,HANUMANGARH,HANUMANGARH,Fatehgarh,Hanumangarh,Hanumangarh,A_exact_gp_district_samiti,1,once,0
38058,1,0,SC W,GEN,indergarh,JAMWA RAMGARH,JAIPUR,Inder Garh,Hanumangarh,Sangaria,C_unique_gp_name_statewide,1,once,0
38063,1,1,SC W,GENW,jhamber,HANUMANGARH,HANUMANGARH,Jhamber,Hanumangarh,Hanumangarh,A_exact_gp_district_samiti,2,twice,0
38074,1,1,SC W,GENW,kohla,HANUMANGARH,HANUMANGARH,Kohla,Hanumangarh,Hanumangarh,A_exact_gp_district_samiti,2,twice,0
38077,0,0,GEN,SC,lakhuwali,HANUMANGARH,HANUMANGARH,Lakhuwali,Hanumangarh,Hanumangarh,A_exact_gp_district_samiti,0,never,0
38081,0,1,GEN,GENW,mainawali,HANUMANGARH,HANUMANGARH,Mainawali,Hanumangarh,Hanumangarh,A_exact_gp_district_samiti,1,once,0
38087,0,0,SC,GEN,manuka,HANUMANGARH,HANUMANGARH,Manuka,Hanumangarh,Hanumangarh,A_exact_gp_district_samiti,0,never,0
38093,1,1,SC W,GENW,munda,HANUMANGARH,HANUMANGARH,Munda,Hanumangarh,Hanumangarh,A_exact_gp_district_samiti,2,twice,0
38097,0,0,GEN,SC,nawan,HANUMANGARH,HANUMANGARH,Nawan,Hanumangarh,Hanumangarh,A_exact_gp_district_samiti,0,never,0
38098,1,1,OBC W,GENW,norangdesar,HANUMANGARH,HANUMANGARH,Norangdesar,Hanumangarh,Hanumangarh,A_exact_gp_district_samiti,2,twice,0
38116,0,0,GEN,GEN,sahajipura,HANUMANGARH,HANUMANGARH,Sahajipura,Hanumangarh,Hanumangarh,A_exact_gp_district_samiti,0,never,0
38143,1,0,GEN W,GEN,ararki,NOHAR,HANUMANGARH,Ararki,Hanumangarh,Nohar,A_exact_gp_district_samiti,1,once,0
38144,0,1,GEN,SCW,badbirana,NOHAR,HANUMANGARH,Badbirana,Hanumangarh,Nohar,A_exact_gp_district_samiti,1,once,0
38148,0,1,SC,GENW,bhanguli,NOHAR,HANUMANGARH,Bhanguli,Hanumangarh,Nohar,A_exact_gp_district_samiti,1,once,0
38150,1,1,SC W,GENW,bhograna,NOHAR,HANUMANGARH,Bhograna,Hanumangarh,Nohar,A_exact_gp_district_samiti,2,twice,0
38151,0,1,SC,GENW,bhukarka,NOHAR,HANUMANGARH,Bhukarka,Hanumangarh,Nohar,A_exact_gp_district_samiti,1,once,0
38152,0,0,SC,OBC,birkali,NOHAR,HANUMANGARH,Birkali,Hanumangarh,Nohar,A_exact_gp_district_samiti,0,never,0
38155,1,0,SC W,GEN,chak sardarpura,NOHAR,HANUMANGARH,Chak Sardarpura,Hanumangarh,Nohar,A_exact_gp_district_samiti,1,once,0
38159,1,0,GEN W,GEN,deidas,NOHAR,HANUMANGARH,Deidas,Hanumangarh,Nohar,A_exact_gp_district_samiti,1,once,0
38167,0,0,GEN,OBC,gorkhana,NOHAR,HANUMANGARH,Gorkhana,Hanumangarh,Nohar,A_exact_gp_district_samiti,0,never,0
38170,0,0,OBC,GEN,jabrasar,NOHAR,HANUMANGARH,Jabrasar,Hanumangarh,Nohar,A_exact_gp_district_samiti,0,never,0
38173,1,0,GEN W,GEN,kansar,NOHAR,HANUMANGARH,Kansar,Hanumangarh,Nohar,A_exact_gp_district_samiti,1,once,0
38178,1,0,GEN W,OBC,khuiyan,NOHAR,HANUMANGARH,Khuiyan,Hanumangarh,Nohar,A_exact_gp_district_samiti,1,once,0
38180,0,0,GEN,GEN,lakhasar,NOHAR,HANUMANGARH,Lakhasar,Hanumangarh,Nohar,A_exact_gp_district_samiti,0,never,0
38188,0,1,GEN,SCW,meghana,NOHAR,HANUMANGARH,Meghana,Hanumangarh,Nohar,A_exact_gp_district_samiti,1,once,0
38192,0,1,SC,GENW,nanau,NOHAR,HANUMANGARH,Nanau,Hanumangarh,Nohar,A_exact_gp_district_samiti,1,once,0
38209,0,1,OBC,SCW,sirangsar,NOHAR,HANUMANGARH,Sirangsar,Hanumangarh,Nohar,A_exact_gp_district_samiti,1,once,0
38210,0,0,SC,GEN,sonari,NOHAR,HANUMANGARH,Sonari,Hanumangarh,Nohar,A_exact_gp_district_samiti,0,never,0
38216,0,0,ST,GEN,achrol,AMBER,JAIPUR,Achrol,Jaipur,Amber,A_exact_gp_district_samiti,0,never,0
38219,1,1,GEN W,OBCW,bagwada,AMBER,JAIPUR,Bagwada,Jaipur,Amber,A_exact_gp_district_samiti,2,twice,0
38222,1,0,GEN W,OBC,bhatton ki gali,AMBER,JAIPUR,Bhatton Ki Gali,Jaipur,Amber,A_exact_gp_district_samiti,1,once,0
38223,0,1,OBC,STW,bhurthal,AMBER,JAIPUR,Bhurthal,Jaipur (Gramin),Rampura Dabri,C_unique_gp_name_statewide,1,once,0
38225,0,1,SC,STW,bilochi,AMBER,JAIPUR,Bilochi,Jaipur,Amber,A_exact_gp_district_samiti,1,once,0
38226,0,1,GEN,GENW,chandwaji,AMBER,JAIPUR,Chandwaji,Jaipur,Amber,A_exact_gp_district_samiti,1,once,0
38229,0,0,GEN,GEN,chitanu kalan,AMBER,JAIPUR,Chitanu Kalan,Jaipur,Amber,A_exact_gp_district_samiti,0,never,0
38232,1,1,OBC W,SCW,dhand,AMBER,JAIPUR,Dhand,Jaipur,Amber,A_exact_gp_district_samiti,2,twice,0
38236,0,0,OBC,GEN,jaisinghpura shekhawatan,AMBER,JAIPUR,Jaisinghpura Shekhawatan,Jaipur (Gramin),Jalsu,C_unique_gp_name_statewide,0,never,0
38240,0,1,ST,SCW,kanwarpura,AMBER,JAIPUR,Kanwarpura,Jaipur,Amber,A_exact_gp_district_samiti,1,once,0
38241,0,1,GEN,GENW,khannipura,AMBER,JAIPUR,Khannipura,Jaipur (Gramin),Jalsu,C_unique_gp_name_statewide,1,once,0
38242,1,0,SC W,GEN,khora meena,AMBER,JAIPUR,Khora Meena,Jaipur,Amber,A_exact_gp_district_samiti,1,once,0
38243,1,1,GEN W,GENW,khora shyamdas,AMBER,JAIPUR,Khora Shyamdas,Jaipur (Gramin),Rampura Dabri,C_unique_gp_name_statewide,2,twice,0
38245,0,1,OBC,GENW,kukas,AMBER,JAIPUR,Kukas,Jaipur,Amber,A_exact_gp_district_samiti,1,once,0
38246,0,1,GEN,GENW,labana,AMBER,JAIPUR,Labana,Jaipur,Amber,A_exact_gp_district_samiti,1,once,0
38247,0,1,GEN,GENW,lakher,AMBER,JAIPUR,Lakher,Jaipur,Amber,A_exact_gp_district_samiti,1,once,0
38250,1,1,OBC W,GENW,mundota,AMBER,JAIPUR,Mundota,Jaipur (Gramin),Jalsu,C_unique_gp_name_statewide,2,twice,0
38251,1,0,ST W,GEN,nangal purohitan,AMBER,JAIPUR,Nangalpurohitan,Jaipur (Gramin),Rampura Dabri,C_unique_gp_name_statewide,1,once,0
38253,0,0,GEN,OBC,nangal siras,AMBER,JAIPUR,Nangalsiras,Jaipur (Gramin),Rampura Dabri,C_unique_gp_name_statewide,0,never,0
38254,0,0,GEN,GEN,punana,AMBER,JAIPUR,Punana,Jaipur (Gramin),Jalsu,C_unique_gp_name_statewide,0,never,0
38259,0,0,GEN,SC,rundal,AMBER,JAIPUR,Rundal,Jaipur,Amber,A_exact_gp_district_samiti,0,never,0
38260,0,0,ST,OBC,sewapura,AMBER,JAIPUR,Sewapura,Jaipur (Gramin),Rampura Dabri,C_unique_gp_name_statewide,0,never,0
38261,0,0,OBC,ST,shyampura,AMBER,JAIPUR,Shyampura,Jaipur,Amber,A_exact_gp_district_samiti,0,never,0
38262,0,0,ST,OBC,sirohi,AMBER,JAIPUR,Sirohi,Jaipur,Amber,A_exact_gp_district_samiti,0,never,0
38263,0,1,GEN,STW,sirsali,AMBER,JAIPUR,Sirsali,Jaipur (Gramin),Jalsu,C_unique_gp_name_statewide,1,once,0
38265,1,1,SC W,GENW,badwa,ANTAH,BARAN,Badwa,Jaipur (Gramin),Bassi,C_unique_gp_name_statewide,2,twice,0
38266,0,0,ST,GEN,bainada,BASSI,JAIPUR,Bainada,Jaipur (Gramin),Bassi,C_unique_gp_name_statewide,0,never,0
38272,0,0,ST,GEN,danaukalan,BASSI,JAIPUR,Danau Kalan,Jaipur (Gramin),Toonga,C_unique_gp_name_statewide,0,never,0
38276,1,1,GEN W,STW,hansmahal,BASSI,JAIPUR,Hans Mahal,Jaipur (Gramin),Bassi,C_unique_gp_name_statewide,2,twice,0
38278,1,1,SC W,GENW,jeetawala,BASSI,JAIPUR,Jeetawala,Jaipur (Gramin),Bassi,C_unique_gp_name_statewide,2,twice,0
38281,1,1,ST W,GENW,kanota,BASSI,JAIPUR,Kanota,Jaipur (Gramin),Bassi,C_unique_gp_name_statewide,2,twice,0
38282,1,0,GEN W,GEN,karangarh,BASSI,JAIPUR,Karangarh,Jaipur (Gramin),Toonga,C_unique_gp_name_statewide,1,once,0
38286,1,1,GEN W,SCW,kuthada khurd,BASSI,JAIPUR,Kuthada Khurd,Jaipur (Gramin),Bassi,C_unique_gp_name_statewide,2,twice,0
38290,0,0,ST,OBC,mansar khedi,BASSI,JAIPUR,Mansar Khedi,Jaipur (Gramin),Bassi,C_unique_gp_name_statewide,0,never,0
38293,0,0,ST,GEN,palawala jatan,BASSI,JAIPUR,Palawala Jatan,Jaipur (Gramin),Bassi,C_unique_gp_name_statewide,0,never,0
38296,1,0,ST W,SC,rajpura patalwas,BASSI,JAIPUR,Rajpura Patalwas,Jaipur (Gramin),Toonga,C_unique_gp_name_statewide,1,once,0
38297,0,1,ST,GENW,ramratanpura,BASSI,JAIPUR,Ramratanpura,Jaipur (Gramin),Bassi,C_unique_gp_name_statewide,1,once,0
38299,0,1,GEN,STW,sambhariya,BASSI,JAIPUR,Sambhariya,Jaipur (Gramin),Bassi,C_unique_gp_name_statewide,1,once,0
38300,0,1,ST,GENW,tahtada,BASSI,JAIPUR,Tahtada,Jaipur (Gramin),Bassi,C_unique_gp_name_statewide,1,once,0
38301,1,0,ST W,SC,todabhata,BASSI,JAIPUR,Toda Bhata,Jaipur (Gramin),Bassi,C_unique_gp_name_statewide,1,once,0
38312,1,0,ST W,GEN,girdharilalpura,CHAKSU,JAIPUR,Girdharilal Pura,Jaipur (Gramin),Chaksu,C_unique_gp_name_statewide,1,once,0
38313,1,0,OBC W,GEN,harinarayanpura,CHAKSU,JAIPUR,Harinarayanpura,Jaipur (Gramin),Kotkhawda,C_unique_gp_name_statewide,1,once,0
38317,0,0,GEN,SC,kareda khurd,CHAKSU,JAIPUR,Kareda Khurd,Jaipur (Gramin),Chaksu,C_unique_gp_name_statewide,0,never,0
38321,0,0,GEN,ST,kothun,CHAKSU,JAIPUR,Kothun,Jaipur (Gramin),Chaksu,C_unique_gp_name_statewide,0,never,0
38324,0,1,ST,GENW,mahadevpura,CHAKSU,JAIPUR,Mahadevpura,Jaipur (Gramin),Kotkhawda,C_unique_gp_name_statewide,1,once,0
38325,1,1,ST W,GENW,nimodiya,CHAKSU,JAIPUR,Nimodiya,Jaipur (Gramin),Chaksu,C_unique_gp_name_statewide,2,twice,0
38328,1,1,ST W,GENW,rupahedi kalan,CHAKSU,JAIPUR,Rupahedi Kalan,Jaipur (Gramin),Kotkhawda,C_unique_gp_name_statewide,2,twice,0
38330,0,1,GEN,SCW,shivdaspura,CHAKSU,JAIPUR,Shivdaspura,Jaipur (Gramin),Chaksu,C_unique_gp_name_statewide,1,once,0
38331,0,1,ST,GENW,tamadiya,CHAKSU,JAIPUR,Tamadiya,Jaipur (Gramin),Chaksu,C_unique_gp_name_statewide,1,once,0
38338,0,0,GEN,GEN,aakoda,BARMER,BARMER,Aakoda,Jaipur (Gramin),Phulera (Hq.Sambhar),C_unique_gp_name_statewide,0,never,0
38341,1,0,SC W,OBC,bardoti,DUDU,JAIPUR,Bardoti,Jaipur (Gramin),Phulera (Hq.Sambhar),C_unique_gp_name_statewide,1,once,0
38350,0,0,GEN,GEN,dhandholi,DUDU,JAIPUR,Dhandholi,Dudu,Dudu,C_unique_gp_name_statewide,0,never,0
38351,1,1,GEN W,SCW,dhani boraj,DUDU,JAIPUR,Dhani Boraj,Jaipur (Gramin),Jobner,C_unique_gp_name_statewide,2,twice,0
38354,0,1,SC,OBCW,gadota,DUDU,JAIPUR,Gadota,Dudu,Mauzamabad,C_unique_gp_name_statewide,1,once,0
38357,1,1,ST,STW,gainji,BICHHIWARA,DUNGARPUR,Gainji,Dudu,Dudu,C_unique_gp_name_statewide,2,twice,0
38359,0,1,GEN,GENW,gidani,DUDU,JAIPUR,Gidani,Dudu,Mauzamabad,C_unique_gp_name_statewide,1,once,0
38363,1,1,GEN W,GENW,hirnoda,DUDU,JAIPUR,Hirnoda,Jaipur (Gramin),Phulera (Hq.Sambhar),C_unique_gp_name_statewide,2,twice,0
38365,1,0,GEN W,OBC,jhag,DUDU,JAIPUR,Jhag,Dudu,Mauzamabad,C_unique_gp_name_statewide,1,once,0
38366,0,1,GEN,STW,jharna,BASSI,JAIPUR,Jharna,Dudu,Mauzamabad,C_unique_gp_name_statewide,1,once,0
38369,0,0,OBC,GEN,korseena,DUDU,JAIPUR,Korseena,Jaipur (Gramin),Phulera (Hq.Sambhar),C_unique_gp_name_statewide,0,never,0
38371,0,0,GEN,SC,mamana,DUDU,JAIPUR,Mamana,Dudu,Dudu,C_unique_gp_name_statewide,0,never,0
38373,0,1,GEN,GENW,marwa,DUDU,JAIPUR,Marwa,Dudu,Dudu,C_unique_gp_name_statewide,1,once,0
38381,0,0,GEN,SC,rojadi,DUDU,JAIPUR,Rojadi,Jaipur (Gramin),Phulera (Hq.Sambhar),C_unique_gp_name_statewide,0,never,0
38384,0,1,SC,OBCW,sali,DUDU,JAIPUR,Sali,Dudu,Dudu,C_unique_gp_name_statewide,1,once,0
38385,1,0,OBC W,SC,sardulpura,DUDU,JAIPUR,Sardulpura,Jaipur (Gramin),Phulera (Hq.Sambhar),C_unique_gp_name_statewide,1,once,0
38386,1,1,GEN W,STW,sawarda,DUDU,JAIPUR,Sawarda,Dudu,Mauzamabad,C_unique_gp_name_statewide,2,twice,0
38390,0,0,OBC,GEN,sunadiya,DUDU,JAIPUR,Sunadiya,Dudu,Dudu,C_unique_gp_name_statewide,0,never,0
38391,0,0,OBC,GEN,sursinghpura,DUDU,JAIPUR,Sursingh Pura,Jaipur (Gramin),Phulera (Hq.Sambhar),C_unique_gp_name_statewide,0,never,0
38392,0,0,GEN,SC,ugariyawas,DUDU,JAIPUR,Ugariyawas,Dudu,Mauzamabad,C_unique_gp_name_statewide,0,never,0
38401,0,1,OBC,SCW,dhoblai,GOVINDGARH,JAIPUR,Dhoblai,Jaipur (Gramin),Chomu,C_unique_gp_name_statewide,1,once,0
38404,0,1,GEN,STW,ghinoi,GOVINDGARH,JAIPUR,Ghinoi,Jaipur (Gramin),Chomu,C_unique_gp_name_statewide,1,once,0
38406,1,0,ST W,GEN,gudliya,BANDIKUI,DAUSA,Gudliya,Jaipur (Gramin),Chomu,C_unique_gp_name_statewide,1,once,0
38410,1,1,GEN W,GENW,itawa bhopji,GOVINDGARH,JAIPUR,Itawa Bhopji,Jaipur (Gramin),Chomu,C_unique_gp_name_statewide,2,twice,0
38413,0,1,GEN,GENW,jatawali,GOVINDGARH,JAIPUR,Jatawali,Jaipur (Gramin),Chomu,C_unique_gp_name_statewide,1,once,0
38414,0,0,SC,GEN,kaladera,GOVINDGARH,JAIPUR,Kaladera,Jaipur (Gramin),Chomu,C_unique_gp_name_statewide,0,never,0
38415,0,1,GEN,SCW,khejroli,GOVINDGARH,JAIPUR,Khejroli,Jaipur (Gramin),Chomu,C_unique_gp_name_statewide,1,once,0
38421,1,0,SC W,OBC,mandabhinda,GOVINDGARH,JAIPUR,Manda Bhinda,Jaipur (Gramin),Chomu,C_unique_gp_name_statewide,1,once,0
38422,0,0,GEN,GEN,morija,GOVINDGARH,JAIPUR,Morija,Jaipur (Gramin),Chomu,C_unique_gp_name_statewide,0,never,0
38426,0,0,OBC,GEN,nangalkalan,GOVINDGARH,JAIPUR,Nangal- Kalan,Jaipur (Gramin),Chomu,C_unique_gp_name_statewide,0,never,0
38428,0,1,OBC,GENW,samod,GOVINDGARH,JAIPUR,Samod,Jaipur (Gramin),Chomu,C_unique_gp_name_statewide,1,once,0
38430,0,0,GEN,OBC,singod khurd,GOVINDGARH,JAIPUR,Singod Khurd,Jaipur (Gramin),Chomu,C_unique_gp_name_statewide,0,never,0
38444,1,0,GEN W,GEN,booj,JAMWA RAMGARH,JAIPUR,Booj,Jaipur (Gramin),Jamwaramgarh,C_unique_gp_name_statewide,1,once,0
38446,0,1,ST,OBCW,dangarwada,JAMWA RAMGARH,JAIPUR,Dangarwada,Jaipur (Gramin),Andhi,C_unique_gp_name_statewide,1,once,0
38450,1,0,GEN W,SC,gathwari,JAMWA RAMGARH,JAIPUR,Gathwari,Jaipur (Gramin),Jamwaramgarh,C_unique_gp_name_statewide,1,once,0
38452,1,1,GEN W,SCW,jaichandpura,JAMWA RAMGARH,JAIPUR,Jaichandpura,Jaipur (Gramin),Jamwaramgarh,C_unique_gp_name_statewide,2,twice,0
38456,0,1,SC,GENW,lalwas,JAMWA RAMGARH,JAIPUR,Lalwas,Jaipur (Gramin),Andhi,C_unique_gp_name_statewide,1,once,0
38457,0,0,OBC,ST,langadiyawas,JAMWA RAMGARH,JAIPUR,Langadiyawas,Jaipur (Gramin),Jamwaramgarh,C_unique_gp_name_statewide,0,never,0
38459,0,0,ST,GEN,manota,JAMWA RAMGARH,JAIPUR,Manota,Jaipur (Gramin),Jamwaramgarh,C_unique_gp_name_statewide,0,never,0
38461,0,0,GEN,ST,natata,JAMWA RAMGARH,JAIPUR,Natata,Jaipur (Gramin),Jamwaramgarh,C_unique_gp_name_statewide,0,never,0
38462,0,0,GEN,GEN,nayala,JAMWA RAMGARH,JAIPUR,Nayala,Jaipur (Gramin),Andhi,C_unique_gp_name_statewide,0,never,0
38467,1,0,GEN W,SC,rahori,JAMWA RAMGARH,JAIPUR,Rahori,Jaipur (Gramin),Jamwaramgarh,C_unique_gp_name_statewide,1,once,0
38475,0,1,GEN,STW,tala,JAMWA RAMGARH,JAIPUR,Tala,Jaipur (Gramin),Jamwaramgarh,C_unique_gp_name_statewide,1,once,0
38477,0,1,GEN,GENW,tholai,JAMWA RAMGARH,JAIPUR,Tholai,Jaipur (Gramin),Andhi,C_unique_gp_name_statewide,1,once,0
38478,0,0,GEN,ST,todameena,JAMWA RAMGARH,JAIPUR,Todameena,Jaipur (Gramin),Jamwaramgarh,C_unique_gp_name_statewide,0,never,0
38480,0,0,OBC,GEN,bhambhori,JHOTWARA,JAIPUR,Bhambhori,Jaipur,Kalwar,B_exact_gp_district,0,never,0
38483,1,0,GEN W,GEN,hathoj,JHOTWARA,JAIPUR,Hathoj,Jaipur,Kalwar,B_exact_gp_district,1,once,0
38484,0,0,GEN,OBC,kalwar,JHOTWARA,JAIPUR,Kalwar,Jaipur,Kalwar,B_exact_gp_district,0,never,0
38485,0,1,GEN,GENW,machawa,JHOTWARA,JAIPUR,Machawa,Jaipur,Kalwar,B_exact_gp_district,1,once,0
38486,0,1,SC,GENW,mundiyaramsar,JHOTWARA,JAIPUR,Mundiya Ramsar,Jaipur,Kalwar,B_exact_gp_district,1,once,0
38487,1,1,GEN W,GENW,nimeda,JHOTWARA,JAIPUR,Nimeda,Jaipur,Kalwar,B_exact_gp_district,2,twice,0
38489,0,0,SC,GEN,pachar,JHOTWARA,JAIPUR,Pachar,Jaipur,Kalwar,B_exact_gp_district,0,never,0
38493,1,0,GEN W,ST,sumel,JHOTWARA,JAIPUR,Sumel,Jaipur,Jaipur,B_exact_gp_district,1,once,0
38494,0,0,ST,OBC,vijaypura,JHOTWARA,JAIPUR,Vijaypura,Jaipur,Jaipur,B_exact_gp_district,0,never,0
38496,0,1,GEN,OBCW,banethi,KOTPUTLI,JAIPUR,Banethi,Kotputli-Behror,Kotputli,C_unique_gp_name_statewide,1,once,0
38499,0,1,GEN,GENW,bhonawas,KOTPUTLI,JAIPUR,Bhonawas,Kotputli-Behror,Paota,C_unique_gp_name_statewide,1,once,0
38504,1,0,GEN W,SC,dantil,KOTPUTLI,JAIPUR,Dantil,Kotputli-Behror,Paota,C_unique_gp_name_statewide,1,once,0
38512,0,1,SC,OBCW,kalyanpura kalan,KOTPUTLI,JAIPUR,Kalyanpura Kalan,Kotputli-Behror,Kotputli,C_unique_gp_name_statewide,1,once,0
38518,0,1,GEN,OBCW,khadab,KOTPUTLI,JAIPUR,Khadab,Kotputli-Behror,Kotputli,C_unique_gp_name_statewide,1,once,0
38527,0,0,GEN,OBC,raikaranpura,KOTPUTLI,JAIPUR,Raikaranpura,Kotputli-Behror,Kotputli,C_unique_gp_name_statewide,0,never,0
38528,0,1,OBC,GENW,rajnota,KOTPUTLI,JAIPUR,Rajnota,Kotputli-Behror,Paota,C_unique_gp_name_statewide,1,once,0
38535,1,1,OBC W,GENW,taskola,KOTPUTLI,JAIPUR,Taskola,Kotputli-Behror,Paota,C_unique_gp_name_statewide,2,twice,0
38540,1,1,OBC W,SCW,chittora,PHAGI,JAIPUR,Chittora,Jaipur (Gramin),Madhorajpura,C_unique_gp_name_statewide,2,twice,0
38541,0,0,SC,GEN,chouru,UNIARA,TONK,Chouru,Dudu,Phagi,C_unique_gp_name_statewide,0,never,0
38542,1,1,SC W,OBCW,dabich,PHAGI,JAIPUR,Dabich,Jaipur (Gramin),Madhorajpura,C_unique_gp_name_statewide,2,twice,0
38545,1,0,GEN W,GEN,gohandi,PHAGI,JAIPUR,Gohandi,Jaipur (Gramin),Madhorajpura,C_unique_gp_name_statewide,1,once,0
38548,0,0,GEN,SC,kansel,PHAGI,JAIPUR,Kansel,Dudu,Phagi,C_unique_gp_name_statewide,0,never,0
38550,0,0,SC,GEN,ladana,PHAGI,JAIPUR,Ladana,Dudu,Phagi,C_unique_gp_name_statewide,0,never,0
38555,0,0,GEN,GEN,mandi,PHAGI,JAIPUR,Mandi,Dudu,Phagi,C_unique_gp_name_statewide,0,never,0
38557,0,0,OBC,GEN,mohabbatpura,PHAGI,JAIPUR,Mohabbatpura,Jaipur (Gramin),Madhorajpura,C_unique_gp_name_statewide,0,never,0
38562,1,1,SC W,GENW,parwan,PHAGI,JAIPUR,Parwan,Dudu,Phagi,C_unique_gp_name_statewide,2,twice,0
38567,0,1,OBC,GENW,sawai jaisinghpura,PHAGI,JAIPUR,Sawai Jai Singh Pura,Dudu,Phagi,C_unique_gp_name_statewide,1,once,0
38575,0,1,GEN,GENW,bhaislana,KOTPUTLI,JAIPUR,Bhaislana,Jaipur (Gramin),Kishangarh Renwal,C_unique_gp_name_statewide,1,once,0
38612,1,0,GEN W,ST,ajairajpura,SANGANER,JAIPUR,Ajairajpura,Jaipur,Sanganer,A_exact_gp_district_samiti,1,once,0
38614,0,1,GEN,SCW,bhambhoriya,SANGANER,JAIPUR,Bhambhoriya,Jaipur,Sanganer,A_exact_gp_district_samiti,1,once,0
38615,0,1,GEN,GENW,bhapura,SANGANER,JAIPUR,Bhapura,Jaipur,Sanganer,A_exact_gp_district_samiti,1,once,0
38616,1,1,OBC W,GENW,beelwa,SANGANER,JAIPUR,Beelwa,Jaipur,Sanganer,A_exact_gp_district_samiti,2,twice,0
38617,1,0,ST W,SC,dadiya,SANGANER,JAIPUR,Dadiya,Jaipur,Sanganer,A_exact_gp_district_samiti,1,once,0
38621,0,1,GEN,STW,goner,SANGANER,JAIPUR,Goner,Jaipur,Sanganer,A_exact_gp_district_samiti,1,once,0
38622,0,0,GEN,GEN,jaisinghpura,KOTPUTLI,JAIPUR,Jaisinghpura,Jaipur,Sanganer,B_exact_gp_district,0,never,0
38625,1,0,OBC W,GEN,lakhana,SANGANER,JAIPUR,Lakhana,Jaipur,Sanganer,A_exact_gp_district_samiti,1,once,0
38626,0,1,ST,GENW,mahapura,SANGANER,JAIPUR,Mahapura,Jaipur,Sanganer,A_exact_gp_district_samiti,1,once,0
38628,0,0,OBC,GEN,muhana,SANGANER,JAIPUR,Muhana,Jaipur,Sanganer,A_exact_gp_district_samiti,0,never,0
38634,0,1,GEN,OBCW,rampura unti,SANGANER,JAIPUR,Rampura Unti,Jaipur,Sanganer,A_exact_gp_district_samiti,1,once,0
38635,0,0,ST,OBC,vidhani,SANGANER,JAIPUR,Vidhani,Jaipur,Sanganer,A_exact_gp_district_samiti,0,never,0
38639,0,0,SC,OBC,bidara,SHAHPURA,JAIPUR,Bidara,Jaipur (Gramin),Shahpura,C_unique_gp_name_statewide,0,never,0
38642,0,1,GEN,SCW,chharsa,SHAHPURA,JAIPUR,Chharsa,Jaipur (Gramin),Shahpura,C_unique_gp_name_statewide,1,once,0
38645,0,1,GEN,GENW,dhanota,SHAHPURA,JAIPUR,Dhanota,Jaipur (Gramin),Shahpura,C_unique_gp_name_statewide,1,once,0
38647,1,0,GEN W,SC,ghasipura,SHAHPURA,JAIPUR,Ghasipura,Jaipur (Gramin),Shahpura,C_unique_gp_name_statewide,1,once,0
38649,1,1,GEN W,GENW,hanutpura,SHAHPURA,JAIPUR,Hanut Pura,Jaipur (Gramin),Shahpura,C_unique_gp_name_statewide,2,twice,0
38651,0,1,GEN,SCW,jagatpura,SHAHPURA,JAIPUR,Jagatpura,Jaipur (Gramin),Shahpura,C_unique_gp_name_statewide,1,once,0
38657,1,1,OBC W,GENW,maharkhurd,SHAHPURA,JAIPUR,Mahar Khurd,Jaipur (Gramin),Shahpura,C_unique_gp_name_statewide,2,twice,0
38660,0,0,GEN,SC,nathawala,SHAHPURA,JAIPUR,Nathawala,Jaipur (Gramin),Shahpura,C_unique_gp_name_statewide,0,never,0
38667,0,0,OBC,GEN,amloda,VIRATNAGAR,JAIPUR,Amloda,Kotputli-Behror,Viratnagar,C_unique_gp_name_statewide,0,never,0
38676,0,0,GEN,SC,bhamod,VIRATNAGAR,JAIPUR,Bhamod,Kotputli-Behror,Viratnagar,C_unique_gp_name_statewide,0,never,0
38680,1,1,GEN W,OBCW,dhani gaiskan,VIRATNAGAR,JAIPUR,Dhani Gaiskan,Kotputli-Behror,Viratnagar,C_unique_gp_name_statewide,2,twice,0
38684,0,0,SC,GEN,jawanpura,VIRATNAGAR,JAIPUR,Jawan Pura,Kotputli-Behror,Viratnagar,C_unique_gp_name_statewide,0,never,0
38686,0,0,OBC,GEN,jodhula,VIRATNAGAR,JAIPUR,Jodhula,Kotputli-Behror,Viratnagar,C_unique_gp_name_statewide,0,never,0
38689,1,0,GEN W,SC,kuhada,VIRATNAGAR,JAIPUR,Kuhada,Kotputli-Behror,Viratnagar,C_unique_gp_name_statewide,1,once,0
38690,1,0,GEN W,GEN,luhakanakalan,VIRATNAGAR,JAIPUR,Luhakana Kalan,Kotputli-Behror,Viratnagar,C_unique_gp_name_statewide,1,once,0
38691,0,0,GEN,GEN,mandha,VIRATNAGAR,JAIPUR,Mandha,Kotputli-Behror,Paota,C_unique_gp_name_statewide,0,never,0
38692,1,1,GEN W,OBCW,med,VIRATNAGAR,JAIPUR,Med,Kotputli-Behror,Viratnagar,C_unique_gp_name_statewide,2,twice,0
38698,0,0,GEN,GEN,purawala,VIRATNAGAR,JAIPUR,Pura Wala,Kotputli-Behror,Viratnagar,C_unique_gp_name_statewide,0,never,0
38700,0,0,GEN,OBC,sothana,VIRATNAGAR,JAIPUR,Sothana,Kotputli-Behror,Viratnagar,C_unique_gp_name_statewide,0,never,0
38704,0,1,GEN,GENW,ajasar,JAISALMER,JAISALMER,Ajasar,Jaisalmer,Pokaran,B_exact_gp_district,1,once,0
38705,0,0,GEN,OBC,amarsagar,JAISALMER,JAISALMER,Amar Sagar,Jaisalmer,Jaisalmer,A_exact_gp_district_samiti,0,never,0
38706,0,1,GEN,GENW,askandra,JAISALMER,JAISALMER,Askandra,Jaisalmer,Pokaran,B_exact_gp_district,1,once,0
38708,0,1,GEN,GENW,badoda gaon,JAISALMER,JAISALMER,Badoda Gaon,Jaisalmer,Jaisalmer,A_exact_gp_district_samiti,1,once,0
38715,1,0,GEN W,SC,boha,JAISALMER,JAISALMER,Boha,Jaisalmer,Jaisalmer,A_exact_gp_district_samiti,1,once,0
38719,0,0,SC,GEN,dabla,JAISALMER,JAISALMER,Dabla,Jaisalmer,Jaisalmer,A_exact_gp_district_samiti,0,never,0
38721,0,0,SC,GEN,dhaysar,JAISALMER,JAISALMER,Dhaysar,Jaisalmer,Jaisalmer,A_exact_gp_district_samiti,0,never,0
38729,0,0,GEN,GEN,madasar,JAISALMER,JAISALMER,Madasar,Jaisalmer,Pokaran,B_exact_gp_district,0,never,0
38730,1,0,OBC W,GEN,mohangarh,JAISALMER,JAISALMER,Mohangarh,Jaisalmer,Jaisalmer,A_exact_gp_district_samiti,1,once,0
38731,0,1,OBC,GENW,mokla,JAISALMER,JAISALMER,Mokla,Jaisalmer,Jaisalmer,A_exact_gp_district_samiti,1,once,0
38732,1,1,GEN W,GENW,nachna,JAISALMER,JAISALMER,Nachna,Jaisalmer,Pokaran,B_exact_gp_district,2,twice,0
38734,0,1,SC,OBCW,nokh,JAISALMER,JAISALMER,Nokh,Jaisalmer,Pokaran,B_exact_gp_district,1,once,0
38739,1,1,OBC W,SCW,satyaya,JAISALMER,JAISALMER,Satyaya,Jaisalmer,Pokaran,B_exact_gp_district,2,twice,0
38744,0,1,GEN,GENW,adbala,SAM,JAISALMER,Adbala,Jaisalmer,Fatehgarh,B_exact_gp_district,1,once,0
38745,0,0,OBC,SC,baiya,SAM,JAISALMER,Baiya,Jaisalmer,Fatehgarh,B_exact_gp_district,0,never,0
38746,0,0,SC,OBC,bandha,SAM,JAISALMER,Bandha,Jaisalmer,Ramgarh,B_exact_gp_district,0,never,0
38748,0,0,OBC,OBC,bida,SAM,JAISALMER,Bida,Jaisalmer,Sam,A_exact_gp_district_samiti,0,never,0
38749,1,0,OBC W,GEN,chelak,SAM,JAISALMER,Chelak,Jaisalmer,Fatehgarh,B_exact_gp_district,1,once,0
38752,0,0,GEN,SC,dangri,SAM,JAISALMER,Dangri,Jaisalmer,Fatehgarh,B_exact_gp_district,0,never,0
38753,0,1,GEN,GENW,dav,SAM,JAISALMER,Dav,Jaisalmer,Sam,A_exact_gp_district_samiti,1,once,0
38755,1,0,ST W,SC,devikot,SAM,JAISALMER,Devikot,Jaisalmer,Fatehgarh,B_exact_gp_district,1,once,0
38757,1,0,GEN W,GEN,dhanana,SAM,JAISALMER,Dhanana,Jaisalmer,Sam,A_exact_gp_district_samiti,1,once,0
38758,1,1,GEN W,GENW,fatehgarh,SAM,JAISALMER,Fatehgarh,Jaisalmer,Fatehgarh,B_exact_gp_district,2,twice,0
38760,0,1,GEN,GENW,harnau,SAM,JAISALMER,Harnau,Jaisalmer,Sam,A_exact_gp_district_samiti,1,once,0
38762,0,1,GEN,GENW,kanoi,SAM,JAISALMER,Kanoi,Jaisalmer,Sam,A_exact_gp_district_samiti,1,once,0
38763,0,1,OBC,STW,kapuriya,SAM,JAISALMER,Kapuriya,Jaisalmer,Fatehgarh,B_exact_gp_district,1,once,0
38767,0,1,GEN,GENW,kunda,SAM,JAISALMER,Kunda,Jaisalmer,Fatehgarh,B_exact_gp_district,1,once,0
38768,1,1,GEN W,SCW,lakha,SAM,JAISALMER,Lakha,Jaisalmer,Fatehgarh,B_exact_gp_district,2,twice,0
38770,0,0,OBC,GEN,mandai,SAM,JAISALMER,Mandai,Jaisalmer,Fatehgarh,B_exact_gp_district,0,never,0
38772,1,0,GEN W,OBC,modha,SAM,JAISALMER,Modha,Jaisalmer,Fatehgarh,B_exact_gp_district,1,once,0
38777,0,1,GEN,GENW,raimala,SAM,JAISALMER,Raimala,Jaisalmer,Ramgarh,B_exact_gp_district,1,once,0
38779,0,1,SC,OBCW,ramgarh,SAM,JAISALMER,Ramgarh,Jaisalmer,Ramgarh,B_exact_gp_district,1,once,0
38782,0,0,GEN,OBC,sam,SAM,JAISALMER,Sam,Jaisalmer,Sam,A_exact_gp_district_samiti,0,never,0
38784,0,0,GEN,GEN,satto,SAM,JAISALMER,Satto,Jaisalmer,Fatehgarh,B_exact_gp_district,0,never,0
38785,0,0,OBC,GEN,shahgarh,SAM,JAISALMER,Shahgarh,Jaisalmer,Sam,A_exact_gp_district_samiti,0,never,0
38790,0,0,GEN,GEN,tejmalta,SAM,JAISALMER,Tejmalta,Jaisalmer,Fatehgarh,B_exact_gp_district,0,never,0
38795,0,0,ST,GEN,barath ka gaon,SANKRA,JAISALMER,Barath Ka Gaon,Jaisalmer,Bhaniyana,B_exact_gp_district,0,never,0
38796,1,1,GEN W,GENW,bhaniyana,SANKRA,JAISALMER,Bhaniyana,Jaisalmer,Bhaniyana,B_exact_gp_district,2,twice,0
38800,0,0,GEN,GEN,chhayan,SANKRA,JAISALMER,Chhayan,Jaisalmer,Pokaran,B_exact_gp_district,0,never,0
38802,0,0,GEN,SC,dantal,SANKRA,JAISALMER,Dantal,Jaisalmer,Bhaniyana,B_exact_gp_district,0,never,0
38803,1,0,OBC W,GEN,didaniya,SANKRA,JAISALMER,Didaniya,Jaisalmer,Pokaran,B_exact_gp_district,1,once,0
38804,0,0,GEN,OBC,gomat,SANKRA,JAISALMER,Gomat,Jaisalmer,Pokaran,B_exact_gp_district,0,never,0
38808,0,1,GEN,SCW,jhalariya,SANKRA,JAISALMER,Jhalariya,Jaisalmer,Bhaniyana,B_exact_gp_district,1,once,0
38810,0,1,GEN,OBCW,khetolai,SANKRA,JAISALMER,Khetolai,Jaisalmer,Pokaran,B_exact_gp_district,1,once,0
38811,0,1,GEN,STW,lathi,SANKRA,JAISALMER,Lathi,Jaisalmer,Pokaran,B_exact_gp_district,1,once,0
38812,0,0,ST,GEN,lawan,DAUSA,DAUSA,Lawan,Jaisalmer,Pokaran,C_unique_gp_name_statewide,0,never,0
38813,0,1,SC,GENW,loharki,SANKRA,JAISALMER,Loharki,Jaisalmer,Pokaran,B_exact_gp_district,1,once,0
38819,0,1,OBC,GENW,ola,SANKRA,JAISALMER,Ola,Jaisalmer,Pokaran,B_exact_gp_district,1,once,0
38820,1,1,GEN W,GENW,padampura,SANKRA,JAISALMER,Padampura,Jaisalmer,Phalsoond,B_exact_gp_district,2,twice,0
38823,0,1,GEN,GENW,rajgarh,SANKRA,JAISALMER,Rajgarh,Jaisalmer,Pokaran,B_exact_gp_district,1,once,0
38827,0,1,SC,OBCW,sada,SANKRA,JAISALMER,Sada,Jaisalmer,Pokaran,B_exact_gp_district,1,once,0
38829,0,1,OBC,GENW,sardarsingh ki dhani,SANKRA,JAISALMER,Sardar Singh Ki Dhani,Jaisalmer,Bhaniyana,B_exact_gp_district,1,once,0
38836,0,1,GEN,OBCW,bala,AHORE,JALORE,Bala,Jalore,Bhadrajun,B_exact_gp_district,1,once,0
38837,1,1,ST W,SCW,bankli,AHORE,JALORE,Bankli,Jalore,Bhadrajun,B_exact_gp_district,2,twice,0
38839,0,0,GEN,SC,bhadrajun,AHORE,JALORE,Bhadrajun,Jalore,Bhadrajun,B_exact_gp_district,0,never,0
38843,0,1,SC,GENW,bhorda,AHORE,JALORE,Bhorda,Jalore,Bhadrajun,B_exact_gp_district,1,once,0
38844,0,1,ST,SCW,bithuda,AHORE,JALORE,Bithuda,Jalore,Ahore,A_exact_gp_district_samiti,1,once,0
38845,0,1,GEN,GENW,chandrai,AHORE,JALORE,Chandrai,Jalore,Ahore,A_exact_gp_district_samiti,1,once,0
38848,1,0,GEN W,SC,chunda,AHORE,JALORE,Chunda,Jalore,Bhadrajun,B_exact_gp_district,1,once,0
38849,1,1,OBC W,GENW,dayalpura,AHORE,JALORE,Dayalpura,Jalore,Ahore,A_exact_gp_district_samiti,2,twice,0
38850,0,1,GEN,GENW,dodiyali,AHORE,JALORE,Dodiyali,Jalore,Ahore,A_exact_gp_district_samiti,1,once,0
38852,0,0,OBC,GEN,guda balotan,AHORE,JALORE,Guda Balotan,Jalore,Ahore,A_exact_gp_district_samiti,0,never,0
38853,1,0,OBC W,ST,harji,AHORE,JALORE,Harji,Jalore,Ahore,A_exact_gp_district_samiti,1,once,0
38854,0,1,GEN,GENW,kamba,AHORE,JALORE,Kamba,Jalore,Ahore,A_exact_gp_district_samiti,1,once,0
38857,0,0,SC,GEN,nimbla,AHORE,JALORE,Nimbla,Jalore,Bhadrajun,B_exact_gp_district,0,never,0
38861,1,1,GEN W,GENW,panchota,AHORE,JALORE,Panchota,Jalore,Bhadrajun,B_exact_gp_district,2,twice,0
38863,0,1,OBC,STW,raithal,AHORE,JALORE,Raithal,Jalore,Ahore,A_exact_gp_district_samiti,1,once,0
38864,0,0,GEN,GEN,rama,AHORE,JALORE,Rama,Jalore,Bhadrajun,B_exact_gp_district,0,never,0
38868,1,1,GEN W,GENW,sugaliya jodha,AHORE,JALORE,Sugaliya Jodha,Jalore,Bhadrajun,B_exact_gp_district,2,twice,0
38870,1,1,SC W,GENW,ummedpur,AHORE,JALORE,Ummedpur,Jalore,Ahore,A_exact_gp_district_samiti,2,twice,0
38872,0,0,ST,OBC,vediya,AHORE,JALORE,Vediya,Jalore,Ahore,A_exact_gp_district_samiti,0,never,0
38873,1,1,GEN W,OBCW,bagoda,BHINMAL,JALORE,Bagoda,Sanchore,Bagora,C_unique_gp_name_statewide,2,twice,0
38881,0,0,GEN,GEN,daspa,BHINMAL,JALORE,Daspa,Jalore,Bhinmal,A_exact_gp_district_samiti,0,never,0
38887,1,1,GEN W,GENW,junjani,BHINMAL,JALORE,Junjani,Jalore,Bhinmal,A_exact_gp_district_samiti,2,twice,0
38888,0,0,ST,GEN,kaleti,BHINMAL,JALORE,Kaleti,Sanchore,Bagora,C_unique_gp_name_statewide,0,never,0
38890,0,0,GEN,OBC,khokha,BHINMAL,JALORE,Khokha,Sanchore,Bagora,C_unique_gp_name_statewide,0,never,0
38893,0,1,GEN,STW,kotkasta,BHINMAL,JALORE,Kot Kasta,Jalore,Bhinmal,A_exact_gp_district_samiti,1,once,0
38901,0,0,GEN,OBC,punasa,BHINMAL,JALORE,Punasa,Jalore,Bhinmal,A_exact_gp_district_samiti,0,never,0
38902,0,1,GEN,GENW,rah,BHINMAL,JALORE,Rah,Sanchore,Bagora,C_unique_gp_name_statewide,1,once,0
38903,0,1,GEN,GENW,rangala,BHINMAL,JALORE,Rangala,Sanchore,Bagora,C_unique_gp_name_statewide,1,once,0
38906,0,1,GEN,OBCW,thobau,BHINMAL,JALORE,Thobau,Jalore,Bhinmal,A_exact_gp_district_samiti,1,once,0
38907,1,0,GEN W,SC,vadabhadvi,BHINMAL,JALORE,Vada Bhadvi,Sanchore,Bagora,C_unique_gp_name_statewide,1,once,0
38910,1,0,GEN W,SC,bagra,JALORE,JALORE,Bagra,Jalore,Jalore,A_exact_gp_district_samiti,1,once,0
38912,0,0,ST,GEN,bhagli sindhlan,JALORE,JALORE,Bhagli Sindhlan,Jalore,Jalore,A_exact_gp_district_samiti,0,never,0
38913,0,1,GEN,GENW,bibalsar,JALORE,JALORE,Bibalsar,Jalore,Jalore,A_exact_gp_district_samiti,1,once,0
38915,0,1,OBC,GENW,chura,JALORE,JALORE,Chura,Jalore,Jalore,A_exact_gp_district_samiti,1,once,0
38921,0,0,GEN,SC,godan,JALORE,JALORE,Godan,Jalore,Ahore,B_exact_gp_district,0,never,0
38922,1,0,GEN W,OBC,leta,JALORE,JALORE,Leta,Jalore,Jalore,A_exact_gp_district_samiti,1,once,0
38923,0,1,GEN,OBCW,madgaon,JALORE,JALORE,Madgaon,Jalore,Jalore,A_exact_gp_district_samiti,1,once,0
38926,0,1,OBC,SCW,noon,JALORE,JALORE,Noon,Jalore,Jalore,A_exact_gp_district_samiti,1,once,0
38928,0,0,GEN,GEN,revat,JALORE,JALORE,Revat,Jalore,Jalore,A_exact_gp_district_samiti,0,never,0
38930,0,1,GEN,GENW,samuja,JALORE,JALORE,Samuja,Jalore,Ahore,B_exact_gp_district,1,once,0
38932,1,1,GEN W,SCW,santhu,JALORE,JALORE,Santhu,Jalore,Jalore,A_exact_gp_district_samiti,2,twice,0
38934,0,1,OBC,GENW,siyana,JALORE,JALORE,Siyana,Jalore,Jalore,A_exact_gp_district_samiti,1,once,0
38937,0,0,ST,SC,bharudi,JASWANTPURA,JALORE,Bharudi,Jalore,Jaswantpura,A_exact_gp_district_samiti,0,never,0
38938,0,1,SC,GENW,bugaon,JASWANTPURA,JALORE,Bugaon,Jalore,Jaswantpura,A_exact_gp_district_samiti,1,once,0
38940,0,0,GEN,OBC,dantlawas,JASWANTPURA,JALORE,Dantlawas,Jalore,Jaswantpura,A_exact_gp_district_samiti,0,never,0
38941,1,1,GEN W,OBCW,dhansa,JASWANTPURA,JALORE,Dhansa,Jalore,Jaswantpura,A_exact_gp_district_samiti,2,twice,0
38945,1,0,SC W,ST,jaswantpura,JASWANTPURA,JALORE,Jaswantpura,Jalore,Jaswantpura,A_exact_gp_district_samiti,1,once,0
38947,0,1,GEN,SCW,kalapura,JASWANTPURA,JALORE,Kalapura,Jalore,Jaswantpura,A_exact_gp_district_samiti,1,once,0
38949,0,1,GEN,OBCW,mandoli,JASWANTPURA,JALORE,Mandoli,Jalore,Jaswantpura,A_exact_gp_district_samiti,1,once,0
38952,1,1,ST W,GENW,panseri,JASWANTPURA,JALORE,Panseri,Jalore,Jaswantpura,A_exact_gp_district_samiti,2,twice,0
38958,0,0,OBC,GEN,savidar,JASWANTPURA,JALORE,Savidar,Jalore,Jaswantpura,A_exact_gp_district_samiti,0,never,0
38961,0,0,OBC,GEN,somta,JASWANTPURA,JALORE,Somta,Jalore,Jaswantpura,A_exact_gp_district_samiti,0,never,0
38962,1,0,OBC W,GEN,tatol,JASWANTPURA,JALORE,Tatol,Jalore,Jaswantpura,A_exact_gp_district_samiti,1,once,0
38969,0,1,GEN,SCW,chitrodi,RANIWARA,JALORE,Chitrodi,Sanchore,Raniwara,C_unique_gp_name_statewide,1,once,0
38970,0,0,GEN,OBC,daipur,RANIWARA,JALORE,Daipur,Sanchore,Raniwara,C_unique_gp_name_statewide,0,never,0
38973,1,0,GEN W,OBC,dhanol,RANIWARA,JALORE,Dhanol,Sanchore,Raniwara,C_unique_gp_name_statewide,1,once,0
38975,0,0,OBC,SC,gang,RANIWARA,JALORE,Gang,Sanchore,Raniwara,C_unique_gp_name_statewide,0,never,0
38979,0,0,OBC,ST,kagmala,RANIWARA,JALORE,Kagmala,Sanchore,Raniwara,C_unique_gp_name_statewide,0,never,0
38990,1,0,OBC W,SC,ropsi,RANIWARA,JALORE,Ropsi,Sanchore,Raniwara,C_unique_gp_name_statewide,1,once,0
38992,1,1,SC W,GENW,silasan,RANIWARA,JALORE,Silasan,Sanchore,Raniwara,C_unique_gp_name_statewide,2,twice,0
38994,0,0,SC,OBC,vandhar,RANIWARA,JALORE,Vandhar,Sanchore,Raniwara,C_unique_gp_name_statewide,0,never,0
38998,0,1,ST,GENW,bijrol kheda,SANCHORE,JALORE,Bijrol Kheda,Sanchore,Sanchore,C_unique_gp_name_statewide,1,once,0
39008,0,0,OBC,GEN,golasan,SANCHORE,JALORE,Golasan,Sanchore,Sanchore,C_unique_gp_name_statewide,0,never,0
39009,1,0,GEN W,GEN,gundau,SANCHORE,JALORE,Gundau,Sanchore,Sanchore,C_unique_gp_name_statewide,1,once,0
39011,0,0,SC,OBC,hariyali,SANCHORE,JALORE,Hariyali,Sanchore,Sanchore,C_unique_gp_name_statewide,0,never,0
39012,0,0,OBC,GEN,jakhal,SANCHORE,JALORE,Jakhal,Sanchore,Sanchore,C_unique_gp_name_statewide,0,never,0
39013,0,0,OBC,GEN,karola,SANCHORE,JALORE,Karola,Sanchore,Sanchore,C_unique_gp_name_statewide,0,never,0
39017,0,0,GEN,SC,nainol,SANCHORE,JALORE,Nainol,Sanchore,Sanchore,C_unique_gp_name_statewide,0,never,0
39020,0,1,GEN,OBCW,panchala,PHAGI,JAIPUR,Panchala,Sanchore,Sanchore,C_unique_gp_name_statewide,1,once,0
39030,1,0,OBC W,GEN,alasan,SAYLA,JALORE,Alasan,Jalore,Jalore,B_exact_gp_district,1,once,0
39032,1,0,GEN W,ST,bairath,SAYLA,JALORE,Bairath,Jalore,Jalore,B_exact_gp_district,1,once,0
39033,1,0,SC W,GEN,bakara,JHUNJHUNU,JHUNJHUNU,Bakara,Jalore,Jalore,C_unique_gp_name_statewide,1,once,0
39036,0,0,SC,GEN,bishangarh,SAYLA,JALORE,Bishangarh,Jalore,Jalore,B_exact_gp_district,0,never,0
39038,0,1,OBC,SCW,dadal,SAYLA,JALORE,Dadal,Jalore,Sayla,A_exact_gp_district_samiti,1,once,0
39045,0,0,GEN,SC,komta,SAYLA,JALORE,Komta,Jalore,Sayla,A_exact_gp_district_samiti,0,never,0
39054,0,1,SC,SCW,sangana,SAYLA,JALORE,Sangana,Jalore,Sayla,A_exact_gp_district_samiti,1,once,0
39057,0,0,GEN,SC,surana,SAYLA,JALORE,Surana,Jalore,Sayla,A_exact_gp_district_samiti,0,never,0
39058,1,0,GEN W,GEN,taliyana,SAYLA,JALORE,Taliyana,Jalore,Sayla,A_exact_gp_district_samiti,1,once,0
39062,0,0,OBC,GEN,tura,SAYLA,JALORE,Tura,Jalore,Sayla,A_exact_gp_district_samiti,0,never,0
39063,1,0,GEN W,GEN,ummedabad,SAYLA,JALORE,Ummedabad,Jalore,Jalore,B_exact_gp_district,1,once,0
39068,1,1,SC W,OBCW,asalpur,BAKANI,JHALAWAR,Asal Pur,Jhalawar,Aklera,B_exact_gp_district,2,twice,0
39070,0,0,GEN,GEN,bakani,BAKANI,JHALAWAR,Bakani,Jhalawar,Bakani,A_exact_gp_district_samiti,0,never,0
39075,0,0,OBC,ST,bhalta,BAKANI,JHALAWAR,Bhalta,Jhalawar,Aklera,B_exact_gp_district,0,never,0
39077,0,0,GEN,SC,borband,BAKANI,JHALAWAR,Borband,Jhalawar,Aklera,B_exact_gp_district,0,never,0
39084,0,0,GEN,SC,ghatoli,BAKANI,JHALAWAR,Ghatoli,Jhalawar,Aklera,B_exact_gp_district,0,never,0
39085,1,0,OBC W,GEN,gopalpura,BAKANI,JHALAWAR,Gopalpura,Jhalawar,Aklera,B_exact_gp_district,1,once,0
39091,0,1,GEN,GENW,kheriya,BAKANI,JHALAWAR,Kheriya,Jhalawar,Bakani,A_exact_gp_district_samiti,1,once,0
39097,1,1,GEN W,GENW,nasirabad,BAKANI,JHALAWAR,Nasirabad,Jhalawar,Bakani,A_exact_gp_district_samiti,2,twice,0
39098,0,1,OBC,GENW,pachola,BAKANI,JHALAWAR,Pachola,Jhalawar,Aklera,B_exact_gp_district,1,once,0
39100,0,0,GEN,GEN,ratlai,BAKANI,JHALAWAR,Ratlai,Jhalawar,Bakani,A_exact_gp_district_samiti,0,never,0
39115,1,1,GEN W,GENW,dudhaliya,DAG,JHALAWAR,Dudha Liya,Jhalawar,Dag,A_exact_gp_district_samiti,2,twice,0
39116,0,1,SC,GENW,dag,DAG,JHALAWAR,Dag,Jhalawar,Dag,A_exact_gp_district_samiti,1,once,0
39117,0,1,GEN,SCW,gangdhar,DAG,JHALAWAR,Gangdhar,Jhalawar,Gangdhar,B_exact_gp_district,1,once,0
39118,0,1,GEN,GENW,guradiya jhala,DAG,JHALAWAR,Guradiya Jhala,Jhalawar,Gangdhar,B_exact_gp_district,1,once,0
39119,0,0,SC,GEN,guradiya kalan,DAG,JHALAWAR,Guradiya Kalan,Jhalawar,Pachpahar,B_exact_gp_district,0,never,0
39121,1,1,GEN W,OBCW,jagdishpura,DAG,JHALAWAR,Jagdishpura,Jhalawar,Dag,A_exact_gp_district_samiti,2,twice,0
39130,1,0,OBC W,GEN,kyasra,DAG,JHALAWAR,Kyasra,Jhalawar,Dag,A_exact_gp_district_samiti,1,once,0
39131,0,1,OBC,GENW,luhariya,DAG,JHALAWAR,Luhariya,Jhalawar,Dag,A_exact_gp_district_samiti,1,once,0
39132,1,0,GEN W,GEN,mandirpur,DAG,JHALAWAR,Mandirpur,Jhalawar,Dag,A_exact_gp_district_samiti,1,once,0
39133,0,1,OBC,GENW,pagariya,DAG,JHALAWAR,Pagariya,Jhalawar,Pachpahar,B_exact_gp_district,1,once,0
39137,0,0,GEN,OBC,rampura,DAG,JHALAWAR,Rampura,Jhalawar,Gangdhar,B_exact_gp_district,0,never,0
39140,1,0,SC W,GEN,rojhana,DAG,JHALAWAR,Rojhana,Jhalawar,Gangdhar,B_exact_gp_district,1,once,0
39143,1,0,OBC W,GEN,sunari,DAG,JHALAWAR,Sunari,Jhalawar,Gangdhar,B_exact_gp_district,1,once,0
39146,1,1,GEN W,OBCW,tisai,DAG,JHALAWAR,Tisai,Jhalawar,Dag,A_exact_gp_district_samiti,2,twice,0
39153,1,0,GEN W,GEN,bhaisani,JHALRAPATAN,JHALAWAR,Bhaisani,Jhalawar,Pachpahar,B_exact_gp_district,1,once,0
39155,0,0,ST,OBC,borda,JHALRAPATAN,JHALAWAR,Borda,Jhalawar,Jhalrapatan,A_exact_gp_district_samiti,0,never,0
39156,0,1,ST,STW,donda,JHALRAPATAN,JHALAWAR,Donda,Jhalawar,Jhalrapatan,A_exact_gp_district_samiti,1,once,0
39158,1,1,GEN W,SCW,durgpura,JHALRAPATAN,JHALAWAR,Durgpura,Jhalawar,Jhalrapatan,A_exact_gp_district_samiti,2,twice,0
39159,0,1,OBC,GENW,gagron,JHALRAPATAN,JHALAWAR,Gagron,Jhalawar,Jhalrapatan,A_exact_gp_district_samiti,1,once,0
39160,1,0,GEN W,SC,ganeshpura,JHALRAPATAN,JHALAWAR,Ganeshpura,Jhalawar,Pachpahar,B_exact_gp_district,1,once,0
39161,1,1,ST W,STW,ghatod,SAGWARA,DUNGARPUR,Ghatod,Jhalawar,Pachpahar,C_unique_gp_name_statewide,2,twice,0
39163,0,0,SC,OBC,gordhanpura,JHALRAPATAN,JHALAWAR,Gordhanpura,Jhalawar,Asnawar,B_exact_gp_district,0,never,0
39166,0,0,OBC,GEN,guradiya mana,JHALRAPATAN,JHALAWAR,Guradiya Mana,Jhalawar,Pachpahar,B_exact_gp_district,0,never,0
39173,0,0,GEN,GEN,khanpuriya,JHALRAPATAN,JHALAWAR,Khanpuriya,Jhalawar,Jhalrapatan,A_exact_gp_district_samiti,0,never,0
39175,1,1,GEN W,STW,kolana,JHALRAPATAN,JHALAWAR,Kolana,Jhalawar,Asnawar,B_exact_gp_district,2,twice,0
39178,0,1,ST,GENW,mandawar,JHALRAPATAN,JHALAWAR,Mandawar,Jhalawar,Asnawar,B_exact_gp_district,1,once,0
39180,1,0,SC W,GEN,mogra,JHALRAPATAN,JHALAWAR,Mogra,Jhalawar,Pachpahar,B_exact_gp_district,1,once,0
39181,1,0,OBC W,GEN,naharghatta,JHALRAPATAN,JHALAWAR,Nahar Ghatta,Jhalawar,Pachpahar,B_exact_gp_district,1,once,0
39185,1,1,OBC W,ST,piplod,JHALRAPATAN,JHALAWAR,Piplod,Jhalawar,Jhalrapatan,A_exact_gp_district_samiti,2,twice,0
39190,1,1,ST W,SCW,samrai,JHALRAPATAN,JHALAWAR,Samrai,Jhalawar,Jhalrapatan,A_exact_gp_district_samiti,2,twice,0
39194,1,0,SC W,OBC,tandi sohanpura,JHALRAPATAN,JHALAWAR,Tandi Sohan Pura,Jhalawar,Asnawar,B_exact_gp_district,1,once,0
39198,0,0,OBC,SC,bagher,KHANPUR,JHALAWAR,Bagher,Jhalawar,Khanpur,A_exact_gp_district_samiti,0,never,0
39199,0,1,GEN,GENW,bareda,KHANPUR,JHALAWAR,Bareda,Jhalawar,Khanpur,A_exact_gp_district_samiti,1,once,0
39200,0,1,GEN,GENW,baisar,KHANPUR,JHALAWAR,Baisar,Jhalawar,Khanpur,A_exact_gp_district_samiti,1,once,0
39201,0,1,GEN,GENW,bhagwanpura,KHANPUR,JHALAWAR,Bhagwan Pura,Jhalawar,Khanpur,A_exact_gp_district_samiti,1,once,0
39209,0,1,GEN,SCW,golana,KHANPUR,JHALAWAR,Golana,Jhalawar,Khanpur,A_exact_gp_district_samiti,1,once,0
39210,0,0,GEN,GEN,harigarh,KHANPUR,JHALAWAR,Harigarh,Jhalawar,Khanpur,A_exact_gp_district_samiti,0,never,0
39211,0,0,GEN,OBC,jarga,KHANPUR,JHALAWAR,Jarga,Jhalawar,Khanpur,A_exact_gp_district_samiti,0,never,0
39212,1,0,GEN W,GEN,jolpa,KHANPUR,JHALAWAR,Jolpa,Jhalawar,Khanpur,A_exact_gp_district_samiti,1,once,0
39216,0,0,SC,GEN,khandi,KHANPUR,JHALAWAR,Khandi,Jhalawar,Khanpur,A_exact_gp_district_samiti,0,never,0
39217,1,1,SC W,GENW,khanpur,KHANPUR,JHALAWAR,Khanpur,Jhalawar,Khanpur,A_exact_gp_district_samiti,2,twice,0
39219,0,1,GEN,SCW,layphal,KHANPUR,JHALAWAR,Layphal,Jhalawar,Khanpur,A_exact_gp_district_samiti,1,once,0
39225,1,1,SC W,STW,pakhrana,KHANPUR,JHALAWAR,Pakhrana,Jhalawar,Khanpur,A_exact_gp_district_samiti,2,twice,0
39227,1,0,GEN W,GEN,piplaj,KHANPUR,JHALAWAR,Piplaj,Jhalawar,Khanpur,A_exact_gp_district_samiti,1,once,0
39229,0,0,GEN,SC,sarola kalan,KHANPUR,JHALAWAR,Sarola Kalan,Jhalawar,Khanpur,A_exact_gp_district_samiti,0,never,0
39231,0,0,GEN,GEN,sojpur,KHANPUR,JHALAWAR,Soj Pur,Jhalawar,Khanpur,A_exact_gp_district_samiti,0,never,0
39233,1,0,ST W,SC,taraj,KHANPUR,JHALAWAR,Taraj,Jhalawar,Khanpur,A_exact_gp_district_samiti,1,once,0
39234,0,1,GEN,OBCW,ametha,MANOHAR THANA,JHALAWAR,Ametha,Jhalawar,Aklera,B_exact_gp_district,1,once,0
39236,1,0,GEN W,SC,baneth,MANOHAR THANA,JHALAWAR,Baneth,Jhalawar,Manohar Thana,A_exact_gp_district_samiti,1,once,0
39241,0,1,ST,GENW,chandipur,MANOHAR THANA,JHALAWAR,Chandipur,Jhalawar,Manohar Thana,A_exact_gp_district_samiti,1,once,0
39243,1,1,ST W,GENW,dangipura,MANOHAR THANA,JHALAWAR,Dangipura,Jhalawar,Manohar Thana,A_exact_gp_district_samiti,2,twice,0
39247,0,0,OBC,GEN,jawar,MAVLI,UDAIPUR,Jawar,Jhalawar,Manohar Thana,C_unique_gp_name_statewide,0,never,0
39249,1,1,OBC W,STW,kharpa,MANOHAR THANA,JHALAWAR,Kharpa,Jhalawar,Aklera,B_exact_gp_district,2,twice,0
39256,0,1,ST,GENW,manapsar,MANOHAR THANA,JHALAWAR,Manapsar,Jhalawar,Manohar Thana,A_exact_gp_district_samiti,1,once,0
39260,0,0,SC,OBC,nayapura,MANOHAR THANA,JHALAWAR,Naya Pura,Jhalawar,Aklera,B_exact_gp_district,0,never,0
39261,0,0,ST,GEN,pindola,MANOHAR THANA,JHALAWAR,Pindola,Jhalawar,Manohar Thana,A_exact_gp_district_samiti,0,never,0
39263,1,1,ST W,OBCW,samrol,MANOHAR THANA,JHALAWAR,Samrol,Jhalawar,Manohar Thana,A_exact_gp_district_samiti,2,twice,0
39267,0,0,OBC,GEN,shorti,MANOHAR THANA,JHALAWAR,Shorti,Jhalawar,Manohar Thana,A_exact_gp_district_samiti,0,never,0
39277,1,1,GEN W,SCW,dabla bhoj,PIRAWA,JHALAWAR,Dabla Bhoj,Jhalawar,Pirawa,A_exact_gp_district_samiti,2,twice,0
39278,1,1,SC W,GENW,danta,PIRAWA,JHALAWAR,Danta,Jhalawar,Pirawa,A_exact_gp_district_samiti,2,twice,0
39282,0,0,SC,GEN,dola,PIRAWA,JHALAWAR,Dola,Jhalawar,Pirawa,A_exact_gp_district_samiti,0,never,0
39284,0,0,SC,GEN,fatehgarh,PIRAWA,JHALAWAR,Fatehgarh,Jhalawar,Raipur,B_exact_gp_district,0,never,0
39285,0,0,GEN,GEN,gadiya,PIRAWA,JHALAWAR,Gadiya,Jhalawar,Sunel,B_exact_gp_district,0,never,0
39286,0,1,GEN,GENW,gelani,PIRAWA,JHALAWAR,Gelani,Jhalawar,Pirawa,A_exact_gp_district_samiti,1,once,0
39287,0,0,GEN,OBC,govindpura,PIRAWA,JHALAWAR,Govindpura,Jhalawar,Pirawa,A_exact_gp_district_samiti,0,never,0
39290,0,1,OBC,GENW,himmatgarh,PIRAWA,JHALAWAR,Himmatgarh,Jhalawar,Raipur,B_exact_gp_district,1,once,0
39291,1,0,ST W,OBC,kadodiya,PIRAWA,JHALAWAR,Kadodiya,Jhalawar,Raipur,B_exact_gp_district,1,once,0
39295,1,0,SC W,OBC,kharpakalan,PIRAWA,JHALAWAR,Kharpa Kalan,Jhalawar,Pirawa,A_exact_gp_district_samiti,1,once,0
39298,1,0,SC W,OBC,mathaniya,PIRAWA,JHALAWAR,Mathaniya,Jhalawar,Raipur,B_exact_gp_district,1,once,0
39301,0,0,GEN,OBC,osav,PIRAWA,JHALAWAR,Osav,Jhalawar,Sunel,B_exact_gp_district,0,never,0
39302,0,1,GEN,SCW,raipur,PIRAWA,JHALAWAR,Raipur,Jhalawar,Raipur,B_exact_gp_district,1,once,0
39304,0,1,OBC,GENW,rampuriya,PIRAWA,JHALAWAR,Rampuriya,Jhalawar,Pirawa,A_exact_gp_district_samiti,1,once,0
39305,0,0,GEN,SC,salotiya,JHALRAPATAN,JHALAWAR,Salotiya,Jhalawar,Sunel,B_exact_gp_district,0,never,0
39312,1,1,GEN W,GENW,sherpur,PIRAWA,JHALAWAR,Sherpur,Jhalawar,Pirawa,A_exact_gp_district_samiti,2,twice,0
39313,1,0,GEN W,GEN,sirpoi,PIRAWA,JHALAWAR,Sirpoi,Jhalawar,Sunel,B_exact_gp_district,1,once,0
39316,1,1,ST W,GENW,sunwas,KISHANGANJ,BARAN,Sunwas,Jhalawar,Raipur,C_unique_gp_name_statewide,2,twice,0
39319,0,0,GEN,ST,badet,ALSISAR,JHUNJHUNU,Badet,Jhunjhunu,Malsisar,B_exact_gp_district,0,never,0
39320,0,1,GEN,GENW,bajla,ALSISAR,JHUNJHUNU,Bajla,Jhunjhunu,Malsisar,B_exact_gp_district,1,once,0
39321,0,0,OBC,GEN,bheekhansar,ALSISAR,JHUNJHUNU,Bheekhansar,Jhunjhunu,Bissau,B_exact_gp_district,0,never,0
39323,1,0,SC W,OBC,birmi,ALSISAR,JHUNJHUNU,Birmi,Jhunjhunu,Bissau,B_exact_gp_district,1,once,0
39324,1,0,GEN W,SC,churela,ALSISAR,JHUNJHUNU,Churela,Jhunjhunu,Bissau,B_exact_gp_district,1,once,0
39325,0,0,GEN,GEN,dabri dheersingh,ALSISAR,JHUNJHUNU,Dabri Dheersingh,Jhunjhunu,Malsisar,B_exact_gp_district,0,never,0
39326,0,1,GEN,GENW,diloi,ALSISAR,JHUNJHUNU,Diloi,Jhunjhunu,Bissau,B_exact_gp_district,1,once,0
39327,0,0,GEN,SC,dhanuri,ALSISAR,JHUNJHUNU,Dhanuri,Jhunjhunu,Malsisar,B_exact_gp_district,0,never,0
39328,0,0,OBC,GEN,dheelsar,ALSISAR,JHUNJHUNU,Dheelsar,Jhunjhunu,Bissau,B_exact_gp_district,0,never,0
39329,0,0,OBC,GEN,gangiyasar,ALSISAR,JHUNJHUNU,Gangiyasar,Jhunjhunu,Bissau,B_exact_gp_district,0,never,0
39330,0,0,GEN,SC,gokhri,ALSISAR,JHUNJHUNU,Gokhri,Jhunjhunu,Malsisar,B_exact_gp_district,0,never,0
39331,0,0,GEN,SC,hameeri kalan,ALSISAR,JHUNJHUNU,Hameeri Kalan,Jhunjhunu,Malsisar,B_exact_gp_district,0,never,0
39332,1,1,GEN W,GENW,hansasar,ALSISAR,JHUNJHUNU,Hansasar,Jhunjhunu,Malsisar,B_exact_gp_district,2,twice,0
39333,0,1,GEN,GENW,haripura,ALSISAR,JHUNJHUNU,Haripura,Jhunjhunu,Malsisar,B_exact_gp_district,1,once,0
39334,0,1,GEN,SCW,jabasar,ALSISAR,JHUNJHUNU,Jabasar,Jhunjhunu,Malsisar,B_exact_gp_district,1,once,0
39335,1,0,GEN W,OBC,jhatawa khurd,ALSISAR,JHUNJHUNU,Jhatawa Khurd,Jhunjhunu,Malsisar,B_exact_gp_district,1,once,0
39336,0,1,OBC,GENW,kaliyasar,ALSISAR,JHUNJHUNU,Kaliyasar,Jhunjhunu,Malsisar,B_exact_gp_district,1,once,0
39337,1,0,OBC W,GEN,kakreu kalan,ALSISAR,JHUNJHUNU,Kakreu Kalan,Jhunjhunu,Malsisar,B_exact_gp_district,1,once,0
39338,0,0,SC,OBC,kant,ALSISAR,JHUNJHUNU,Kant,Jhunjhunu,Malsisar,B_exact_gp_district,0,never,0
39339,0,0,SC,GEN,kodesar,ALSISAR,JHUNJHUNU,Kodesar,Jhunjhunu,Bissau,B_exact_gp_district,0,never,0
39340,0,0,OBC,GEN,kolinda,ALSISAR,JHUNJHUNU,Kolinda,Jhunjhunu,Bissau,B_exact_gp_district,0,never,0
39341,0,1,GEN,GENW,ladusar,ALSISAR,JHUNJHUNU,Ladusar,Jhunjhunu,Malsisar,B_exact_gp_district,1,once,0
39342,0,1,ST,OBCW,loona,ALSISAR,JHUNJHUNU,Loona,Jhunjhunu,Malsisar,B_exact_gp_district,1,once,0
39343,1,1,GEN W,OBCW,mahansar,ALSISAR,JHUNJHUNU,Mahansar,Jhunjhunu,Bissau,B_exact_gp_district,2,twice,0
39345,1,1,GEN W,SCW,niradhanu,ALSISAR,JHUNJHUNU,Niradhanu,Jhunjhunu,Malsisar,B_exact_gp_district,2,twice,0
39346,0,0,SC,GEN,patoda,ALSISAR,JHUNJHUNU,Patoda,Jhunjhunu,Bissau,B_exact_gp_district,0,never,0
39347,1,1,GEN W,GENW,pilani khurd,ALSISAR,JHUNJHUNU,Pilani Khurd,Jhunjhunu,Bissau,B_exact_gp_district,2,twice,0
39349,0,1,GEN,GENW,sonasar,ALSISAR,JHUNJHUNU,Sonasar,Jhunjhunu,Malsisar,B_exact_gp_district,1,once,0
39350,0,0,GEN,GEN,tamkor,ALSISAR,JHUNJHUNU,Tamkor,Jhunjhunu,Malsisar,B_exact_gp_district,0,never,0
39351,1,1,GEN W,GENW,tanee,ALSISAR,JHUNJHUNU,Tanee,Jhunjhunu,Bissau,B_exact_gp_district,2,twice,0
39352,1,1,SC W,GENW,badbar,BUHANA,JHUNJHUNU,Badbar,Jhunjhunu,Buhana,A_exact_gp_district_samiti,2,twice,0
39353,0,1,SC,GENW,bhainsawat khurd,BUHANA,JHUNJHUNU,Bhainsawat Khurd,Jhunjhunu,Buhana,A_exact_gp_district_samiti,1,once,0
39354,0,0,GEN,GEN,bhaloth,BUHANA,JHUNJHUNU,Bhaloth,Jhunjhunu,Buhana,A_exact_gp_district_samiti,0,never,0
39355,1,0,GEN W,GEN,bhirr,BUHANA,JHUNJHUNU,Bhirr,Jhunjhunu,Buhana,A_exact_gp_district_samiti,1,once,0
39356,1,1,OBC W,GENW,buhana,BUHANA,JHUNJHUNU,Buhana,Jhunjhunu,Buhana,A_exact_gp_district_samiti,2,twice,0
39357,1,1,OBC W,GENW,dhadhot kalan,BUHANA,JHUNJHUNU,Dhadhot Kalan,Jhunjhunu,Buhana,A_exact_gp_district_samiti,2,twice,0
39358,1,0,GEN W,GEN,dhani bhaloth,BUHANA,JHUNJHUNU,Dhani Bhaloth,Jhunjhunu,Buhana,A_exact_gp_district_samiti,1,once,0
39359,0,0,OBC,GEN,dhoolwa,BUHANA,JHUNJHUNU,Dhoolwa,Jhunjhunu,Buhana,A_exact_gp_district_samiti,0,never,0
39360,0,0,GEN,GEN,doomoli kalan,BUHANA,JHUNJHUNU,Doomoli Kalan,Jhunjhunu,Buhana,A_exact_gp_district_samiti,0,never,0
39361,0,1,SC,GENW,doomoli khurd,BUHANA,JHUNJHUNU,Doomoli Khurd,Jhunjhunu,Buhana,A_exact_gp_district_samiti,1,once,0
39362,1,0,GEN W,OBC,gada khera,BUHANA,JHUNJHUNU,Gada Khera,Jhunjhunu,Buhana,A_exact_gp_district_samiti,1,once,0
39363,0,1,OBC,GENW,ghardana kalan,BUHANA,JHUNJHUNU,Ghardana Kalan,Jhunjhunu,Buhana,A_exact_gp_district_samiti,1,once,0
39364,1,0,SC W,GEN,ghardana khurd,BUHANA,JHUNJHUNU,Ghardana Khurd,Jhunjhunu,Buhana,A_exact_gp_district_samiti,1,once,0
39365,0,0,OBC,SC,ghasera,BUHANA,JHUNJHUNU,Ghasera,Jhunjhunu,Buhana,A_exact_gp_district_samiti,0,never,0
39366,0,0,GEN,GEN,gujarwas,BUHANA,JHUNJHUNU,Gujarwas,Jhunjhunu,Buhana,A_exact_gp_district_samiti,0,never,0
39368,0,1,GEN,GENW,heerwa,BUHANA,JHUNJHUNU,Heerwa,Jhunjhunu,Buhana,A_exact_gp_district_samiti,1,once,0
39369,0,1,OBC,SCW,jhanjha,BUHANA,JHUNJHUNU,Jhanjha,Jhunjhunu,Buhana,A_exact_gp_district_samiti,1,once,0
39370,1,1,GEN W,OBCW,jharoda,BUHANA,JHUNJHUNU,Jharoda,Jhunjhunu,Buhana,A_exact_gp_district_samiti,2,twice,0
39372,0,1,GEN,SCW,kalakhari,BUHANA,JHUNJHUNU,Kalakhari,Jhunjhunu,Buhana,A_exact_gp_district_samiti,1,once,0
39373,0,0,GEN,SC,khandwa,BUHANA,JHUNJHUNU,Khandwa,Jhunjhunu,Buhana,A_exact_gp_district_samiti,0,never,0
39374,1,0,GEN W,GEN,khanpur,BUHANA,JHUNJHUNU,Khanpur,Jhunjhunu,Buhana,A_exact_gp_district_samiti,1,once,0
39375,0,0,GEN,GEN,kuharwas,BUHANA,JHUNJHUNU,Kuharwas,Jhunjhunu,Buhana,A_exact_gp_district_samiti,0,never,0
39376,0,0,GEN,OBC,lambi aheer,BUHANA,JHUNJHUNU,Lambi Aheer,Jhunjhunu,Buhana,A_exact_gp_district_samiti,0,never,0
39378,0,1,GEN,SCW,mankdo,BUHANA,JHUNJHUNU,Mankdo,Jhunjhunu,Buhana,A_exact_gp_district_samiti,1,once,0
39379,1,0,OBC W,SC,moi sadda,BUHANA,JHUNJHUNU,Moi Sadda,Jhunjhunu,Buhana,A_exact_gp_district_samiti,1,once,0
39380,0,1,SC,OBCW,muradpur,BUHANA,JHUNJHUNU,Muradpur,Jhunjhunu,Buhana,A_exact_gp_district_samiti,1,once,0
39381,0,1,GEN,GENW,pacheri kalan,BUHANA,JHUNJHUNU,Pacheri Kalan,Jhunjhunu,Buhana,A_exact_gp_district_samiti,1,once,0
39382,0,1,GEN,GENW,pacheri khurd,BUHANA,JHUNJHUNU,Pacheri Khurd,Jhunjhunu,Buhana,A_exact_gp_district_samiti,1,once,0
39383,1,0,GEN W,OBC,panthroli,BUHANA,JHUNJHUNU,Panthroli,Jhunjhunu,Buhana,A_exact_gp_district_samiti,1,once,0
39384,0,0,SC,GEN,puhaniya,BUHANA,JHUNJHUNU,Puhaniya,Jhunjhunu,Buhana,A_exact_gp_district_samiti,0,never,0
39385,0,0,GEN,OBC,raipur aheeran,BUHANA,JHUNJHUNU,Raipur (Aheeran),Jhunjhunu,Buhana,A_exact_gp_district_samiti,0,never,0
39386,1,0,GEN W,GEN,santor,BUHANA,JHUNJHUNU,Santor,Jhunjhunu,Buhana,A_exact_gp_district_samiti,1,once,0
39387,0,0,GEN,SC,sanwlod,BUHANA,JHUNJHUNU,Sanwlod,Jhunjhunu,Buhana,A_exact_gp_district_samiti,0,never,0
39388,1,1,GEN W,OBCW,shahpura,BUHANA,JHUNJHUNU,Shahpura,Jhunjhunu,Buhana,A_exact_gp_district_samiti,2,twice,0
39390,0,0,GEN,GEN,sohli,BUHANA,JHUNJHUNU,Sohli,Jhunjhunu,Buhana,A_exact_gp_district_samiti,0,never,0
39392,0,1,GEN,GENW,thali,BUHANA,JHUNJHUNU,Thali,Jhunjhunu,Buhana,A_exact_gp_district_samiti,1,once,0
39393,0,1,OBC,GENW,udamandi,BUHANA,JHUNJHUNU,Udamandi,Jhunjhunu,Buhana,A_exact_gp_district_samiti,1,once,0
39394,1,0,GEN W,SC,alipur,CHIRAWA,JHUNJHUNU,Alipur,Jhunjhunu,Chirawa,A_exact_gp_district_samiti,1,once,0
39395,0,1,OBC,GENW,ardawata,CHIRAWA,JHUNJHUNU,Ardawata,Jhunjhunu,Chirawa,A_exact_gp_district_samiti,1,once,0
39396,0,0,SC,GEN,badangarh,CHIRAWA,JHUNJHUNU,Badangarh,Jhunjhunu,Chirawa,A_exact_gp_district_samiti,0,never,0
39397,1,0,SC W,ST,bajawa,CHIRAWA,JHUNJHUNU,Bajawa,Jhunjhunu,Chirawa,A_exact_gp_district_samiti,1,once,0
39398,0,0,GEN,GEN,bakhtawarpura,CHIRAWA,JHUNJHUNU,Bakhtawarpura,Jhunjhunu,Chirawa,A_exact_gp_district_samiti,0,never,0
39399,0,1,GEN,SCW,bhamarwasi,CHIRAWA,JHUNJHUNU,Bhamarwasi,Jhunjhunu,Chirawa,A_exact_gp_district_samiti,1,once,0
39400,0,0,SC,OBC,bhadunda kalan,CHIRAWA,JHUNJHUNU,Bhadundakalan,Jhunjhunu,Jhunjhunu,B_exact_gp_district,0,never,0
39403,1,1,GEN W,GENW,chanana,CHIRAWA,JHUNJHUNU,Chanana,Jhunjhunu,Chirawa,A_exact_gp_district_samiti,2,twice,0
39404,1,1,OBC W,GENW,dhatarwala,CHIRAWA,JHUNJHUNU,Dhatarwala,Jhunjhunu,Chirawa,A_exact_gp_district_samiti,2,twice,0
39406,0,1,SC,OBCW,gowla,CHIRAWA,JHUNJHUNU,Gowla,Jhunjhunu,Chirawa,A_exact_gp_district_samiti,1,once,0
39407,0,1,GEN,GENW,keharpura kalan,CHIRAWA,JHUNJHUNU,Keharpura Kalan,Jhunjhunu,Chirawa,A_exact_gp_district_samiti,1,once,0
39409,0,1,OBC,GENW,kishorpura,CHIRAWA,JHUNJHUNU,Kishorpura,Jhunjhunu,Chirawa,A_exact_gp_district_samiti,1,once,0
39410,0,0,GEN,GEN,kithana,CHIRAWA,JHUNJHUNU,Kithana,Jhunjhunu,Chirawa,A_exact_gp_district_samiti,0,never,0
39411,0,0,GEN,OBC,lamba,CHIRAWA,JHUNJHUNU,Lamba,Jhunjhunu,Chirawa,A_exact_gp_district_samiti,0,never,0
39413,0,1,GEN,GENW,mandrela,CHIRAWA,JHUNJHUNU,Mandrela,Jhunjhunu,Chirawa,A_exact_gp_district_samiti,1,once,0
39414,0,1,GEN,SCW,narhar,CHIRAWA,JHUNJHUNU,Narhar,Jhunjhunu,Chirawa,A_exact_gp_district_samiti,1,once,0
39417,0,1,GEN,OBCW,ojtu,CHIRAWA,JHUNJHUNU,Ojtu,Jhunjhunu,Chirawa,A_exact_gp_district_samiti,1,once,0
39422,1,0,SC W,GEN,tigiyas,CHIRAWA,JHUNJHUNU,Tigiyas,Jhunjhunu,Chirawa,A_exact_gp_district_samiti,1,once,0
39423,1,1,OBC W,GENW,abusar,JHUNJHUNU,JHUNJHUNU,Abusar,Jhunjhunu,Jhunjhunu,A_exact_gp_district_samiti,2,twice,0
39424,0,0,ST,SC,ajari kalan,JHUNJHUNU,JHUNJHUNU,Ajari Kalan,Jhunjhunu,Jhunjhunu,A_exact_gp_district_samiti,0,never,0
39425,0,0,GEN,OBC,bakra,SAYLA,JALORE,Bakra,Jhunjhunu,Jhunjhunu,C_unique_gp_name_statewide,0,never,0
39426,1,0,GEN W,GEN,bas nanag,JHUNJHUNU,JHUNJHUNU,Bas Nanag,Jhunjhunu,Jhunjhunu,A_exact_gp_district_samiti,1,once,0
39430,1,0,GEN W,SC,bheemsar,JHUNJHUNU,JHUNJHUNU,Bheemsar,Jhunjhunu,Mandawa,B_exact_gp_district,1,once,0
39431,0,0,OBC,GEN,bhojasar,JHUNJHUNU,JHUNJHUNU,Bhojasar,Jhunjhunu,Mandawa,B_exact_gp_district,0,never,0
39432,1,0,GEN W,SC,beebasar,JHUNJHUNU,JHUNJHUNU,Beebasar,Jhunjhunu,Jhunjhunu,A_exact_gp_district_samiti,1,once,0
39433,1,0,GEN W,OBC,bishanpura,JHUNJHUNU,JHUNJHUNU,Bishanpura,Jhunjhunu,Jhunjhunu,A_exact_gp_district_samiti,1,once,0
39434,0,1,GEN,GENW,budana,JHUNJHUNU,JHUNJHUNU,Budana,Jhunjhunu,Jhunjhunu,A_exact_gp_district_samiti,1,once,0
39435,0,1,GEN,GENW,ajeetgarh,JHUNJHUNU,JHUNJHUNU,Ajeetgarh,Jhunjhunu,Mandawa,B_exact_gp_district,1,once,0
39436,1,1,GEN W,GENW,churi chatarpura,JHUNJHUNU,JHUNJHUNU,Churi Chatarpura,Jhunjhunu,Mandawa,B_exact_gp_district,2,twice,0
39437,0,0,OBC,GEN,derwala,JHUNJHUNU,JHUNJHUNU,Derwala,Jhunjhunu,Jhunjhunu,A_exact_gp_district_samiti,0,never,0
39438,0,0,GEN,GEN,hanumanpura,JHUNJHUNU,JHUNJHUNU,Hanuman Pura,Jhunjhunu,Mandawa,B_exact_gp_district,0,never,0
39439,0,1,GEN,GENW,indali,JHUNJHUNU,JHUNJHUNU,Indali,Jhunjhunu,Jhunjhunu,A_exact_gp_district_samiti,1,once,0
39440,1,1,SC W,GENW,islampur,JHUNJHUNU,JHUNJHUNU,Islampur,Jhunjhunu,Jhunjhunu,A_exact_gp_district_samiti,2,twice,0
39442,0,1,SC,GENW,kasimpura,JHUNJHUNU,JHUNJHUNU,Kasimpura,Jhunjhunu,Jhunjhunu,A_exact_gp_district_samiti,1,once,0
39443,1,1,OBC W,GENW,khajpur naya,JHUNJHUNU,JHUNJHUNU,Khajpur Naya,Jhunjhunu,Jhunjhunu,A_exact_gp_district_samiti,2,twice,0
39445,1,1,GEN W,OBCW,kulod kalan,JHUNJHUNU,JHUNJHUNU,Kulod Kalan,Jhunjhunu,Jhunjhunu,A_exact_gp_district_samiti,2,twice,0
39446,0,1,GEN,SCW,lalpur,JHUNJHUNU,JHUNJHUNU,Lalpur,Jhunjhunu,Jhunjhunu,A_exact_gp_district_samiti,1,once,0
39447,0,0,GEN,OBC,makhar,JHUNJHUNU,JHUNJHUNU,Makhar,Jhunjhunu,Jhunjhunu,A_exact_gp_district_samiti,0,never,0
39448,0,0,SC,OBC,mahradasi,JHUNJHUNU,JHUNJHUNU,Mahradasi,Jhunjhunu,Mandawa,B_exact_gp_district,0,never,0
39449,0,1,SC,GENW,nayasar,JHUNJHUNU,JHUNJHUNU,Nayasar,Jhunjhunu,Jhunjhunu,A_exact_gp_district_samiti,1,once,0
39450,0,0,OBC,GEN,nooan,JHUNJHUNU,JHUNJHUNU,Nooan,Jhunjhunu,Mandawa,B_exact_gp_district,0,never,0
39451,0,0,GEN,ST,patusari,JHUNJHUNU,JHUNJHUNU,Patusari,Jhunjhunu,Jhunjhunu,A_exact_gp_district_samiti,0,never,0
39452,0,0,GEN,GEN,pratappura,JHUNJHUNU,JHUNJHUNU,Pratappura,Jhunjhunu,Jhunjhunu,A_exact_gp_district_samiti,0,never,0
39454,0,1,OBC,SCW,shekhsar,JHUNJHUNU,JHUNJHUNU,Shekhsar,Jhunjhunu,Mandawa,B_exact_gp_district,1,once,0
39456,0,0,GEN,GEN,siriyasar kalan,JHUNJHUNU,JHUNJHUNU,Siriyasar Kalan,Jhunjhunu,Mandawa,B_exact_gp_district,0,never,0
39457,0,0,GEN,GEN,udawas,JHUNJHUNU,JHUNJHUNU,Udawas,Jhunjhunu,Jhunjhunu,A_exact_gp_district_samiti,0,never,0
39458,0,0,SC,OBC,wahidpura,JHUNJHUNU,JHUNJHUNU,Wahidpura,Jhunjhunu,Mandawa,B_exact_gp_district,0,never,0
39460,0,0,GEN,GEN,barau,KHETRI,JHUNJHUNU,Barau,Neem Ka Thana,Khetri,C_unique_gp_name_statewide,0,never,0
39463,0,1,GEN,OBCW,charawas,KHETRI,JHUNJHUNU,Charawas,Neem Ka Thana,Khetri,C_unique_gp_name_statewide,1,once,0
39464,1,0,GEN W,OBC,dada fatehpura,KHETRI,JHUNJHUNU,Dada Fatehpura,Neem Ka Thana,Khetri,C_unique_gp_name_statewide,1,once,0
39465,0,0,ST,SC,dalelpura,KHETRI,JHUNJHUNU,Dalelpura,Neem Ka Thana,Khetri,C_unique_gp_name_statewide,0,never,0
39466,0,0,GEN,GEN,doodhwa nangliya,KHETRI,JHUNJHUNU,Doodhwa Nangliya,Neem Ka Thana,Khetri,C_unique_gp_name_statewide,0,never,0
39467,1,1,GEN W,OBCW,gadrata,KHETRI,JHUNJHUNU,Gadrata,Neem Ka Thana,Khetri,C_unique_gp_name_statewide,2,twice,0
39468,1,0,OBC W,GEN,gorir,KHETRI,JHUNJHUNU,Gorir,Neem Ka Thana,Khetri,C_unique_gp_name_statewide,1,once,0
39469,0,1,GEN,SCW,hardiya,KHETRI,JHUNJHUNU,Hardiya,Neem Ka Thana,Khetri,C_unique_gp_name_statewide,1,once,0
39470,0,1,OBC,GENW,jasrapur,KHETRI,JHUNJHUNU,Jasrapur,Neem Ka Thana,Khetri,C_unique_gp_name_statewide,1,once,0
39474,0,1,OBC,GENW,loyal,KHETRI,JHUNJHUNU,Loyal,Neem Ka Thana,Khetri,C_unique_gp_name_statewide,1,once,0
39476,1,1,SC W,OBCW,mandri,KHETRI,JHUNJHUNU,Mandri,Neem Ka Thana,Khetri,C_unique_gp_name_statewide,2,twice,0
39477,0,0,OBC,GEN,manota (jatan),KHETRI,JHUNJHUNU,Manota (Jatan),Neem Ka Thana,Khetri,C_unique_gp_name_statewide,0,never,0
39479,0,0,GEN,OBC,mehara jatoowas,KHETRI,JHUNJHUNU,Mehara Jatoowas,Neem Ka Thana,Khetri,C_unique_gp_name_statewide,0,never,0
39482,0,1,SC,GENW,nalpur,KHETRI,JHUNJHUNU,Nalpur,Neem Ka Thana,Khetri,C_unique_gp_name_statewide,1,once,0
39483,1,0,OBC W,SC,nangaliya gujarwas,KHETRI,JHUNJHUNU,Nangaliya Gujarwas,Neem Ka Thana,Khetri,C_unique_gp_name_statewide,1,once,0
39484,1,0,GEN W,GEN,nanoowali baori,KHETRI,JHUNJHUNU,Nanoowali Baori,Neem Ka Thana,Khetri,C_unique_gp_name_statewide,1,once,0
39486,0,1,GEN,GENW,papurana,KHETRI,JHUNJHUNU,Papurana,Neem Ka Thana,Khetri,C_unique_gp_name_statewide,1,once,0
39487,0,0,OBC,GEN,rajota,KHETRI,JHUNJHUNU,Rajota,Neem Ka Thana,Khetri,C_unique_gp_name_statewide,0,never,0
39489,0,0,GEN,GEN,rawan,KHETRI,JHUNJHUNU,Rawan,Neem Ka Thana,Khetri,C_unique_gp_name_statewide,0,never,0
39490,0,0,GEN,OBC,sephara gunwar,KHETRI,JHUNJHUNU,Sephara Gunwar,Neem Ka Thana,Khetri,C_unique_gp_name_statewide,0,never,0
39492,1,0,OBC W,ST,sihor,KHETRI,JHUNJHUNU,Sihor,Neem Ka Thana,Khetri,C_unique_gp_name_statewide,1,once,0
39493,0,0,GEN,GEN,tateeja,KHETRI,JHUNJHUNU,Tateeja,Neem Ka Thana,Khetri,C_unique_gp_name_statewide,0,never,0
39494,0,0,SC,OBC,thathwari,KHETRI,JHUNJHUNU,Thathwari,Neem Ka Thana,Khetri,C_unique_gp_name_statewide,0,never,0
39495,1,0,SC W,GEN,tiba,KHETRI,JHUNJHUNU,Tiba,Neem Ka Thana,Khetri,C_unique_gp_name_statewide,1,once,0
39496,0,1,GEN,GENW,tyonda,KHETRI,JHUNJHUNU,Tyonda,Neem Ka Thana,Khetri,C_unique_gp_name_statewide,1,once,0
39497,0,0,SC,GEN,barwasi,NAWALGARH,JHUNJHUNU,Barwasi,Jhunjhunu,Nawalgarh,A_exact_gp_district_samiti,0,never,0
39498,1,1,GEN W,OBCW,basawa,NAWALGARH,JHUNJHUNU,Basawa,Jhunjhunu,Nawalgarh,A_exact_gp_district_samiti,2,twice,0
39499,0,0,SC,GEN,bay,NAWALGARH,JHUNJHUNU,Bay,Jhunjhunu,Nawalgarh,A_exact_gp_district_samiti,0,never,0
39500,1,1,GEN W,GENW,birol,NAWALGARH,JHUNJHUNU,Birol,Jhunjhunu,Nawalgarh,A_exact_gp_district_samiti,2,twice,0
39501,1,0,GEN W,SC,bugala,NAWALGARH,JHUNJHUNU,Bugala,Jhunjhunu,Nawalgarh,A_exact_gp_district_samiti,1,once,0
39502,1,0,SC W,GEN,chelasi,NAWALGARH,JHUNJHUNU,Chelasi,Jhunjhunu,Nawalgarh,A_exact_gp_district_samiti,1,once,0
39503,0,0,OBC,GEN,chirana,NAWALGARH,JHUNJHUNU,Chirana,Jhunjhunu,Nawalgarh,A_exact_gp_district_samiti,0,never,0
39504,0,1,GEN,OBCW,deogaon (noona),NAWALGARH,JHUNJHUNU,Deogaon (Noona),Jhunjhunu,Nawalgarh,A_exact_gp_district_samiti,1,once,0
39505,0,0,SC,ST,dhigal,NAWALGARH,JHUNJHUNU,Dhigal,Jhunjhunu,Nawalgarh,A_exact_gp_district_samiti,0,never,0
39506,0,0,OBC,GEN,doomra,NAWALGARH,JHUNJHUNU,Doomra,Jhunjhunu,Nawalgarh,A_exact_gp_district_samiti,0,never,0
39508,1,0,GEN W,OBC,ghoribara khurd,NAWALGARH,JHUNJHUNU,Ghoribara Khurd,Jhunjhunu,Nawalgarh,A_exact_gp_district_samiti,1,once,0
39511,0,1,GEN,GENW,jejusar,NAWALGARH,JHUNJHUNU,Jejusar,Jhunjhunu,Nawalgarh,A_exact_gp_district_samiti,1,once,0
39512,0,1,GEN,GENW,jhajhar,NAWALGARH,JHUNJHUNU,Jhajhar,Jhunjhunu,Nawalgarh,A_exact_gp_district_samiti,1,once,0
39513,0,0,GEN,OBC,kairu,NAWALGARH,JHUNJHUNU,Kairu,Jhunjhunu,Nawalgarh,A_exact_gp_district_samiti,0,never,0
39514,0,1,SC,OBCW,kari,NAWALGARH,JHUNJHUNU,Kari,Jhunjhunu,Nawalgarh,A_exact_gp_district_samiti,1,once,0
39515,0,0,GEN,OBC,kaseru,NAWALGARH,JHUNJHUNU,Kaseru,Jhunjhunu,Nawalgarh,A_exact_gp_district_samiti,0,never,0
39516,1,0,GEN W,SC,khiror,NAWALGARH,JHUNJHUNU,Khiror,Jhunjhunu,Nawalgarh,A_exact_gp_district_samiti,1,once,0
39517,1,1,GEN W,SCW,kolsiya,NAWALGARH,JHUNJHUNU,Kolsiya,Jhunjhunu,Nawalgarh,A_exact_gp_district_samiti,2,twice,0
39518,1,1,OBC W,GENW,kumawas,NAWALGARH,JHUNJHUNU,Kumawas,Jhunjhunu,Nawalgarh,A_exact_gp_district_samiti,2,twice,0
39519,0,1,GEN,SCW,lohargal,NAWALGARH,JHUNJHUNU,Lohargal,Jhunjhunu,Nawalgarh,A_exact_gp_district_samiti,1,once,0
39520,1,0,GEN W,GEN,mandasi,NAWALGARH,JHUNJHUNU,Mandasi,Jhunjhunu,Nawalgarh,A_exact_gp_district_samiti,1,once,0
39521,0,0,GEN,GEN,mohanbari,NAWALGARH,JHUNJHUNU,Mohanbari,Jhunjhunu,Nawalgarh,A_exact_gp_district_samiti,0,never,0
39522,0,1,OBC,GENW,nawalri,NAWALGARH,JHUNJHUNU,Nawalri,Jhunjhunu,Nawalgarh,A_exact_gp_district_samiti,1,once,0
39523,0,0,OBC,GEN,dhania nawalgarh,NAWALGARH,JHUNJHUNU,Dhania Nawalgarh,Jhunjhunu,Nawalgarh,A_exact_gp_district_samiti,0,never,0
39524,1,0,OBC W,GEN,niwai,NAWALGARH,JHUNJHUNU,Niwai,Jhunjhunu,Nawalgarh,A_exact_gp_district_samiti,1,once,0
39526,0,1,GEN,GENW,parasrampura,NAWALGARH,JHUNJHUNU,Parasrampura,Jhunjhunu,Nawalgarh,A_exact_gp_district_samiti,1,once,0
39527,1,1,GEN W,GENW,ranasar,NAWALGARH,JHUNJHUNU,Ranasar,Jhunjhunu,Nawalgarh,A_exact_gp_district_samiti,2,twice,0
39528,0,1,GEN,GENW,sotwara,NAWALGARH,JHUNJHUNU,Sotwara,Jhunjhunu,Nawalgarh,A_exact_gp_district_samiti,1,once,0
39529,0,0,ST,GEN,todpura,NAWALGARH,JHUNJHUNU,Todpura,Jhunjhunu,Nawalgarh,A_exact_gp_district_samiti,0,never,0
39530,0,0,GEN,SC,togra kalan,NAWALGARH,JHUNJHUNU,Togra Kalan,Jhunjhunu,Nawalgarh,A_exact_gp_district_samiti,0,never,0
39531,1,1,GEN W,GENW,tonk chhilari,NAWALGARH,JHUNJHUNU,Tonk Chhilari,Jhunjhunu,Nawalgarh,A_exact_gp_district_samiti,2,twice,0
39532,0,1,SC,OBCW,adooka,SURAJGARH,JHUNJHUNU,Adooka,Jhunjhunu,Surajgarh,A_exact_gp_district_samiti,1,once,0
39533,0,0,OBC,GEN,agwana khurd,SURAJGARH,JHUNJHUNU,Agwana Khurd,Jhunjhunu,Surajgarh,A_exact_gp_district_samiti,0,never,0
39534,1,1,GEN W,SCW,barsari ka bas,SURAJGARH,JHUNJHUNU,Barsari Ka Bas,Jhunjhunu,Surajgarh,A_exact_gp_district_samiti,2,twice,0
39535,0,0,SC,GEN,baloda,SURAJGARH,JHUNJHUNU,Baloda,Jhunjhunu,Surajgarh,A_exact_gp_district_samiti,0,never,0
39536,1,1,OBC W,GENW,bangothri kalan,SURAJGARH,JHUNJHUNU,Bangothri Kalan,Jhunjhunu,Pilani,B_exact_gp_district,2,twice,0
39537,0,0,GEN,SC,beri,SURAJGARH,JHUNJHUNU,Beri,Jhunjhunu,Pilani,B_exact_gp_district,0,never,0
39538,0,1,GEN,GENW,berla,SURAJGARH,JHUNJHUNU,Berla,Jhunjhunu,Surajgarh,A_exact_gp_district_samiti,1,once,0
39539,0,0,GEN,SC,bhgina,SURAJGARH,JHUNJHUNU,Bhgina,Jhunjhunu,Pilani,B_exact_gp_district,0,never,0
39540,0,0,GEN,OBC,bhaothari,SURAJGARH,JHUNJHUNU,Bhaothari,Jhunjhunu,Surajgarh,A_exact_gp_district_samiti,0,never,0
39542,0,0,GEN,GEN,dheegariya,SURAJGARH,JHUNJHUNU,Dheegariya,Jhunjhunu,Surajgarh,A_exact_gp_district_samiti,0,never,0
39543,1,0,SC W,GEN,doodwa,SURAJGARH,JHUNJHUNU,Doodwa,Jhunjhunu,Pilani,B_exact_gp_district,1,once,0
39544,0,1,OBC,GENW,dulaniya,SURAJGARH,JHUNJHUNU,Dulaniya,Jhunjhunu,Pilani,B_exact_gp_district,1,once,0
39545,0,0,SC,GEN,farat,SURAJGARH,JHUNJHUNU,Farat,Jhunjhunu,Surajgarh,A_exact_gp_district_samiti,0,never,0
39546,1,1,OBC W,SCW,ghadawa,SURAJGARH,JHUNJHUNU,Ghadawa,Jhunjhunu,Pilani,B_exact_gp_district,2,twice,0
39547,1,1,GEN W,SCW,ghumansar kalan,SURAJGARH,JHUNJHUNU,Ghumansar Kalan,Jhunjhunu,Pilani,B_exact_gp_district,2,twice,0
39548,1,0,GEN W,OBC,hameenpur,SURAJGARH,JHUNJHUNU,Hameenpur,Jhunjhunu,Pilani,B_exact_gp_district,1,once,0
39549,1,1,GEN W,GENW,jakhod,SURAJGARH,JHUNJHUNU,Jakhod,Jhunjhunu,Surajgarh,A_exact_gp_district_samiti,2,twice,0
39550,0,0,OBC,GEN,jeeni,SURAJGARH,JHUNJHUNU,Jeeni,Jhunjhunu,Pilani,B_exact_gp_district,0,never,0
39551,0,0,GEN,GEN,jherli,SURAJGARH,JHUNJHUNU,Jherli,Jhunjhunu,Pilani,B_exact_gp_district,0,never,0
39554,0,1,OBC,GENW,kherla,SURAJGARH,JHUNJHUNU,Kherla,Jhunjhunu,Pilani,B_exact_gp_district,1,once,0
39555,0,0,GEN,OBC,khudaniya,SURAJGARH,JHUNJHUNU,Khudaniya,Jhunjhunu,Pilani,B_exact_gp_district,0,never,0
39556,0,0,GEN,SC,kuloth kalan,SURAJGARH,JHUNJHUNU,Kuloth Kalan,Jhunjhunu,Surajgarh,A_exact_gp_district_samiti,0,never,0
39557,1,0,GEN W,SC,lakhoo,SURAJGARH,JHUNJHUNU,Lakhoo,Jhunjhunu,Surajgarh,A_exact_gp_district_samiti,1,once,0
39558,0,1,GEN,GENW,leekhwa,SURAJGARH,JHUNJHUNU,Leekhwa,Jhunjhunu,Pilani,B_exact_gp_district,1,once,0
39559,0,0,GEN,GEN,mahpalwas,SURAJGARH,JHUNJHUNU,Mahpalwas,Jhunjhunu,Surajgarh,A_exact_gp_district_samiti,0,never,0
39560,0,1,GEN,GENW,morwa,SURAJGARH,JHUNJHUNU,Morwa,Jhunjhunu,Pilani,B_exact_gp_district,1,once,0
39561,0,1,SC,GENW,peepli,SURAJGARH,JHUNJHUNU,Peepli,Jhunjhunu,Pilani,B_exact_gp_district,1,once,0
39562,1,1,OBC W,GENW,pilod,SURAJGARH,JHUNJHUNU,Pilod,Jhunjhunu,Surajgarh,A_exact_gp_district_samiti,2,twice,0
39563,0,0,GEN,GEN,sehi kalan,SURAJGARH,JHUNJHUNU,Sehi Kalan,Jhunjhunu,Surajgarh,A_exact_gp_district_samiti,0,never,0
39564,0,1,GEN,OBCW,sujdola,SURAJGARH,JHUNJHUNU,Sujdola,Jhunjhunu,Pilani,B_exact_gp_district,1,once,0
39566,0,1,GEN,GENW,swami sehi,SURAJGARH,JHUNJHUNU,Swami Sehi,Jhunjhunu,Surajgarh,A_exact_gp_district_samiti,1,once,0
39567,0,0,OBC,GEN,lotiya,SURAJGARH,JHUNJHUNU,Lotiya,Jhunjhunu,Surajgarh,A_exact_gp_district_samiti,0,never,0
39568,1,0,SC W,GEN,ureeka,SURAJGARH,JHUNJHUNU,Ureeka,Jhunjhunu,Pilani,B_exact_gp_district,1,once,0
39569,0,0,GEN,GEN,bagoli,UDAIPURWATI,JHUNJHUNU,Bagoli,Neem Ka Thana,Udaipurwati,C_unique_gp_name_statewide,0,never,0
39570,0,0,GEN,SC,bagora,UDAIPURWATI,JHUNJHUNU,Bagora,Neem Ka Thana,Udaipurwati,C_unique_gp_name_statewide,0,never,0
39572,0,0,OBC,GEN,bamlas,UDAIPURWATI,JHUNJHUNU,Bamlas,Jhunjhunu,Gudhagorji,B_exact_gp_district,0,never,0
39573,0,1,OBC,GENW,bara gaon,UDAIPURWATI,JHUNJHUNU,Bara Gaon,Jhunjhunu,Gudhagorji,B_exact_gp_district,1,once,0
39574,1,1,OBC W,GENW,bhatiwar,UDAIPURWATI,JHUNJHUNU,Bhatiwar,Jhunjhunu,Gudhagorji,B_exact_gp_district,2,twice,0
39575,0,1,OBC,SCW,bhorki,UDAIPURWATI,JHUNJHUNU,Bhorki,Jhunjhunu,Gudhagorji,B_exact_gp_district,1,once,0
39576,0,1,GEN,GENW,chanwara,UDAIPURWATI,JHUNJHUNU,Chanwara,Neem Ka Thana,Udaipurwati,C_unique_gp_name_statewide,1,once,0
39577,0,0,GEN,GEN,chhapoli,UDAIPURWATI,JHUNJHUNU,Chhapoli,Neem Ka Thana,Udaipurwati,C_unique_gp_name_statewide,0,never,0
39578,0,0,GEN,GEN,chhau,UDAIPURWATI,JHUNJHUNU,Chhau,Jhunjhunu,Gudhagorji,B_exact_gp_district,0,never,0
39579,0,0,OBC,GEN,chhaosari,UDAIPURWATI,JHUNJHUNU,Chhaosari,Jhunjhunu,Gudhagorji,B_exact_gp_district,0,never,0
39580,0,0,GEN,GEN,dhamora,UDAIPURWATI,JHUNJHUNU,Dhamora,Jhunjhunu,Gudhagorji,B_exact_gp_district,0,never,0
39581,0,1,SC,GENW,duriya,UDAIPURWATI,JHUNJHUNU,Duriya,Jhunjhunu,Gudhagorji,B_exact_gp_district,1,once,0
39584,0,1,GEN,SCW,hansalsar,UDAIPURWATI,JHUNJHUNU,Hansalsar,Jhunjhunu,Gudhagorji,B_exact_gp_district,1,once,0
39587,0,1,OBC,GENW,kakrana,UDAIPURWATI,JHUNJHUNU,Kakrana,Neem Ka Thana,Udaipurwati,C_unique_gp_name_statewide,1,once,0
39588,0,0,SC,OBC,ked,UDAIPURWATI,JHUNJHUNU,Ked,Jhunjhunu,Gudhagorji,B_exact_gp_district,0,never,0
39590,1,0,GEN W,SC,mainpura,UDAIPURWATI,JHUNJHUNU,Mainpura,Jhunjhunu,Gudhagorji,B_exact_gp_district,1,once,0
39591,1,1,OBC W,GENW,manaksas,UDAIPURWATI,JHUNJHUNU,Manaksas,Neem Ka Thana,Udaipurwati,C_unique_gp_name_statewide,2,twice,0
39594,0,0,GEN,SC,natas,UDAIPURWATI,JHUNJHUNU,Natas,Jhunjhunu,Gudhagorji,B_exact_gp_district,0,never,0
39595,1,1,GEN W,OBCW,neori,UDAIPURWATI,JHUNJHUNU,Neori,Neem Ka Thana,Udaipurwati,C_unique_gp_name_statewide,2,twice,0
39596,1,1,GEN W,GENW,pachlangi,UDAIPURWATI,JHUNJHUNU,Pachlangi,Neem Ka Thana,Udaipurwati,C_unique_gp_name_statewide,2,twice,0
39599,1,1,OBC W,GENW,posana,UDAIPURWATI,JHUNJHUNU,Posana,Jhunjhunu,Gudhagorji,B_exact_gp_district,2,twice,0
39600,1,0,SC W,GEN,raghunathpura,UDAIPURWATI,JHUNJHUNU,Raghunathpura,Jhunjhunu,Gudhagorji,B_exact_gp_district,1,once,0
39603,1,0,GEN W,OBC,signor,UDAIPURWATI,JHUNJHUNU,Signor,Jhunjhunu,Gudhagorji,B_exact_gp_district,1,once,0
39604,1,1,GEN W,OBCW,teetanwar,UDAIPURWATI,JHUNJHUNU,Teetanwar,Jhunjhunu,Gudhagorji,B_exact_gp_district,2,twice,0
39605,0,0,GEN,GEN,agolai,BALESAR,JODHPUR,Agolai,Jodhpur (Gramin),Balesar,C_unique_gp_name_statewide,0,never,0
39612,0,0,GEN,GEN,belwa ranaji,BALESAR,JODHPUR,Belwa Ranaji,Jodhpur (Gramin),Balesar,C_unique_gp_name_statewide,0,never,0
39615,0,0,OBC,GEN,bhatelai purohitan,BALESAR,JODHPUR,Bhatelai Purohitan,Jodhpur (Gramin),Balesar,C_unique_gp_name_statewide,0,never,0
39625,0,0,GEN,GEN,godelai,BALESAR,JODHPUR,Godelai,Jodhpur (Gramin),Chamu,C_unique_gp_name_statewide,0,never,0
39627,0,1,GEN,SCW,kanodiya purohitan,BALESAR,JODHPUR,Kanodiya Purohitan,Jodhpur (Gramin),Sekhala,C_unique_gp_name_statewide,1,once,0
39630,0,1,OBC,GENW,khariberi,BALESAR,JODHPUR,Khariberi,Jodhpur (Gramin),Balesar,C_unique_gp_name_statewide,1,once,0
39632,0,1,SC,OBCW,kui inda,BALESAR,JODHPUR,Kui Inda,Jodhpur (Gramin),Balesar,C_unique_gp_name_statewide,1,once,0
39637,1,1,SC W,OBCW,utambar,BALESAR,JODHPUR,Utambar,Jodhpur (Gramin),Balesar,C_unique_gp_name_statewide,2,twice,0
39643,1,1,GEN W,SCW,chakhu,BAP,JODHPUR,Chakhu,Jodhpur (Gramin),Chamu,C_unique_gp_name_statewide,2,twice,0
39645,0,1,GEN,GENW,charnai,BAP,JODHPUR,Charnai,Phalodi,Bap,C_unique_gp_name_statewide,1,once,0
39647,1,1,GEN W,SCW,dedasari,BAP,JODHPUR,Dedasari,Phalodi,Bap,C_unique_gp_name_statewide,2,twice,0
39650,0,1,ST,STW,jaisala,SIMALWARA,DUNGARPUR,Jaisala,Phalodi,Ghantiyali,C_unique_gp_name_statewide,1,once,0
39651,0,1,GEN,OBCW,jamba,BAP,JODHPUR,Jamba,Phalodi,Aau,C_unique_gp_name_statewide,1,once,0
39656,1,0,SC W,GEN,kelansar,BAP,JODHPUR,Kelansar,Phalodi,Ghantiyali,C_unique_gp_name_statewide,1,once,0
39657,1,0,GEN W,GEN,luna,BAP,JODHPUR,Luna,Phalodi,Ghantiyali,C_unique_gp_name_statewide,1,once,0
39659,0,1,GEN,OBCW,motai,BAP,JODHPUR,Motai,Phalodi,Phalodi,C_unique_gp_name_statewide,1,once,0
39668,0,1,SC,OBCW,tekra,BAP,JODHPUR,Tekra,Phalodi,Bap,C_unique_gp_name_statewide,1,once,0
39671,1,0,OBC W,GEN,asop,BHOPALGARH,JODHPUR,Asop,Jodhpur (Gramin),Bhopalgarh,C_unique_gp_name_statewide,1,once,0
39674,1,0,OBC W,GEN,barni khurd,BHOPALGARH,JODHPUR,Barni Khurd,Jodhpur (Gramin),Bhopalgarh,C_unique_gp_name_statewide,1,once,0
39675,1,1,GEN W,OBCW,basni harisingh,BHOPALGARH,JODHPUR,Basni Harisingh,Jodhpur (Gramin),Bhopalgarh,C_unique_gp_name_statewide,2,twice,0
39677,0,1,GEN,GENW,bhundana,BHOPALGARH,JODHPUR,Bhundana,Jodhpur (Gramin),Pipar Shahar,C_unique_gp_name_statewide,1,once,0
39682,0,1,SC,OBCW,gajsingh pura,BHOPALGARH,JODHPUR,Gajsinghpura,Jodhpur (Gramin),Bhopalgarh,C_unique_gp_name_statewide,1,once,0
39683,0,0,SC,OBC,garasani,BHOPALGARH,JODHPUR,Garasani,Jodhpur (Gramin),Bhopalgarh,C_unique_gp_name_statewide,0,never,0
39687,0,0,OBC,GEN,khariya khangar,BHOPALGARH,JODHPUR,Khariya Khangar,Jodhpur (Gramin),Bhopalgarh,C_unique_gp_name_statewide,0,never,0
39691,1,0,GEN W,GEN,kosana,BHOPALGARH,JODHPUR,Kosana,Jodhpur (Gramin),Pipar Shahar,C_unique_gp_name_statewide,1,once,0
39700,0,1,SC,OBCW,rajlani,BHOPALGARH,JODHPUR,Rajlani,Jodhpur (Gramin),Bhopalgarh,C_unique_gp_name_statewide,1,once,0
39708,0,1,OBC,GENW,surpura khurd,BHOPALGARH,JODHPUR,Surpurakhurd,Jodhpur (Gramin),Bhopalgarh,C_unique_gp_name_statewide,1,once,0
39711,0,0,SC,OBC,bhavi,BILARA,JODHPUR,Bhavi,Jodhpur (Gramin),Bilara,C_unique_gp_name_statewide,0,never,0
39716,0,1,OBC,GENW,buchkala,BILARA,JODHPUR,Buchkala,Jodhpur (Gramin),Pipar Shahar,C_unique_gp_name_statewide,1,once,0
39720,1,1,GEN W,OBCW,ghanamagra,BILARA,JODHPUR,Ghanamagra,Jodhpur (Gramin),Bilara,C_unique_gp_name_statewide,2,twice,0
39721,1,1,GEN W,GENW,hariyada,BILARA,JODHPUR,Hariyada,Jodhpur (Gramin),Bilara,C_unique_gp_name_statewide,2,twice,0
39725,1,0,GEN W,OBC,kalauna,BILARA,JODHPUR,Kalauna,Jodhpur (Gramin),Bilara,C_unique_gp_name_statewide,1,once,0
39730,1,0,GEN W,GEN,madliya,BILARA,JODHPUR,Madliya,Jodhpur (Gramin),Pipar Shahar,C_unique_gp_name_statewide,1,once,0
39732,1,0,OBC W,GEN,malkosni,BILARA,JODHPUR,Malkosni,Jodhpur (Gramin),Bilara,C_unique_gp_name_statewide,1,once,0
39734,0,0,GEN,SC,olvi,BILARA,JODHPUR,Olvi,Jodhpur (Gramin),Bilara,C_unique_gp_name_statewide,0,never,0
39736,0,1,GEN,GENW,patel nagar,BILARA,JODHPUR,Patelnagar,Jodhpur (Gramin),Bilara,C_unique_gp_name_statewide,1,once,0
39738,0,0,GEN,GEN,ramasani,BILARA,JODHPUR,Ramasani,Jodhpur (Gramin),Bilara,C_unique_gp_name_statewide,0,never,0
39740,0,1,SC,GENW,ransigaon,BILARA,JODHPUR,Ransigaon,Jodhpur (Gramin),Bilara,C_unique_gp_name_statewide,1,once,0
39743,0,1,SC,GENW,riyan,BILARA,JODHPUR,Riyan,Jodhpur (Gramin),Pipar Shahar,C_unique_gp_name_statewide,1,once,0
39745,0,1,GEN,GENW,silari,BILARA,JODHPUR,Silari,Jodhpur (Gramin),Pipar Shahar,C_unique_gp_name_statewide,1,once,0
39746,1,0,GEN W,GEN,sindhipura,BILARA,JODHPUR,Sindhipura,Jodhpur (Gramin),Pipar Shahar,C_unique_gp_name_statewide,1,once,0
39751,0,0,GEN,OBC,bhandu kalan,LUNI,JODHPUR,Bhandu Kalan,Jodhpur (Gramin),Jhanwar,C_unique_gp_name_statewide,0,never,0
39752,1,1,OBC W,GENW,bhatinda,LUNI,JODHPUR,Bhatinda,Jodhpur (Gramin),Kudi Bhagtasni,C_unique_gp_name_statewide,2,twice,0
39754,1,0,SC W,ST,boranada,LUNI,JODHPUR,Boranada,Jodhpur (Gramin),Jhanwar,C_unique_gp_name_statewide,1,once,0
39760,0,1,GEN,GENW,doli,LUNI,JODHPUR,Doli,Jodhpur (Gramin),Jhanwar,C_unique_gp_name_statewide,1,once,0
39764,0,1,GEN,SCW,janadesar,LUNI,JODHPUR,Janadesar,Jodhpur (Gramin),Jhanwar,C_unique_gp_name_statewide,1,once,0
39765,1,1,GEN W,GENW,jhalamand,LUNI,JODHPUR,Jhalamand,Jodhpur (Gramin),Kudi Bhagtasni,C_unique_gp_name_statewide,2,twice,0
39766,0,0,GEN,GEN,jhanwar,LUNI,JODHPUR,Jhanwar,Jodhpur (Gramin),Jhanwar,C_unique_gp_name_statewide,0,never,0
39768,1,1,GEN W,GENW,kalijal,LUNI,JODHPUR,Kalijal,Jodhpur (Gramin),Jhanwar,C_unique_gp_name_statewide,2,twice,0
39769,1,0,OBC W,GEN,kharabera purohitan,LUNI,JODHPUR,Kharaberapurohitan,Jodhpur (Gramin),Luni,C_unique_gp_name_statewide,1,once,0
39775,0,1,SC,GENW,luni,LUNI,JODHPUR,Luni,Jodhpur (Gramin),Luni,C_unique_gp_name_statewide,1,once,0
39776,0,0,OBC,GEN,modi joshiyan,LUNI,JODHPUR,Modi Joshiyan,Jodhpur (Gramin),Luni,C_unique_gp_name_statewide,0,never,0
39778,1,0,SC W,GEN,nandwan,LUNI,JODHPUR,Nandwan,Jodhpur (Gramin),Luni,C_unique_gp_name_statewide,1,once,0
39779,0,1,GEN,GENW,narnadi,LUNI,JODHPUR,Narnadi,Jodhpur (Gramin),Jhanwar,C_unique_gp_name_statewide,1,once,0
39781,1,0,GEN W,SC,palasani,LUNI,JODHPUR,Palasani,Jodhpur (Gramin),Kudi Bhagtasni,C_unique_gp_name_statewide,1,once,0
39783,0,0,OBC,SC,rohicha kalan,LUNI,JODHPUR,Rohichakalan,Jodhpur (Gramin),Luni,C_unique_gp_name_statewide,0,never,0
39787,0,1,GEN,GENW,satlana,LUNI,JODHPUR,Satlana,Jodhpur (Gramin),Luni,C_unique_gp_name_statewide,1,once,0
39788,0,1,GEN,GENW,shikarpura,LUNI,JODHPUR,Shikarpura,Jodhpur (Gramin),Luni,C_unique_gp_name_statewide,1,once,0
39789,0,0,GEN,GEN,subdand,LUNI,JODHPUR,Subdand,Jodhpur (Gramin),Luni,C_unique_gp_name_statewide,0,never,0
39795,0,0,GEN,GEN,bisalpur,MANDOR,JODHPUR,Bisalpur,Jodhpur,Jodhpur,B_exact_gp_district,0,never,0
39801,1,0,GEN W,OBC,indroka,MANDOR,JODHPUR,Indroka,Jodhpur,Jodhpur,B_exact_gp_district,1,once,0
39802,0,1,GEN,GENW,jajiwal kalan,MANDOR,JODHPUR,Jajiwal Kalan,Jodhpur,Jodhpur,B_exact_gp_district,1,once,0
39804,1,1,GEN W,GENW,joliyali,MANDOR,JODHPUR,Joliyali,Jodhpur,Jodhpur,B_exact_gp_district,2,twice,0
39807,0,0,SC,OBC,khatiyasani,MANDOR,JODHPUR,Khatiyasani,Jodhpur,Jodhpur,B_exact_gp_district,0,never,0
39814,0,0,GEN,ST,popawas,MANDOR,JODHPUR,Popawas,Jodhpur,Jodhpur,B_exact_gp_district,0,never,0
39815,0,0,GEN,GEN,rohila kalan,MANDOR,JODHPUR,Rohilakalan,Jodhpur,Jodhpur,B_exact_gp_district,0,never,0
39820,1,1,GEN W,OBCW,bana kabas,OSIAN,JODHPUR,Bana Ka Bas,Jodhpur (Gramin),Tinwari,C_unique_gp_name_statewide,2,twice,0
39832,0,0,OBC,GEN,bhimsagar,OSIAN,JODHPUR,Bhimsagar,Jodhpur (Gramin),Osian,C_unique_gp_name_statewide,0,never,0
39838,0,0,GEN,GEN,cherai,OSIAN,JODHPUR,Cherai,Jodhpur (Gramin),Tinwari,C_unique_gp_name_statewide,0,never,0
39842,0,0,OBC,GEN,ekalkhori,OSIAN,JODHPUR,Ekalkhori,Jodhpur (Gramin),Osian,C_unique_gp_name_statewide,0,never,0
39845,0,1,GEN,GENW,hatundi,PEESANGAN,AJMER,Hatundi,Jodhpur (Gramin),Baori,C_unique_gp_name_statewide,1,once,0
39846,1,1,OBC W,GENW,jakhan,OSIAN,JODHPUR,Jakhan,Phalodi,Bapini,C_unique_gp_name_statewide,2,twice,0
39853,1,0,ST W,GEN,khabra khurd,OSIAN,JODHPUR,Khabra Khurd,Jodhpur (Gramin),Osian,C_unique_gp_name_statewide,1,once,0
39856,0,0,SC,OBC,khetasar,OSIAN,JODHPUR,Khetasar,Jodhpur (Gramin),Osian,C_unique_gp_name_statewide,0,never,0
39858,0,1,ST,SCW,kinjari,OSIAN,JODHPUR,Kinjari,Jodhpur (Gramin),Osian,C_unique_gp_name_statewide,1,once,0
39870,0,1,OBC,GENW,nausar,OSIAN,JODHPUR,Nausar,Phalodi,Lohawat,C_unique_gp_name_statewide,1,once,0
39871,0,0,OBC,SC,osian,OSIAN,JODHPUR,Osian,Jodhpur (Gramin),Osian,C_unique_gp_name_statewide,0,never,0
39872,1,1,GEN W,GENW,palli,OSIAN,JODHPUR,Palli,Phalodi,Lohawat,C_unique_gp_name_statewide,2,twice,0
39873,1,1,GEN W,GENW,panchlakhurd,OSIAN,JODHPUR,Panchlakhurd,Jodhpur (Gramin),Tinwari,C_unique_gp_name_statewide,2,twice,0
39877,0,0,GEN,GEN,rampura bhatiyan,OSIAN,JODHPUR,Rampura Bhatiyan,Jodhpur (Gramin),Tinwari,C_unique_gp_name_statewide,0,never,0
39878,0,0,GEN,SC,samrau,OSIAN,JODHPUR,Samrau,Jodhpur (Gramin),Osian,C_unique_gp_name_statewide,0,never,0
39897,1,0,GEN W,GEN,fatehsagar,PHALODI,JODHPUR,Fatehsagar,Phalodi,Dechoo,C_unique_gp_name_statewide,1,once,0
39899,1,1,SC W,OBCW,indon ka bas,PHALODI,JODHPUR,Indon Ka Bas,Phalodi,Aau,C_unique_gp_name_statewide,2,twice,0
39900,0,1,OBC,GENW,ishru,PHALODI,JODHPUR,Ishru,Phalodi,Bapini,C_unique_gp_name_statewide,1,once,0
39908,0,0,GEN,GEN,lohawat vishnawas,PHALODI,JODHPUR,Lohawat Vishnawas,Phalodi,Lohawat,C_unique_gp_name_statewide,0,never,0
39911,0,1,SC,OBCW,mandla kalan,PHALODI,JODHPUR,Mandlakalan,Phalodi,Dechoo,C_unique_gp_name_statewide,1,once,0
39912,1,0,GEN W,OBC,mokheri,PHALODI,JODHPUR,Mokheri,Phalodi,Phalodi,C_unique_gp_name_statewide,1,once,0
39913,0,0,GEN,SC,moriya,PHALODI,JODHPUR,Moriya,Phalodi,Aau,C_unique_gp_name_statewide,0,never,0
39922,1,0,OBC W,GEN,shri krishannagar,PHALODI,JODHPUR,Shri Krishannagar,Jodhpur (Gramin),Osian,C_unique_gp_name_statewide,1,once,0
39924,1,0,GEN W,GEN,bhomsagar,SHERGARH,JODHPUR,Bhomsagar,Jodhpur (Gramin),Shergarh,C_unique_gp_name_statewide,1,once,0
39926,1,1,SC W,GENW,chaba,SHERGARH,JODHPUR,Chaba,Jodhpur (Gramin),Shergarh,C_unique_gp_name_statewide,2,twice,0
39927,0,0,GEN,OBC,chandsama,SHERGARH,JODHPUR,Chandsama,Phalodi,Dechoo,C_unique_gp_name_statewide,0,never,0
39934,0,0,GEN,GEN,gumansinghpura,SHERGARH,JODHPUR,Gumansinghpura,Jodhpur (Gramin),Shergarh,C_unique_gp_name_statewide,0,never,0
39937,0,0,GEN,GEN,jethaniya,SHERGARH,JODHPUR,Jethaniya,Phalodi,Setrawa,C_unique_gp_name_statewide,0,never,0
39938,0,1,SC,OBCW,jaitsar,SHERGARH,JODHPUR,Jaitsar,Jodhpur (Gramin),Balesar,C_unique_gp_name_statewide,1,once,0
39940,0,1,OBC,GENW,khirjakhas,SHERGARH,JODHPUR,Khirja Khas,Jodhpur (Gramin),Shergarh,C_unique_gp_name_statewide,1,once,0
39941,1,1,OBC W,GENW,khirjatibna,SHERGARH,JODHPUR,Khirja Tibna,Jodhpur (Gramin),Shergarh,C_unique_gp_name_statewide,2,twice,0
39945,0,1,GEN,OBCW,sabarsar,SHERGARH,JODHPUR,Sabarsar,Jodhpur (Gramin),Shergarh,C_unique_gp_name_statewide,1,once,0
39946,0,1,GEN,STW,sai,SHERGARH,JODHPUR,Sai,Jodhpur (Gramin),Shergarh,C_unique_gp_name_statewide,1,once,0
39949,0,0,GEN,ST,siyanda,SHERGARH,JODHPUR,Siyanda,Jodhpur (Gramin),Shergarh,C_unique_gp_name_statewide,0,never,0
39952,1,0,GEN W,GEN,somesar,SHERGARH,JODHPUR,Somesar,Jodhpur (Gramin),Shergarh,C_unique_gp_name_statewide,1,once,0
39954,0,0,GEN,SC,tena,SHERGARH,JODHPUR,Tena,Jodhpur (Gramin),Chamu,C_unique_gp_name_statewide,0,never,0
39956,1,1,GEN W,SCW,alipura,HINDAUN,KARAULI,Alipura,Karauli,Shrimahaveer Ji,B_exact_gp_district,2,twice,0
39961,1,1,SC W,GENW,bhango,HINDAUN,KARAULI,Bhango,Karauli,Hindaun,A_exact_gp_district_samiti,2,twice,0
39963,0,1,SC,GENW,chandangaon,HINDAUN,KARAULI,Chandangaon,Karauli,Shrimahaveer Ji,B_exact_gp_district,1,once,0
39966,0,1,SC,STW,danalpur,HINDAUN,KARAULI,Danalpur,Karauli,Shrimahaveer Ji,B_exact_gp_district,1,once,0
39973,0,0,SC,GEN,irniya,HINDAUN,KARAULI,Irniya,Karauli,Shrimahaveer Ji,B_exact_gp_district,0,never,0
39974,1,1,GEN W,SCW,jagar,HINDAUN,KARAULI,Jagar,Karauli,Suroth,B_exact_gp_district,2,twice,0
39976,0,1,GEN,GENW,jatwara,HINDAUN,KARAULI,Jatwara,Karauli,Suroth,B_exact_gp_district,1,once,0
39978,0,1,ST,GENW,kachroli,HINDAUN,KARAULI,Kachroli,Karauli,Hindaun,A_exact_gp_district_samiti,1,once,0
39979,0,0,GEN,GEN,karsoli,HINDAUN,KARAULI,Karsoli,Karauli,Hindaun,A_exact_gp_district_samiti,0,never,0
39981,0,0,GEN,GEN,khareta,HINDAUN,KARAULI,Khareta,Karauli,Hindaun,A_exact_gp_district_samiti,0,never,0
39985,1,1,GEN W,STW,kotri,HINDAUN,KARAULI,Kotri,Karauli,Hindaun,A_exact_gp_district_samiti,2,twice,0
39990,0,0,GEN,SC,mandawara,HINDAUN,KARAULI,Mandawara,Karauli,Hindaun,A_exact_gp_district_samiti,0,never,0
39991,0,0,SC,GEN,mothiyapura,HINDAUN,KARAULI,Mothiyapura,Karauli,Hindaun,A_exact_gp_district_samiti,0,never,0
39993,0,1,SC,GENW,shrimahaveerji,HINDAUN,KARAULI,Shri Mahaveer Ji,Karauli,Shrimahaveer Ji,B_exact_gp_district,1,once,0
39994,0,0,GEN,ST,palanpur,HINDAUN,KARAULI,Palanpur,Karauli,Hindaun,A_exact_gp_district_samiti,0,never,0
39995,0,0,GEN,GEN,pali,HINDAUN,KARAULI,Pali,Karauli,Suroth,B_exact_gp_district,0,never,0
39998,1,1,GEN W,SCW,rewai,HINDAUN,KARAULI,Rewai,Karauli,Hindaun,A_exact_gp_district_samiti,2,twice,0
39999,1,1,ST W,SCW,sanet,HINDAUN,KARAULI,Sanet,Karauli,Shrimahaveer Ji,B_exact_gp_district,2,twice,0
40000,1,1,SC W,GENW,sherpur,HINDAUN,KARAULI,Sherpur,Karauli,Suroth,B_exact_gp_district,2,twice,0
40001,1,0,SC W,GEN,sikroda meena,HINDAUN,KARAULI,Sikroda Meena,Karauli,Hindaun,A_exact_gp_district_samiti,1,once,0
40003,1,0,ST W,GEN,suroth,HINDAUN,KARAULI,Suroth,Karauli,Suroth,B_exact_gp_district,1,once,0
40006,1,1,GEN W,GENW,vijaypura,HINDAUN,KARAULI,Vijaypura,Karauli,Suroth,B_exact_gp_district,2,twice,0
40007,1,1,ST W,OBCW,atewa,KARAULI,KARAULI,Atewa,Karauli,Karauli,A_exact_gp_district_samiti,2,twice,0
40009,0,0,GEN,ST,bhavli,KARAULI,KARAULI,Bhavli,Karauli,Masalpur,B_exact_gp_district,0,never,0
40012,0,0,OBC,SC,danda,KARAULI,KARAULI,Danda,Karauli,Masalpur,B_exact_gp_district,0,never,0
40013,1,0,GEN W,GEN,dukawali,KARAULI,KARAULI,Dukawali,Karauli,Masalpur,B_exact_gp_district,1,once,0
40014,0,1,GEN,STW,fatehpur,KARAULI,KARAULI,Fatehpur,Karauli,Karauli,A_exact_gp_district_samiti,1,once,0
40015,0,0,SC,GEN,gerai,KARAULI,KARAULI,Gerai,Karauli,Karauli,A_exact_gp_district_samiti,0,never,0
40016,1,0,OBC W,GEN,gurla,SUWANA,BHILWARA,Gurla,Karauli,Karauli,C_unique_gp_name_statewide,1,once,0
40017,1,0,ST W,SC,gunesra,KARAULI,KARAULI,Gunesra,Karauli,Karauli,A_exact_gp_district_samiti,1,once,0
40019,1,1,SC W,STW,harnagar,KARAULI,KARAULI,Harnagar,Karauli,Karauli,A_exact_gp_district_samiti,2,twice,0
40024,0,0,SC,ST,karsai,KARAULI,KARAULI,Karsai,Karauli,Karauli,A_exact_gp_district_samiti,0,never,0
40025,1,1,GEN W,GENW,kashipura,KARAULI,KARAULI,Kashipura,Karauli,Karauli,A_exact_gp_district_samiti,2,twice,0
40034,0,1,GEN,GENW,mamchari,KARAULI,KARAULI,Mamchari,Karauli,Karauli,A_exact_gp_district_samiti,1,once,0
40036,0,1,ST,SCW,masalpur,KARAULI,KARAULI,Masalpur,Karauli,Masalpur,B_exact_gp_district,1,once,0
40039,0,0,GEN,ST,piprani,KARAULI,KARAULI,Piprani,Karauli,Masalpur,B_exact_gp_district,0,never,0
40041,0,1,SC,GENW,rajor,KARAULI,KARAULI,Rajor,Karauli,Karauli,A_exact_gp_district_samiti,1,once,0
40043,0,0,SC,OBC,ratiyapura,KARAULI,KARAULI,Ratiyapura,Karauli,Masalpur,B_exact_gp_district,0,never,0
40045,1,0,GEN W,OBC,rundhpura,KARAULI,KARAULI,Rundhpura,Karauli,Masalpur,B_exact_gp_district,1,once,0
40048,1,1,GEN W,SCW,seeloti,KARAULI,KARAULI,Seeloti,Karauli,Masalpur,B_exact_gp_district,2,twice,0
40049,0,1,ST,GENW,semarda,KARAULI,KARAULI,Semarda,Karauli,Karauli,A_exact_gp_district_samiti,1,once,0
40051,0,1,GEN,SCW,tulsipura,KARAULI,KARAULI,Tulsipura,Karauli,Karauli,A_exact_gp_district_samiti,1,once,0
40055,1,0,GEN W,ST,bardala,NADOTI,KARAULI,Bardala,Gangapurcity,Nadoti,C_unique_gp_name_statewide,1,once,0
40058,1,1,SC W,GENW,dalpura,NADOTI,KARAULI,Dalpura,Gangapurcity,Nadoti,C_unique_gp_name_statewide,2,twice,0
40060,0,1,ST,GENW,dholeta,NADOTI,KARAULI,Dholeta,Gangapurcity,Nadoti,C_unique_gp_name_statewide,1,once,0
40064,0,1,ST,GENW,jeetkipur,NADOTI,KARAULI,Jeetkipur,Gangapurcity,Nadoti,C_unique_gp_name_statewide,1,once,0
40067,0,1,SC,SCW,kemla,NADOTI,KARAULI,Kemla,Gangapurcity,Nadoti,C_unique_gp_name_statewide,1,once,0
40068,0,1,GEN,STW,kunjela,NADOTI,KARAULI,Kunjela,Gangapurcity,Nadoti,C_unique_gp_name_statewide,1,once,0
40070,1,0,ST W,GEN,nadoti,NADOTI,KARAULI,Nadoti,Gangapurcity,Nadoti,C_unique_gp_name_statewide,1,once,0
40074,0,0,SC,GEN,ronsi,NADOTI,KARAULI,Ronsi,Gangapurcity,Nadoti,C_unique_gp_name_statewide,0,never,0
40078,0,0,GEN,GEN,talchida,NADOTI,KARAULI,Talchida,Gangapurcity,Nadoti,C_unique_gp_name_statewide,0,never,0
40079,1,0,OBC W,SC,tesgaon,NADOTI,KARAULI,Tesgaon,Gangapurcity,Nadoti,C_unique_gp_name_statewide,1,once,0
40080,1,1,GEN W,STW,timawa,NADOTI,KARAULI,Timawa,Gangapurcity,Nadoti,C_unique_gp_name_statewide,2,twice,0
40081,1,1,ST W,GENW,amargarh,SAPOTRA,KARAULI,Amargarh,Karauli,Sapotra,A_exact_gp_district_samiti,2,twice,0
40085,0,0,GEN,ST,bahadarpur,SAPOTRA,KARAULI,Bahadarpur,Karauli,Sapotra,A_exact_gp_district_samiti,0,never,0
40094,1,0,GEN W,GEN,bugdar,SAPOTRA,KARAULI,Bugdar,Karauli,Mandrayal,B_exact_gp_district,1,once,0
40095,1,0,GEN W,ST,chandelipura,SAPOTRA,KARAULI,Chandelipura,Karauli,Mandrayal,B_exact_gp_district,1,once,0
40097,1,1,ST W,SCW,dabra,SAPOTRA,KARAULI,Dabra,Karauli,Sapotra,A_exact_gp_district_samiti,2,twice,0
40099,0,0,ST,SC,dhoreta,SAPOTRA,KARAULI,Dhoreta,Karauli,Mandrayal,B_exact_gp_district,0,never,0
40100,0,0,GEN,ST,dikolikalan,SAPOTRA,KARAULI,Dikoli Kalan,Karauli,Sapotra,A_exact_gp_district_samiti,0,never,0
40101,1,0,SC W,ST,ekat,SAPOTRA,KARAULI,Ekat,Karauli,Sapotra,A_exact_gp_district_samiti,1,once,0
40102,0,1,GEN,STW,gajjupura,SAPOTRA,KARAULI,Gajjupura,Karauli,Sapotra,A_exact_gp_district_samiti,1,once,0
40103,1,1,GEN W,STW,gothra,SAPOTRA,KARAULI,Gothra,Karauli,Sapotra,A_exact_gp_district_samiti,2,twice,0
40105,0,0,ST,SC,hariya ka mandir,SAPOTRA,KARAULI,Hariya Ka Mandir,Karauli,Sapotra,A_exact_gp_district_samiti,0,never,0
40107,1,0,SC W,ST,inayati,SAPOTRA,KARAULI,Inayati,Karauli,Sapotra,A_exact_gp_district_samiti,1,once,0
40109,0,0,GEN,ST,jeerota,SAPOTRA,KARAULI,Jeerota,Karauli,Sapotra,A_exact_gp_district_samiti,0,never,0
40111,0,1,ST,SCW,kachroda,SAPOTRA,KARAULI,Kachroda,Karauli,Sapotra,A_exact_gp_district_samiti,1,once,0
40113,1,1,ST W,GENW,karanpur,SAPOTRA,KARAULI,Karanpur,Karauli,Mandrayal,B_exact_gp_district,2,twice,0
40114,0,1,SC,STW,kased,SAPOTRA,KARAULI,Kased,Karauli,Sapotra,A_exact_gp_district_samiti,1,once,0
40117,0,0,ST,GEN,langra,SAPOTRA,KARAULI,Langra,Karauli,Mandrayal,B_exact_gp_district,0,never,0
40118,0,0,SC,ST,lediya,SAPOTRA,KARAULI,Lediya,Karauli,Sapotra,A_exact_gp_district_samiti,0,never,0
40124,0,1,GEN,STW,nanpur,SAPOTRA,KARAULI,Nanpur,Karauli,Sapotra,A_exact_gp_district_samiti,1,once,0
40126,0,1,ST,GENW,neendar,SAPOTRA,KARAULI,Neendar,Karauli,Mandrayal,B_exact_gp_district,1,once,0
40129,0,1,GEN,STW,pancholi,SAPOTRA,KARAULI,Pancholi,Karauli,Mandrayal,B_exact_gp_district,1,once,0
40130,0,1,GEN,SCW,rahir,SAPOTRA,KARAULI,Rahir,Karauli,Sapotra,A_exact_gp_district_samiti,1,once,0
40131,0,0,ST,GEN,ranipura,SAPOTRA,KARAULI,Ranipura,Karauli,Mandrayal,B_exact_gp_district,0,never,0
40137,1,1,ST W,GENW,balghat,TODABHIM,KARAULI,Balghat,Gangapurcity,Balghat,C_unique_gp_name_statewide,2,twice,0
40139,1,0,ST W,GEN,bhanakpura,TODABHIM,KARAULI,Bhanakpura,Gangapurcity,Todabhim,C_unique_gp_name_statewide,1,once,0
40141,1,1,SC W,STW,bhopur,TODABHIM,KARAULI,Bhopur,Gangapurcity,Balghat,C_unique_gp_name_statewide,2,twice,0
40166,1,0,GEN W,ST,nangal mandal,TODABHIM,KARAULI,Nangal Mandal,Gangapurcity,Todabhim,C_unique_gp_name_statewide,1,once,0
40167,0,1,ST,SCW,nangal sherpur,TODABHIM,KARAULI,Nangal Sherpur,Gangapurcity,Balghat,C_unique_gp_name_statewide,1,once,0
40174,0,0,GEN,GEN,sankarwara,TODABHIM,KARAULI,Sankarwara,Gangapurcity,Todabhim,C_unique_gp_name_statewide,0,never,0
40180,0,0,ST,SC,ayana,ITAWA,KOTA,Ayana,Kota,Pipalda,B_exact_gp_district,0,never,0
40181,0,1,ST,STW,ayani,ITAWA,KOTA,Ayani,Kota,Pipalda,B_exact_gp_district,1,once,0
40182,0,0,ST,GEN,bagli,ITAWA,KOTA,Bagli,Kota,Pipalda,B_exact_gp_district,0,never,0
40183,1,1,GEN W,GENW,balupa,ITAWA,KOTA,Balupa,Kota,Pipalda,B_exact_gp_district,2,twice,0
40185,1,1,GEN W,STW,binayaka,ITAWA,KOTA,Binayaka,Kota,Pipalda,B_exact_gp_district,2,twice,0
40186,1,0,SC W,ST,borda,ITAWA,KOTA,Borda,Kota,Pipalda,B_exact_gp_district,1,once,0
40190,0,1,GEN,GENW,ganeshganj,ITAWA,KOTA,Ganesh Ganj,Kota,Pipalda,B_exact_gp_district,1,once,0
40195,1,0,SC W,GEN,jorawarpura,ITAWA,KOTA,Jorawarpura,Kota,Pipalda,B_exact_gp_district,1,once,0
40199,1,0,GEN W,GEN,khatoli,ITAWA,KOTA,Khatoli,Kota,Pipalda,B_exact_gp_district,1,once,0
40203,1,1,ST W,GENW,nimola,ITAWA,KOTA,Nimola,Kota,Pipalda,B_exact_gp_district,2,twice,0
40204,0,0,SC,GEN,nonera,ITAWA,KOTA,Nonera,Kota,Pipalda,B_exact_gp_district,0,never,0
40206,0,0,SC,GEN,rajopa,ITAWA,KOTA,Rajopa,Kota,Pipalda,B_exact_gp_district,0,never,0
40207,0,0,GEN,OBC,ranodiya,ITAWA,KOTA,Ranodiya,Kota,Pipalda,B_exact_gp_district,0,never,0
40210,0,1,SC,GENW,alod,KHAIRABAD,KOTA,Alod,Kota,Chechat,B_exact_gp_district,1,once,0
40211,0,1,GEN,SCW,arniyakalan,KHAIRABAD,KOTA,Arniya Kalan,Kota,Ramganj Mandi,B_exact_gp_district,1,once,0
40214,0,1,GEN,OBCW,chechat,KHAIRABAD,KOTA,Chechat,Kota,Chechat,B_exact_gp_district,1,once,0
40216,0,0,GEN,ST,devlikhurd,KHAIRABAD,KOTA,Devli Khurd,Kota,Ramganj Mandi,B_exact_gp_district,0,never,0
40218,1,1,SC W,STW,gadiya,KHAIRABAD,KOTA,Gadiya,Kota,Ramganj Mandi,B_exact_gp_district,2,twice,0
40219,0,0,SC,GEN,ghatoli,KHAIRABAD,KOTA,Ghatoli,Kota,Chechat,B_exact_gp_district,0,never,0
40220,0,1,GEN,SCW,goyanda,KHAIRABAD,KOTA,Goyanda,Kota,Ramganj Mandi,B_exact_gp_district,1,once,0
40224,1,1,SC,GENW,khairabad,KHAIRABAD,KOTA,Khairabad,Kota,Ramganj Mandi,B_exact_gp_district,2,twice,0
40233,1,0,SC W,ST,manda,KHAIRABAD,KOTA,Manda,Kota,Ramganj Mandi,B_exact_gp_district,1,once,0
40234,0,1,SC,STW,modak gaon,KHAIRABAD,KOTA,Modak Gaon,Kota,Chechat,B_exact_gp_district,1,once,0
40247,1,1,ST W,OBCW,baniyani,LADPURA,KOTA,Baniyani,Kota,Ladpura,A_exact_gp_district_samiti,2,twice,0
40249,1,0,GEN W,OBC,borabas,LADPURA,KOTA,Borabas,Kota,Ladpura,A_exact_gp_district_samiti,1,once,0
40257,0,1,GEN,SCW,kasar,LADPURA,KOTA,Kasar,Kota,Ladpura,A_exact_gp_district_samiti,1,once,0
40261,0,0,OBC,GEN,mandana,LADPURA,KOTA,Mandana,Kota,Ladpura,A_exact_gp_district_samiti,0,never,0
40264,1,1,GEN W,GENW,mawasa,LADPURA,KOTA,Mawasa,Kota,Ladpura,A_exact_gp_district_samiti,2,twice,0
40265,0,0,SC,ST,rangpur,LADPURA,KOTA,Rangpur,Kota,Ladpura,A_exact_gp_district_samiti,0,never,0
40266,0,1,OBC,GENW,tather,LADPURA,KOTA,Tather,Kota,Ladpura,A_exact_gp_district_samiti,1,once,0
40267,1,1,GEN W,SCW,amritkuan,SANGOD,KOTA,Amritkuan,Kota,Sangod,A_exact_gp_district_samiti,2,twice,0
40272,0,1,OBC,SCW,borinakalan,SANGOD,KOTA,Borinakalan,Kota,Sangod,A_exact_gp_district_samiti,1,once,0
40273,0,0,GEN,OBC,danta,SANGOD,KOTA,Danta,Kota,Kanwas,B_exact_gp_district,0,never,0
40274,1,1,SC,GENW,deegod,SANGOD,KOTA,Deegod,Kota,Sangod,A_exact_gp_district_samiti,2,twice,0
40275,1,1,SC W,GENW,devli,SANGOD,KOTA,Devli,Kota,Kanwas,B_exact_gp_district,2,twice,0
40276,0,0,GEN,GEN,dillipura,SANGOD,KOTA,Dillipura,Kota,Sangod,A_exact_gp_district_samiti,0,never,0
40282,1,0,OBC W,GEN,jhalri,SANGOD,KOTA,Jhalri,Kota,Kanwas,B_exact_gp_district,1,once,0
40283,0,0,GEN,SC,kamolar,SANGOD,KOTA,Kamolar,Kota,Sangod,A_exact_gp_district_samiti,0,never,0
40284,0,1,OBC,GENW,kanwas,SANGOD,KOTA,Kanwas,Kota,Kanwas,B_exact_gp_district,1,once,0
40285,1,1,OBC W,SCW,khadiya,SANGOD,KOTA,Khadiya,Kota,Sangod,A_exact_gp_district_samiti,2,twice,0
40286,0,1,GEN,SCW,khajoori,NAINWA,BUNDI,Khajoori,Kota,Sangod,C_unique_gp_name_statewide,1,once,0
40288,1,1,GEN W,GENW,kishanpura,SANGOD,KOTA,Kishanpura,Kota,Sangod,A_exact_gp_district_samiti,2,twice,0
40289,1,0,SC W,GEN,kundanpur,SANGOD,KOTA,Kundanpur,Kota,Sangod,A_exact_gp_district_samiti,1,once,0
40290,0,0,ST,OBC,kurad,SANGOD,KOTA,Kurad,Kota,Kanwas,B_exact_gp_district,0,never,0
40292,0,0,GEN,OBC,labaniya,SANGOD,KOTA,Labaniya,Kota,Sangod,A_exact_gp_district_samiti,0,never,0
40293,0,1,GEN,OBCW,lodaheda,SANGOD,KOTA,Loda Heda,Kota,Kanwas,B_exact_gp_district,1,once,0
40295,1,1,SC W,OBCW,mamor,SANGOD,KOTA,Mamor,Kota,Sangod,A_exact_gp_district_samiti,2,twice,0
40296,0,1,ST,GENW,mandap,SANGOD,KOTA,Mandap,Kota,Sangod,A_exact_gp_district_samiti,1,once,0
40297,0,1,ST,GENW,mandita,SANGOD,KOTA,Mandita,Kota,Sangod,A_exact_gp_district_samiti,1,once,0
40300,0,0,SC,GEN,sawanbhado,SANGOD,KOTA,Sawan Bhado,Kota,Kanwas,B_exact_gp_district,0,never,0
40301,0,0,SC,ST,shyampura,SANGOD,KOTA,Shyampura,Kota,Sangod,A_exact_gp_district_samiti,0,never,0
40302,1,1,GEN W,GENW,vinodkhurd,SANGOD,KOTA,Vinod Khurd,Kota,Sangod,A_exact_gp_district_samiti,2,twice,0
40303,0,1,ST,GENW,amarpura,SULTANPUR,KOTA,Amarpura,Kota,Digod,B_exact_gp_district,1,once,0
40304,0,1,SC,STW,bamori,SULTANPUR,KOTA,Bamori,Kota,Digod,B_exact_gp_district,1,once,0
40307,1,0,SC W,OBC,bhandaheda,SULTANPUR,KOTA,Bhanda Heda,Kota,Digod,B_exact_gp_district,1,once,0
40309,0,0,GEN,SC,bislai,SULTANPUR,KOTA,Bislai,Kota,Digod,B_exact_gp_district,0,never,0
40311,1,1,SC W,GENW,chomamaliyan,SULTANPUR,KOTA,Choma Maliyan,Kota,Digod,B_exact_gp_district,2,twice,0
40318,0,0,GEN,SC,kherula,SULTANPUR,KOTA,Kherula,Kota,Digod,B_exact_gp_district,0,never,0
40319,0,1,SC,STW,kishorpura,SULTANPUR,KOTA,Kishorpura,Kota,Digod,B_exact_gp_district,1,once,0
40322,0,0,GEN,OBC,lakhsanija,SULTANPUR,KOTA,Lakhsanija,Kota,Digod,B_exact_gp_district,0,never,0
40324,0,0,GEN,GEN,mandawara,SULTANPUR,KOTA,Mandawara,Kota,Digod,B_exact_gp_district,0,never,0
40325,0,0,SC,GEN,morpa,SULTANPUR,KOTA,Morpa,Kota,Digod,B_exact_gp_district,0,never,0
40326,0,0,OBC,GEN,mundla,SULTANPUR,KOTA,Mundla,Kota,Digod,B_exact_gp_district,0,never,0
40327,0,0,GEN,GEN,nimoda,SULTANPUR,KOTA,Nimoda,Kota,Digod,B_exact_gp_district,0,never,0
40329,1,1,SC W,GENW,polaikalan,SULTANPUR,KOTA,Polai Kalan,Kota,Digod,B_exact_gp_district,2,twice,0
40330,1,0,GEN W,ST,rail gaon,SULTANPUR,KOTA,Railgaon,Kota,Digod,B_exact_gp_district,1,once,0
40331,0,1,ST,GENW,sarola,SULTANPUR,KOTA,Sarola,Kota,Digod,B_exact_gp_district,1,once,0
40334,0,1,GEN,GENW,takarwada,SULTANPUR,KOTA,Takarwada,Kota,Digod,B_exact_gp_district,1,once,0
40338,1,0,GEN W,OBC,banwarla,DEGANA,NAGAUR,Banwarla,Nagaur,Degana,A_exact_gp_district_samiti,1,once,0
40339,1,0,SC W,GEN,barna,DEGANA,NAGAUR,Barna,Nagaur,Sanjoo,B_exact_gp_district,1,once,0
40341,0,0,GEN,SC,butati,DEGANA,NAGAUR,Butati,Nagaur,Sanjoo,B_exact_gp_district,0,never,0
40342,0,0,SC,GEN,chandaroon,DEGANA,NAGAUR,Chanda Roon,Nagaur,Degana,A_exact_gp_district_samiti,0,never,0
40343,1,0,GEN W,SC,choliyas,DEGANA,NAGAUR,Choliyas,Nagaur,Sanjoo,B_exact_gp_district,1,once,0
40345,0,1,OBC,GENW,chui,DEGANA,NAGAUR,Chui,Nagaur,Degana,A_exact_gp_district_samiti,1,once,0
40347,1,1,SC W,GENW,degana gaon,DEGANA,NAGAUR,Degana Gaon,Nagaur,Degana,A_exact_gp_district_samiti,2,twice,0
40350,1,0,OBC W,SC,gunsali,DEGANA,NAGAUR,Gunsali,Nagaur,Degana,A_exact_gp_district_samiti,1,once,0
40351,0,1,GEN,GENW,harsor,DEGANA,NAGAUR,Harsor,Nagaur,Degana,A_exact_gp_district_samiti,1,once,0
40359,0,0,GEN,GEN,kitalsar,DEGANA,NAGAUR,Kitalsar,Nagaur,Degana,A_exact_gp_district_samiti,0,never,0
40364,0,0,OBC,GEN,mogas,DEGANA,NAGAUR,Mogas,Nagaur,Degana,A_exact_gp_district_samiti,0,never,0
40368,0,0,SC,OBC,nimbolakalan,DEGANA,NAGAUR,Nimbola Kalan,Nagaur,Degana,A_exact_gp_district_samiti,0,never,0
40372,0,1,GEN,GENW,pundlota,DEGANA,NAGAUR,Pundlota,Nagaur,Degana,A_exact_gp_district_samiti,1,once,0
40373,1,0,GEN W,OBC,rajlota,DEGANA,NAGAUR,Rajlota,Nagaur,Degana,A_exact_gp_district_samiti,1,once,0
40374,1,0,OBC W,GEN,rajod,DEGANA,NAGAUR,Rajod,Nagaur,Degana,A_exact_gp_district_samiti,1,once,0
40377,0,0,GEN,GEN,thata,DEGANA,NAGAUR,Thata,Nagaur,Degana,A_exact_gp_district_samiti,0,never,0
40381,0,0,GEN,GEN,alakhpura,DIDWANA,NAGAUR,Alakh Pura,Didwana-Kuchaman,Maulasar,C_unique_gp_name_statewide,0,never,0
40382,0,1,OBC,GENW,baliya,DIDWANA,NAGAUR,Baliya,Didwana-Kuchaman,Didwana,C_unique_gp_name_statewide,1,once,0
40384,0,0,SC,OBC,bardawa,DIDWANA,NAGAUR,Bardawa,Didwana-Kuchaman,Didwana,C_unique_gp_name_statewide,0,never,0
40385,1,1,OBC W,SCW,barangana,DIDWANA,NAGAUR,Barangana,Didwana-Kuchaman,Didwana,C_unique_gp_name_statewide,2,twice,0
40386,0,0,GEN,OBC,begsar,DIDWANA,NAGAUR,Begsar,Didwana-Kuchaman,Maulasar,C_unique_gp_name_statewide,0,never,0
40395,0,1,OBC,GENW,dadu basni,DIDWANA,NAGAUR,Dadu Basni,Didwana-Kuchaman,Didwana,C_unique_gp_name_statewide,1,once,0
40396,1,0,OBC W,GEN,dakipura,DIDWANA,NAGAUR,Daki Pura,Didwana-Kuchaman,Maulasar,C_unique_gp_name_statewide,1,once,0
40404,0,0,GEN,OBC,kerap,DIDWANA,NAGAUR,Kerap,Didwana-Kuchaman,Chhoti Khatoo,C_unique_gp_name_statewide,0,never,0
40406,1,1,GEN W,GENW,kharesh,DIDWANA,NAGAUR,Kharesh,Didwana-Kuchaman,Didwana,C_unique_gp_name_statewide,2,twice,0
40408,0,0,GEN,GEN,khatukhurd,DIDWANA,NAGAUR,Khatu Khurd,Didwana-Kuchaman,Chhoti Khatoo,C_unique_gp_name_statewide,0,never,0
40410,0,0,GEN,SC,khunkhuna,DIDWANA,NAGAUR,Khunkhuna,Didwana-Kuchaman,Didwana,C_unique_gp_name_statewide,0,never,0
40412,0,0,SC,OBC,ladariya,DIDWANA,NAGAUR,Ladariya,Didwana-Kuchaman,Maulasar,C_unique_gp_name_statewide,0,never,0
40413,1,0,OBC W,GEN,lalasari,DIDWANA,NAGAUR,Lalasari,Didwana-Kuchaman,Didwana,C_unique_gp_name_statewide,1,once,0
40416,0,1,SC,GENW,mandukara,DIDWANA,NAGAUR,Mandukara,Didwana-Kuchaman,Chhoti Khatoo,C_unique_gp_name_statewide,1,once,0
40417,1,1,OBC W,GENW,mawa,DIDWANA,NAGAUR,Mawa,Didwana-Kuchaman,Didwana,C_unique_gp_name_statewide,2,twice,0
40418,0,1,GEN,SCW,molasar,DIDWANA,NAGAUR,Molasar,Didwana-Kuchaman,Maulasar,C_unique_gp_name_statewide,1,once,0
40419,0,1,OBC,GENW,nimbikalan,DIDWANA,NAGAUR,Nimbi Kalan,Didwana-Kuchaman,Didwana,C_unique_gp_name_statewide,1,once,0
40422,0,1,SC,GENW,palot,DIDWANA,NAGAUR,Palot,Didwana-Kuchaman,Chhoti Khatoo,C_unique_gp_name_statewide,1,once,0
40427,0,1,OBC,GENW,saniya,DIDWANA,NAGAUR,Saniya,Didwana-Kuchaman,Chhoti Khatoo,C_unique_gp_name_statewide,1,once,0
40428,0,0,GEN,OBC,sherani abad,DIDWANA,NAGAUR,Sherani Abad,Didwana-Kuchaman,Chhoti Khatoo,C_unique_gp_name_statewide,0,never,0
40432,0,0,OBC,SC,sudrasan,DIDWANA,NAGAUR,Sudrasan,Didwana-Kuchaman,Maulasar,C_unique_gp_name_statewide,0,never,0
40433,0,0,GEN,GEN,thanu,DIDWANA,NAGAUR,Thanu,Didwana-Kuchaman,Didwana,C_unique_gp_name_statewide,0,never,0
40435,0,1,GEN,OBCW,toshina,DIDWANA,NAGAUR,Toshina,Didwana-Kuchaman,Chhoti Khatoo,C_unique_gp_name_statewide,1,once,0
40439,0,1,GEN,SCW,barnel,JAYAL,NAGAUR,Barnel,Nagaur,Jayal,A_exact_gp_district_samiti,1,once,0
40440,1,1,OBC W,GENW,bhawala,JAYAL,NAGAUR,Bhawala,Nagaur,Jayal,A_exact_gp_district_samiti,2,twice,0
40445,0,0,OBC,SC,deh,JAYAL,NAGAUR,Deh,Nagaur,Deh,B_exact_gp_district,0,never,0
40446,0,0,OBC,GEN,dharna,JAYAL,NAGAUR,Dharna,Nagaur,Jayal,A_exact_gp_district_samiti,0,never,0
40451,0,1,SC,OBCW,dugoli,JAYAL,NAGAUR,Dugoli,Nagaur,Jayal,A_exact_gp_district_samiti,1,once,0
40453,0,0,SC,GEN,geloli,JAYAL,NAGAUR,Geloli,Nagaur,Jayal,A_exact_gp_district_samiti,0,never,0
40454,0,0,GEN,SC,gorau,JAYAL,NAGAUR,Gorau,Nagaur,Jayal,A_exact_gp_district_samiti,0,never,0
40460,0,0,SC,OBC,kamediya,JAYAL,NAGAUR,Kamediya,Nagaur,Deh,B_exact_gp_district,0,never,0
40461,1,1,OBC W,SCW,kathoti,JAYAL,NAGAUR,Kathoti,Nagaur,Jayal,A_exact_gp_district_samiti,2,twice,0
40466,0,0,GEN,GEN,manglod,JAYAL,NAGAUR,Manglod,Nagaur,Deh,B_exact_gp_district,0,never,0
40468,1,0,SC W,GEN,rajod,JAYAL,NAGAUR,Rajod,Nagaur,Jayal,A_exact_gp_district_samiti,1,once,0
40469,1,1,GEN W,GENW,ratanga,JAYAL,NAGAUR,Ratanga,Nagaur,Deh,B_exact_gp_district,2,twice,0
40471,1,0,GEN W,GEN,rol,JAYAL,NAGAUR,Rol,Nagaur,Jayal,A_exact_gp_district_samiti,1,once,0
40472,0,0,GEN,SC,roopathal,JAYAL,NAGAUR,Roopathal,Nagaur,Jayal,A_exact_gp_district_samiti,0,never,0
40475,0,1,OBC,GENW,somna,JAYAL,NAGAUR,Somna,Nagaur,Deh,B_exact_gp_district,1,once,0
40476,0,1,GEN,GENW,soneli,JAYAL,NAGAUR,Soneli,Nagaur,Deh,B_exact_gp_district,1,once,0
40477,1,0,SC W,GEN,surpaliya,JAYAL,NAGAUR,Surpaliya,Nagaur,Deh,B_exact_gp_district,1,once,0
40480,1,0,GEN W,SC,tarnau,JAYAL,NAGAUR,Tarnau,Nagaur,Jayal,A_exact_gp_district_samiti,1,once,0
40481,0,1,GEN,SCW,adaksar,KUCHAMANCITY,NAGAUR,Adaksar,Didwana-Kuchaman,Kuchaman City,C_unique_gp_name_statewide,1,once,0
40483,0,1,GEN,GENW,barjan,KUCHAMANCITY,NAGAUR,Barjan,Didwana-Kuchaman,Nawa,C_unique_gp_name_statewide,1,once,0
40490,0,1,GEN,SCW,chosla,KUCHAMANCITY,NAGAUR,Chosla,Didwana-Kuchaman,Nawa,C_unique_gp_name_statewide,1,once,0
40492,0,1,SC,GENW,devalikalan,RAIPUR,PALI,Devali Kalan,Didwana-Kuchaman,Nawa,C_unique_gp_name_statewide,1,once,0
40493,0,0,GEN,SC,ghatwa,KUCHAMANCITY,NAGAUR,Ghatwa,Didwana-Kuchaman,Kuchaman City,C_unique_gp_name_statewide,0,never,0
40494,0,1,GEN,GENW,govindi,KUCHAMANCITY,NAGAUR,Govindi,Didwana-Kuchaman,Nawa,C_unique_gp_name_statewide,1,once,0
40500,0,1,OBC,GENW,jabdinagar,KUCHAMANCITY,NAGAUR,Jabdinagar,Didwana-Kuchaman,Nawa,C_unique_gp_name_statewide,1,once,0
40501,0,1,OBC,GENW,jeejot,KUCHAMANCITY,NAGAUR,Jeejot,Didwana-Kuchaman,Kuchaman City,C_unique_gp_name_statewide,1,once,0
40507,0,0,GEN,OBC,kukanwali,KUCHAMANCITY,NAGAUR,Kukanwali,Didwana-Kuchaman,Kuchaman City,C_unique_gp_name_statewide,0,never,0
40509,1,0,GEN W,GEN,lichana,KUCHAMANCITY,NAGAUR,Lichana,Didwana-Kuchaman,Nawa,C_unique_gp_name_statewide,1,once,0
40513,1,0,GEN W,OBC,maroth,KUCHAMANCITY,NAGAUR,Maroth,Didwana-Kuchaman,Nawa,C_unique_gp_name_statewide,1,once,0
40517,1,0,GEN W,GEN,muwana,KUCHAMANCITY,NAGAUR,Muwana,Didwana-Kuchaman,Nawa,C_unique_gp_name_statewide,1,once,0
40519,1,1,SC W,GENW,nalot,KUCHAMANCITY,NAGAUR,Nalot,Didwana-Kuchaman,Kuchaman City,C_unique_gp_name_statewide,2,twice,0
40526,0,0,GEN,GEN,rajliya,KUCHAMANCITY,NAGAUR,Rajliya,Didwana-Kuchaman,Nawa,C_unique_gp_name_statewide,0,never,0
40527,0,0,SC,GEN,rasal,KUCHAMANCITY,NAGAUR,Rasal,Didwana-Kuchaman,Kuchaman City,C_unique_gp_name_statewide,0,never,0
40530,1,1,SC W,GENW,shimbhupura,KUCHAMANCITY,NAGAUR,Shimbhupura,Didwana-Kuchaman,Nawa,C_unique_gp_name_statewide,2,twice,0
40533,0,1,GEN,OBCW,solaya,KUCHAMANCITY,NAGAUR,Solaya,Didwana-Kuchaman,Nawa,C_unique_gp_name_statewide,1,once,0
40534,0,0,OBC,GEN,todas,KUCHAMANCITY,NAGAUR,Todas,Didwana-Kuchaman,Kuchaman City,C_unique_gp_name_statewide,0,never,0
40535,0,1,GEN,GENW,ugarpura,KUCHAMANCITY,NAGAUR,Ugarpura,Didwana-Kuchaman,Kuchaman City,C_unique_gp_name_statewide,1,once,0
40537,1,0,OBC W,SC,bakaliya,LADNU,NAGAUR,Bakaliya,Didwana-Kuchaman,Ladnu,C_unique_gp_name_statewide,1,once,0
40538,0,1,SC,GENW,baldu,LADNU,NAGAUR,Baldu,Didwana-Kuchaman,Ladnu,C_unique_gp_name_statewide,1,once,0
40539,1,0,GEN W,OBC,balsamand,LADNU,NAGAUR,Balsamand,Didwana-Kuchaman,Ladnu,C_unique_gp_name_statewide,1,once,0
40541,1,1,SC W,OBCW,chhapara,LADNU,NAGAUR,Chhapara,Didwana-Kuchaman,Ladnu,C_unique_gp_name_statewide,2,twice,0
40543,0,0,GEN,OBC,dhyawa,LADNU,NAGAUR,Dhyawa,Didwana-Kuchaman,Ladnu,C_unique_gp_name_statewide,0,never,0
40544,0,0,GEN,SC,dujar,LADNU,NAGAUR,Dujar,Didwana-Kuchaman,Ladnu,C_unique_gp_name_statewide,0,never,0
40550,0,0,GEN,OBC,khamiyad,LADNU,NAGAUR,Khamiyad,Didwana-Kuchaman,Ladnu,C_unique_gp_name_statewide,0,never,0
40554,1,1,GEN W,SCW,mangalpura,LADNU,NAGAUR,Mangalpura,Didwana-Kuchaman,Ladnu,C_unique_gp_name_statewide,2,twice,0
40556,0,0,OBC,GEN,nimbi jodha,LADNU,NAGAUR,Nimbi Jodha,Didwana-Kuchaman,Ladnu,C_unique_gp_name_statewide,0,never,0
40558,1,0,OBC W,SC,ratau,LADNU,NAGAUR,Ratau,Didwana-Kuchaman,Ladnu,C_unique_gp_name_statewide,1,once,0
40559,0,1,GEN,GENW,reengan,LADNU,NAGAUR,Reengan,Didwana-Kuchaman,Ladnu,C_unique_gp_name_statewide,1,once,0
40562,1,0,SC W,OBC,sardi,LADNU,NAGAUR,Sardi,Didwana-Kuchaman,Ladnu,C_unique_gp_name_statewide,1,once,0
40564,1,1,GEN W,GENW,silanwad,LADNU,NAGAUR,Silanwad,Didwana-Kuchaman,Ladnu,C_unique_gp_name_statewide,2,twice,0
40566,0,0,OBC,GEN,tanwara,LADNU,NAGAUR,Tanwara,Didwana-Kuchaman,Ladnu,C_unique_gp_name_statewide,0,never,0
40568,1,0,GEN W,OBC,altawa,MAKRANA,NAGAUR,Altawa,Didwana-Kuchaman,Makrana,C_unique_gp_name_statewide,1,once,0
40570,0,1,SC,GENW,bajoli,MAKRANA,NAGAUR,Bajoli,Didwana-Kuchaman,Makrana,C_unique_gp_name_statewide,1,once,0
40572,1,1,GEN W,SCW,besroli,MAKRANA,NAGAUR,Besroli,Didwana-Kuchaman,Makrana,C_unique_gp_name_statewide,2,twice,0
40573,1,0,GEN W,GEN,bharnai,MAKRANA,NAGAUR,Bharnai,Didwana-Kuchaman,Makrana,C_unique_gp_name_statewide,1,once,0
40575,0,1,OBC,GENW,bhaiyakalan,MAKRANA,NAGAUR,Bhaiya Kalan,Didwana-Kuchaman,Makrana,C_unique_gp_name_statewide,1,once,0
40576,0,0,OBC,GEN,billu,MAKRANA,NAGAUR,Billu,Didwana-Kuchaman,Makrana,C_unique_gp_name_statewide,0,never,0
40578,1,0,SC W,GEN,budsu,MAKRANA,NAGAUR,Budsu,Didwana-Kuchaman,Makrana,C_unique_gp_name_statewide,1,once,0
40579,0,1,OBC,GENW,chandi,MAKRANA,NAGAUR,Chandi,Didwana-Kuchaman,Makrana,C_unique_gp_name_statewide,1,once,0
40584,0,0,OBC,SC,gelasar,MAKRANA,NAGAUR,Gelasar,Didwana-Kuchaman,Makrana,C_unique_gp_name_statewide,0,never,0
40585,0,1,GEN,GENW,hudiya,MAKRANA,NAGAUR,Hudiya,Didwana-Kuchaman,Makrana,C_unique_gp_name_statewide,1,once,0
40587,1,0,OBC W,SC,itawa lakha,MAKRANA,NAGAUR,Itawa Lakha,Didwana-Kuchaman,Makrana,C_unique_gp_name_statewide,1,once,0
40595,0,0,GEN,OBC,manana,MAKRANA,NAGAUR,Manana,Didwana-Kuchaman,Makrana,C_unique_gp_name_statewide,0,never,0
40597,1,1,SC W,GENW,nimbadi,MAKRANA,NAGAUR,Nimbadi,Didwana-Kuchaman,Makrana,C_unique_gp_name_statewide,2,twice,0
40599,0,1,GEN,GENW,ramsiya,MAKRANA,NAGAUR,Ramsiya,Didwana-Kuchaman,Makrana,C_unique_gp_name_statewide,1,once,0
40601,1,1,SC W,GENW,sabalpur,MAKRANA,NAGAUR,Sabalpur,Didwana-Kuchaman,Makrana,C_unique_gp_name_statewide,2,twice,0
40605,1,1,SC W,OBCW,basni seja,MERTA,NAGAUR,Basni Seja,Nagaur,Merta,A_exact_gp_district_samiti,2,twice,0
40611,0,0,GEN,SC,datani,MERTA,NAGAUR,Datani,Nagaur,Merta,A_exact_gp_district_samiti,0,never,0
40613,0,1,OBC,GENW,gagrana,MERTA,NAGAUR,Gagrana,Nagaur,Merta,A_exact_gp_district_samiti,1,once,0
40618,0,1,GEN,GENW,jaroda kalan,MERTA,NAGAUR,Jaroda Kalan,Nagaur,Merta,A_exact_gp_district_samiti,1,once,0
40619,0,0,GEN,GEN,kalru,MERTA,NAGAUR,Kalru,Nagaur,Merta,A_exact_gp_district_samiti,0,never,0
40623,0,1,GEN,GENW,kurdaya,MERTA,NAGAUR,Kurdaya,Nagaur,Merta,A_exact_gp_district_samiti,1,once,0
40624,0,0,GEN,GEN,lamba jatan,MERTA,NAGAUR,Lamba Jatan,Nagaur,Merta,A_exact_gp_district_samiti,0,never,0
40626,1,0,SC W,GEN,mokalpur,MERTA,NAGAUR,Mokalpur,Nagaur,Merta,A_exact_gp_district_samiti,1,once,0
40628,0,0,OBC,GEN,nokha chandawata,MERTA,NAGAUR,Nokha Chandawata,Nagaur,Merta,A_exact_gp_district_samiti,0,never,0
40629,1,0,GEN W,SC,oladan,MERTA,NAGAUR,Oladan,Nagaur,Merta,A_exact_gp_district_samiti,1,once,0
40631,0,0,GEN,GEN,ren,MERTA,NAGAUR,Ren,Nagaur,Merta,A_exact_gp_district_samiti,0,never,0
40632,1,1,GEN W,OBCW,riya shyamdas,MERTA,NAGAUR,Riya Shyamdas,Nagaur,Merta,A_exact_gp_district_samiti,2,twice,0
40633,0,0,SC,GEN,rol chandawata,MERTA,NAGAUR,Rol Chandawata,Nagaur,Merta,A_exact_gp_district_samiti,0,never,0
40635,0,0,GEN,GEN,sogawas,MERTA,NAGAUR,Sogawas,Nagaur,Merta,A_exact_gp_district_samiti,0,never,0
40641,0,1,GEN,SCW,balaya,MUNDAWA,NAGAUR,Balaya,Nagaur,Mundwa,B_exact_gp_district,1,once,0
40644,1,0,OBC W,GEN,birloka,MUNDAWA,NAGAUR,Birloka,Nagaur,Kheenvsar,B_exact_gp_district,1,once,0
40646,1,1,SC W,GENW,lalawas,MUNDAWA,NAGAUR,Lalawas,Nagaur,Kheenvsar,B_exact_gp_district,2,twice,0
40652,0,0,SC,GEN,inana,MUNDAWA,NAGAUR,Inana,Nagaur,Mundwa,B_exact_gp_district,0,never,0
40654,0,1,GEN,GENW,jhujhanda,MUNDAWA,NAGAUR,Jhujhanda,Nagaur,Mundwa,B_exact_gp_district,1,once,0
40655,1,0,GEN W,GEN,kantiya,MUNDAWA,NAGAUR,Kantiya,Nagaur,Kheenvsar,B_exact_gp_district,1,once,0
40657,0,0,GEN,OBC,khajwana,MUNDAWA,NAGAUR,Khajwana,Nagaur,Mundwa,B_exact_gp_district,0,never,0
40658,1,0,GEN W,GEN,kharnal,MUNDAWA,NAGAUR,Kharnal,Nagaur,Mundwa,B_exact_gp_district,1,once,0
40662,1,1,GEN W,SCW,madpura,MUNDAWA,NAGAUR,Madpura,Nagaur,Kheenvsar,B_exact_gp_district,2,twice,0
40666,0,1,GEN,OBCW,narwakalan,MUNDAWA,NAGAUR,Narwa Kalan,Nagaur,Kheenvsar,B_exact_gp_district,1,once,0
40672,0,1,GEN,OBCW,sankhwas,MUNDAWA,NAGAUR,Sankhwas,Nagaur,Mundwa,B_exact_gp_district,1,once,0
40675,0,0,GEN,GEN,berawas,MUNDAWA,NAGAUR,Berawas,Nagaur,Kheenvsar,B_exact_gp_district,0,never,0
40678,1,0,GEN W,GEN,amarpura,NAGAUR,NAGAUR,Amarpura,Nagaur,Nagaur,A_exact_gp_district_samiti,1,once,0
40679,0,1,GEN,GENW,balwa,NAGAUR,NAGAUR,Balwa,Nagaur,Nagaur,A_exact_gp_district_samiti,1,once,0
40680,1,1,GEN W,OBCW,barangaon,NAGAUR,NAGAUR,Barangaon,Nagaur,Nagaur,A_exact_gp_district_samiti,2,twice,0
40683,1,1,OBC W,SCW,bhadana,NAGAUR,NAGAUR,Bhadana,Nagaur,Mundwa,B_exact_gp_district,2,twice,0
40684,0,1,GEN,OBCW,bhakrod,NAGAUR,NAGAUR,Bhakrod,Nagaur,Nagaur,A_exact_gp_district_samiti,1,once,0
40686,0,0,GEN,GEN,bhojas,NAGAUR,NAGAUR,Bhojas,Nagaur,Kheenvsar,B_exact_gp_district,0,never,0
40687,0,1,GEN,GENW,bhomasar,NAGAUR,NAGAUR,Bhomasar,Nagaur,Kheenvsar,B_exact_gp_district,1,once,0
40688,1,1,OBC W,GENW,bhundel,NAGAUR,NAGAUR,Bhundel,Nagaur,Kheenvsar,B_exact_gp_district,2,twice,0
40689,0,0,OBC,GEN,chau,NAGAUR,NAGAUR,Chau,Nagaur,Nagaur,A_exact_gp_district_samiti,0,never,0
40691,0,1,SC,GENW,chenar,NAGAUR,NAGAUR,Chenar,Nagaur,Nagaur,A_exact_gp_district_samiti,1,once,0
40693,0,0,GEN,OBC,chuntisara,NAGAUR,NAGAUR,Chuntisara,Nagaur,Nagaur,A_exact_gp_district_samiti,0,never,0
40694,0,0,OBC,GEN,datina,NAGAUR,NAGAUR,Datina,Nagaur,Kheenvsar,B_exact_gp_district,0,never,0
40695,0,1,SC,GENW,deu,NAGAUR,NAGAUR,Deu,Nagaur,Kheenvsar,B_exact_gp_district,1,once,0
40697,0,1,OBC,GENW,dukosi,NAGAUR,NAGAUR,Dukosi,Nagaur,Nagaur,A_exact_gp_district_samiti,1,once,0
40703,1,1,GEN W,OBCW,jodhiyasi,NAGAUR,NAGAUR,Jodhiyasi,Nagaur,Nagaur,A_exact_gp_district_samiti,2,twice,0
40705,0,1,GEN,SCW,karnu,NAGAUR,NAGAUR,Karnu,Nagaur,Kheenvsar,B_exact_gp_district,1,once,0
40708,0,0,GEN,OBC,kumari,NAGAUR,NAGAUR,Kumari,Nagaur,Nagaur,A_exact_gp_district_samiti,0,never,0
40710,0,0,GEN,GEN,pabusar,NAGAUR,NAGAUR,Pabusar,Nagaur,Kheenvsar,B_exact_gp_district,0,never,0
40714,0,0,OBC,GEN,satheran,NAGAUR,NAGAUR,Satheran,Nagaur,Nagaur,A_exact_gp_district_samiti,0,never,0
40716,0,1,OBC,GENW,shribalaji,NAGAUR,NAGAUR,Shri Balaji,Nagaur,Nagaur,A_exact_gp_district_samiti,1,once,0
40717,0,0,GEN,GEN,shyamsar,NAGAUR,NAGAUR,Shyamsar,Nagaur,Nagaur,A_exact_gp_district_samiti,0,never,0
40719,0,0,GEN,GEN,sinod,NAGAUR,NAGAUR,Sinod,Nagaur,Nagaur,A_exact_gp_district_samiti,0,never,0
40720,0,1,OBC,GENW,tankla,NAGAUR,NAGAUR,Tankla,Nagaur,Nagaur,A_exact_gp_district_samiti,1,once,0
40722,0,1,GEN,GENW,tausar,NAGAUR,NAGAUR,Tausar,Nagaur,Nagaur,A_exact_gp_district_samiti,1,once,0
40724,0,0,GEN,SC,badu,PARBATSAR,NAGAUR,Badu,Didwana-Kuchaman,Parbatsar,C_unique_gp_name_statewide,0,never,0
40725,1,1,GEN W,SCW,bagot,PARBATSAR,NAGAUR,Bagot,Didwana-Kuchaman,Parbatsar,C_unique_gp_name_statewide,2,twice,0
40726,0,1,GEN,OBCW,bajwas,PARBATSAR,NAGAUR,Bajwas,Didwana-Kuchaman,Parbatsar,C_unique_gp_name_statewide,1,once,0
40727,0,1,SC,GENW,barev,PARBATSAR,NAGAUR,Barev,Didwana-Kuchaman,Parbatsar,C_unique_gp_name_statewide,1,once,0
40729,1,1,GEN W,SCW,bhadsiya,PARBATSAR,NAGAUR,Bhadsiya,Didwana-Kuchaman,Parbatsar,C_unique_gp_name_statewide,2,twice,0
40732,0,1,OBC,GENW,bidiyad,PARBATSAR,NAGAUR,Bidiyad,Didwana-Kuchaman,Parbatsar,C_unique_gp_name_statewide,1,once,0
40734,1,0,SC W,OBC,chitai,PARBATSAR,NAGAUR,Chitai,Didwana-Kuchaman,Parbatsar,C_unique_gp_name_statewide,1,once,0
40735,0,1,GEN,SCW,dhadhota,PARBATSAR,NAGAUR,Dhadhota,Didwana-Kuchaman,Parbatsar,C_unique_gp_name_statewide,1,once,0
40737,1,0,GEN W,GEN,gular,PARBATSAR,NAGAUR,Gular,Didwana-Kuchaman,Parbatsar,C_unique_gp_name_statewide,1,once,0
40741,1,0,OBC W,GEN,jhalara,PARBATSAR,NAGAUR,Jhalara,Didwana-Kuchaman,Parbatsar,C_unique_gp_name_statewide,1,once,0
40743,1,0,GEN W,SC,khokhar,PARBATSAR,NAGAUR,Khokhar,Didwana-Kuchaman,Parbatsar,C_unique_gp_name_statewide,1,once,0
40746,0,1,GEN,OBCW,kurada,PARBATSAR,NAGAUR,Kurada,Didwana-Kuchaman,Parbatsar,C_unique_gp_name_statewide,1,once,0
40747,0,1,OBC,GENW,manglana,PARBATSAR,NAGAUR,Manglana,Didwana-Kuchaman,Parbatsar,C_unique_gp_name_statewide,1,once,0
40750,0,0,GEN,GEN,netiyas,PARBATSAR,NAGAUR,Netiyas,Didwana-Kuchaman,Parbatsar,C_unique_gp_name_statewide,0,never,0
40751,1,0,GEN W,SC,peeh,PARBATSAR,NAGAUR,Peeh,Didwana-Kuchaman,Parbatsar,C_unique_gp_name_statewide,1,once,0
40755,0,1,SC,OBCW,rid,PARBATSAR,NAGAUR,Rid,Didwana-Kuchaman,Parbatsar,C_unique_gp_name_statewide,1,once,0
40756,0,0,OBC,GEN,rohindi,PARBATSAR,NAGAUR,Rohindi,Didwana-Kuchaman,Parbatsar,C_unique_gp_name_statewide,0,never,0
40757,0,0,GEN,GEN,runija,PARBATSAR,NAGAUR,Runija,Didwana-Kuchaman,Parbatsar,C_unique_gp_name_statewide,0,never,0
40760,1,0,GEN W,SC,arniyala,RIYAN,NAGAUR,Arniyala,Nagaur,Riyan Bari,B_exact_gp_district,1,once,0
40764,0,0,GEN,GEN,beejathal,RIYAN,NAGAUR,Beejathal,Nagaur,Riyan Bari,B_exact_gp_district,0,never,0
40765,0,0,GEN,OBC,bhawal,RIYAN,NAGAUR,Bhawal,Nagaur,Merta,B_exact_gp_district,0,never,0
40766,1,0,GEN W,OBC,bherunda,RIYAN,NAGAUR,Bherunda,Nagaur,Riyan Bari,B_exact_gp_district,1,once,0
40768,0,1,GEN,OBCW,chundiya,RIYAN,NAGAUR,Chundiya,Nagaur,Riyan Bari,B_exact_gp_district,1,once,0
40770,1,0,OBC W,GEN,dhanipura,RIYAN,NAGAUR,Dhanipura,Nagaur,Riyan Bari,B_exact_gp_district,1,once,0
40771,0,0,SC,OBC,dodiyana,RIYAN,NAGAUR,Dodiyana,Nagaur,Riyan Bari,B_exact_gp_district,0,never,0
40772,1,1,GEN,SCW,gawardi,RIYAN,NAGAUR,Gawardi,Nagaur,Riyan Bari,B_exact_gp_district,2,twice,0
40774,0,1,GEN,SCW,jasnagar,RIYAN,NAGAUR,Jasnagar,Nagaur,Riyan Bari,B_exact_gp_district,1,once,0
40775,1,1,OBC W,GENW,jaswantabad,RIYAN,NAGAUR,Jaswantabad,Nagaur,Riyan Bari,B_exact_gp_district,2,twice,0
40776,1,1,GEN W,GENW,jatawas,RIYAN,NAGAUR,Jatawas,Nagaur,Riyan Bari,B_exact_gp_district,2,twice,0
40778,0,0,GEN,SC,katyasani,RIYAN,NAGAUR,Katyasani,Nagaur,Merta,B_exact_gp_district,0,never,0
40779,1,1,GEN W,OBCW,kod,RIYAN,NAGAUR,Kod,Nagaur,Riyan Bari,B_exact_gp_district,2,twice,0
40780,1,0,GEN W,SC,ladpura,RIYAN,NAGAUR,Ladpura,Nagaur,Riyan Bari,B_exact_gp_district,1,once,0
40781,1,1,GEN W,OBCW,lampolai,RIYAN,NAGAUR,Lampolai,Nagaur,Riyan Bari,B_exact_gp_district,2,twice,0
40783,0,0,GEN,GEN,medas,RIYAN,NAGAUR,Medas,Nagaur,Riyan Bari,B_exact_gp_district,0,never,0
40787,1,0,SC W,GEN,nimbolabiswa,RIYAN,NAGAUR,Nimbola Biswa,Nagaur,Riyan Bari,B_exact_gp_district,1,once,0
40791,0,1,SC,GENW,rohisa,RIYAN,NAGAUR,Rohisa,Nagaur,Riyan Bari,B_exact_gp_district,1,once,0
40798,0,0,GEN,GEN,barwa,BALI,PALI,Barwa,Pali,Bali,A_exact_gp_district_samiti,0,never,0
40799,0,1,SC,GENW,bedal,BALI,PALI,Bedal,Pali,Bali,A_exact_gp_district_samiti,1,once,0
40802,0,1,GEN,SCW,bhatund,BALI,PALI,Bhatund,Pali,Bali,A_exact_gp_district_samiti,1,once,0
40804,1,0,ST W,GEN,bhimana,BALI,PALI,Bhimana,Pali,Bali,A_exact_gp_district_samiti,1,once,0
40807,0,1,SC,GENW,boya,BALI,PALI,Boya,Pali,Bali,A_exact_gp_district_samiti,1,once,0
40812,0,1,ST,GENW,goriya,BALI,PALI,Goriya,Pali,Bali,A_exact_gp_district_samiti,1,once,0
40815,0,1,SC,GENW,khimel,BALI,PALI,Khimel,Pali,Bali,A_exact_gp_district_samiti,1,once,0
40816,0,0,GEN,GEN,kot baliyan,BALI,PALI,Kotbaliyan,Pali,Bali,A_exact_gp_district_samiti,0,never,0
40817,1,0,SC W,ST,kothar,BALI,PALI,Kothar,Pali,Bali,A_exact_gp_district_samiti,1,once,0
40819,1,0,GEN W,SC,kumtiya,BALI,PALI,Kumtiya,Pali,Bali,A_exact_gp_district_samiti,1,once,0
40821,0,1,ST,OBCW,latara,BALI,PALI,Latara,Pali,Bali,A_exact_gp_district_samiti,1,once,0
40834,0,0,ST,OBC,sewari,BALI,PALI,Sewari,Pali,Bali,A_exact_gp_district_samiti,0,never,0
40836,1,1,GEN W,OBCW,aana,DESURI,PALI,Aana,Pali,Desuri,A_exact_gp_district_samiti,2,twice,0
40841,0,0,GEN,GEN,desuri,DESURI,PALI,Desuri,Pali,Desuri,A_exact_gp_district_samiti,0,never,0
40842,1,0,GEN W,GEN,dhalop,DESURI,PALI,Dhalop,Pali,Desuri,A_exact_gp_district_samiti,1,once,0
40843,0,1,GEN,SCW,dudapura,DESURI,PALI,Dudapura,Pali,Desuri,A_exact_gp_district_samiti,1,once,0
40845,0,1,GEN,GENW,guda jatan,DESURI,PALI,Guda Jatan,Pali,Desuri,A_exact_gp_district_samiti,1,once,0
40847,0,1,OBC,GENW,kot solankiyan,DESURI,PALI,Kot Solankiyan,Pali,Desuri,A_exact_gp_district_samiti,1,once,0
40853,0,1,GEN,GENW,morkha,DESURI,PALI,Morkha,Pali,Desuri,A_exact_gp_district_samiti,1,once,0
40854,0,1,SC,GENW,narlai,DESURI,PALI,Narlai,Pali,Desuri,A_exact_gp_district_samiti,1,once,0
40857,0,0,GEN,OBC,sansari,DESURI,PALI,Sansari,Pali,Desuri,A_exact_gp_district_samiti,0,never,0
40858,0,0,OBC,GEN,sindarli,DESURI,PALI,Sindarli,Pali,Desuri,A_exact_gp_district_samiti,0,never,0
40859,1,1,GEN W,SCW,sumer,DESURI,PALI,Sumer,Pali,Desuri,A_exact_gp_district_samiti,2,twice,0
40871,0,0,GEN,OBC,digarna,JAITARAN,PALI,Digarna,Beawar,Jaitaran,C_unique_gp_name_statewide,0,never,0
40873,0,1,OBC,GENW,garniya,JAITARAN,PALI,Garniya,Beawar,Jaitaran,C_unique_gp_name_statewide,1,once,0
40875,0,0,GEN,GEN,kanecha,JAITARAN,PALI,Kanecha,Beawar,Jaitaran,C_unique_gp_name_statewide,0,never,0
40877,1,1,SC W,GENW,kekindara,JAITARAN,PALI,Kekindara,Beawar,Jaitaran,C_unique_gp_name_statewide,2,twice,0
40881,0,1,OBC,GENW,mohrai,JAITARAN,PALI,Mohrai,Beawar,Jaitaran,C_unique_gp_name_statewide,1,once,0
40882,0,1,GEN,OBCW,nimaj,JAITARAN,PALI,Nimaj,Beawar,Jaitaran,C_unique_gp_name_statewide,1,once,0
40883,0,1,GEN,GENW,nimbol,JAITARAN,PALI,Nimbol,Beawar,Jaitaran,C_unique_gp_name_statewide,1,once,0
40884,1,0,GEN W,SC,patwa,JAITARAN,PALI,Patwa,Beawar,Jaitaran,C_unique_gp_name_statewide,1,once,0
40888,1,1,SC W,GENW,ramawas kalan,JAITARAN,PALI,Ramawas Kalan,Beawar,Jaitaran,C_unique_gp_name_statewide,2,twice,0
40894,0,0,OBC,SC,banta,MARWAR JUN,PALI,Banta,Pali,Marwar Junction,B_exact_gp_district,0,never,0
40895,0,1,GEN,OBCW,barsa,MARWAR JUN,PALI,Barsa,Pali,Marwar Junction,B_exact_gp_district,1,once,0
40896,1,0,GEN W,GEN,basni jojawar,MARWAR JUN,PALI,Basni Jojawar,Pali,Marwar Junction,B_exact_gp_district,1,once,0
40903,1,1,GEN W,GENW,chirpatiya,MARWAR JUN,PALI,Chirpatiya,Pali,Marwar Junction,B_exact_gp_district,2,twice,0
40907,1,1,SC W,GENW,dhanla,MARWAR JUN,PALI,Dhanla,Pali,Marwar Junction,B_exact_gp_district,2,twice,0
40910,0,0,GEN,SC,gadana,MARWAR JUN,PALI,Gadana,Pali,Marwar Junction,B_exact_gp_district,0,never,0
40915,1,0,GEN W,GEN,hingola khurd,MARWAR JUN,PALI,Hingola Khurd,Pali,Marwar Junction,B_exact_gp_district,1,once,0
40916,0,1,GEN,GENW,isali,MARWAR JUN,PALI,Isali,Pali,Marwar Junction,B_exact_gp_district,1,once,0
40917,0,0,OBC,GEN,jadan,MARWAR JUN,PALI,Jadan,Pali,Marwar Junction,B_exact_gp_district,0,never,0
40919,0,1,GEN,GENW,jhinjhardi,MARWAR JUN,PALI,Jhinjhardi,Pali,Marwar Junction,B_exact_gp_district,1,once,0
40920,0,0,OBC,GEN,jojawar,MARWAR JUN,PALI,Jojawar,Pali,Marwar Junction,B_exact_gp_district,0,never,0
40921,0,0,GEN,OBC,kantaliya,MARWAR JUN,PALI,Kantaliya,Pali,Marwar Junction,B_exact_gp_district,0,never,0
40925,0,1,GEN,SCW,manda,MARWAR JUN,PALI,Manda,Pali,Marwar Junction,B_exact_gp_district,1,once,0
40927,0,1,GEN,SCW,musaliya,MARWAR JUN,PALI,Musaliya,Pali,Marwar Junction,B_exact_gp_district,1,once,0
40929,0,0,OBC,GEN,panchetiya,MARWAR JUN,PALI,Panchetiya,Pali,Marwar Junction,B_exact_gp_district,0,never,0
40930,0,1,OBC,GENW,phulad,MARWAR JUN,PALI,Phulad,Pali,Marwar Junction,B_exact_gp_district,1,once,0
40931,1,0,SC W,OBC,radawas,MARWAR JUN,PALI,Radawas,Pali,Marwar Junction,B_exact_gp_district,1,once,0
40932,1,0,OBC W,SC,ranawas,MARWAR JUN,PALI,Ranawas,Pali,Marwar Junction,B_exact_gp_district,1,once,0
40933,0,1,GEN,SCW,saran,MARWAR JUN,PALI,Saran,Pali,Marwar Junction,B_exact_gp_district,1,once,0
40934,0,0,SC,GEN,sawrad,MARWAR JUN,PALI,Sawrad,Pali,Marwar Junction,B_exact_gp_district,0,never,0
40935,1,1,GEN W,OBCW,sehwaj,MARWAR JUN,PALI,Sehwaj,Pali,Marwar Junction,B_exact_gp_district,2,twice,0
40936,0,0,SC,GEN,shekhawas,MARWAR JUN,PALI,Shekhawas,Pali,Marwar Junction,B_exact_gp_district,0,never,0
40937,0,1,SC,GENW,sinla,MARWAR JUN,PALI,Sinla,Pali,Marwar Junction,B_exact_gp_district,1,once,0
40939,0,0,GEN,OBC,vopari,MARWAR JUN,PALI,Vopari,Pali,Marwar Junction,B_exact_gp_district,0,never,0
40941,0,1,OBC,GENW,baniyawas,PALI,PALI,Baniyawas,Pali,Pali,A_exact_gp_district_samiti,1,once,0
40943,1,0,GEN W,SC,bhanwari,PALI,PALI,Bhanwari,Pali,Pali,A_exact_gp_district_samiti,1,once,0
40944,1,1,OBC W,GENW,bomadara,PALI,PALI,Bomadara,Pali,Pali,A_exact_gp_district_samiti,2,twice,0
40945,0,0,OBC,GEN,dari,PALI,PALI,Dari,Pali,Pali,A_exact_gp_district_samiti,0,never,0
40946,0,0,GEN,GEN,dayalpura,PALI,PALI,Dayalpura,Pali,Pali,A_exact_gp_district_samiti,0,never,0
40947,0,1,ST,OBCW,dingai,PALI,PALI,Dingai,Pali,Pali,A_exact_gp_district_samiti,1,once,0
40948,1,1,ST W,STW,denda,PALI,PALI,Denda,Pali,Pali,A_exact_gp_district_samiti,2,twice,0
40951,0,1,GEN,OBCW,gundoj,PALI,PALI,Gundoj,Pali,Pali,A_exact_gp_district_samiti,1,once,0
40952,1,1,GEN W,SCW,hemawas,PALI,PALI,Hemawas,Pali,Pali,A_exact_gp_district_samiti,2,twice,0
40953,0,0,SC,OBC,kherwa,PALI,PALI,Kherwa,Pali,Pali,A_exact_gp_district_samiti,0,never,0
40956,0,0,SC,ST,manihari,PALI,PALI,Manihari,Pali,Pali,A_exact_gp_district_samiti,0,never,0
40959,0,0,GEN,GEN,sanpa,PALI,PALI,Sanpa,Pali,Pali,A_exact_gp_district_samiti,0,never,0
40960,0,1,GEN,SCW,sodawas,PALI,PALI,Sodawas,Pali,Pali,A_exact_gp_district_samiti,1,once,0
40961,1,1,GEN W,GENW,sonaimanji,PALI,PALI,Sonai Manji,Pali,Pali,A_exact_gp_district_samiti,2,twice,0
40962,0,0,GEN,OBC,tewali,PALI,PALI,Tewali,Pali,Pali,A_exact_gp_district_samiti,0,never,0
40964,0,0,GEN,OBC,babra,RAIPUR,PALI,Babra,Beawar,Raipur,C_unique_gp_name_statewide,0,never,0
40971,0,0,GEN,GEN,chang,RAIPUR,PALI,Chang,Beawar,Raipur,C_unique_gp_name_statewide,0,never,0
40975,0,0,GEN,GEN,giri,RAIPUR,PALI,Giri,Beawar,Raipur,C_unique_gp_name_statewide,0,never,0
40976,0,1,GEN,OBCW,hajiwas,RAIPUR,PALI,Hajiwas,Beawar,Raipur,C_unique_gp_name_statewide,1,once,0
40979,1,0,GEN W,GEN,kalabkalan,RAIPUR,PALI,Kalab Kalan,Beawar,Raipur,C_unique_gp_name_statewide,1,once,0
40980,0,0,OBC,GEN,kalaliya,RAIPUR,PALI,Kalaliya,Beawar,Raipur,C_unique_gp_name_statewide,0,never,0
40982,0,0,GEN,GEN,kotkirana,RAIPUR,PALI,Kot Kirana,Beawar,Raipur,C_unique_gp_name_statewide,0,never,0
40985,1,0,GEN W,SC,mohra kalan,RAIPUR,PALI,Mohra Kalan,Beawar,Raipur,C_unique_gp_name_statewide,1,once,0
40987,0,0,SC,GEN,nimberakalan,RAIPUR,PALI,Nimbera Kalan,Beawar,Raipur,C_unique_gp_name_statewide,0,never,0
40988,0,1,GEN,GENW,pachanpura,RAIPUR,PALI,Pachanpura,Beawar,Raipur,C_unique_gp_name_statewide,1,once,0
40992,0,1,GEN,GENW,rampurakalan,RAIPUR,PALI,Rampura Kalan,Beawar,Raipur,C_unique_gp_name_statewide,1,once,0
41004,0,0,GEN,OBC,dhariya,NADOTI,KARAULI,Dhariya,Pali,Rani,C_unique_gp_name_statewide,0,never,0
41029,0,0,GEN,ST,chenda,ROHAT,PALI,Chenda,Pali,Rohat,A_exact_gp_district_samiti,0,never,0
41030,1,0,OBC W,GEN,chotila,ROHAT,PALI,Chotila,Pali,Rohat,A_exact_gp_district_samiti,1,once,0
41031,0,0,GEN,SC,dhabar,ROHAT,PALI,Dhabar,Pali,Rohat,A_exact_gp_district_samiti,0,never,0
41033,0,1,GEN,GENW,diwandi,ROHAT,PALI,Diwandi,Pali,Rohat,A_exact_gp_district_samiti,1,once,0
41035,1,0,SC W,OBC,gelawas,ROHAT,PALI,Gelawas,Pali,Rohat,A_exact_gp_district_samiti,1,once,0
41037,0,1,GEN,GENW,kalali,ROHAT,PALI,Kalali,Pali,Rohat,A_exact_gp_district_samiti,1,once,0
41038,0,0,GEN,GEN,khandi,ROHAT,PALI,Khandi,Pali,Rohat,A_exact_gp_district_samiti,0,never,0
41039,0,0,GEN,GEN,kharda,ROHAT,PALI,Kharda,Pali,Rohat,A_exact_gp_district_samiti,0,never,0
41040,0,1,OBC,GENW,khundawas,ROHAT,PALI,Khundawas,Pali,Rohat,A_exact_gp_district_samiti,1,once,0
41041,0,0,ST,OBC,kulthana,ROHAT,PALI,Kulthana,Pali,Rohat,A_exact_gp_district_samiti,0,never,0
41042,1,0,GEN W,SC,mandawas,ROHAT,PALI,Mandawas,Pali,Rohat,A_exact_gp_district_samiti,1,once,0
41044,0,1,GEN,SCW,rana,ROHAT,PALI,Rana,Pali,Rohat,A_exact_gp_district_samiti,1,once,0
41045,0,1,GEN,OBCW,rohat,ROHAT,PALI,Rohat,Pali,Rohat,A_exact_gp_district_samiti,1,once,0
41046,1,1,OBC W,GENW,sanwalta kalan,ROHAT,PALI,Sanwalta Kalan,Pali,Rohat,A_exact_gp_district_samiti,2,twice,0
41047,0,1,SC,OBCW,singari,ROHAT,PALI,Singari,Pali,Rohat,A_exact_gp_district_samiti,1,once,0
41048,0,1,SC,OBCW,sonai lakha,ROHAT,PALI,Sonailakha,Pali,Rohat,A_exact_gp_district_samiti,1,once,0
41049,0,1,SC,GENW,vayad,ROHAT,PALI,Vayad,Pali,Rohat,A_exact_gp_district_samiti,1,once,0
41053,1,1,GEN W,SCW,bhaisana,SOJAT,PALI,Bhaisana,Pali,Sojat,A_exact_gp_district_samiti,2,twice,0
41054,0,0,GEN,GEN,bilawas,SOJAT,PALI,Bilawas,Pali,Sojat,A_exact_gp_district_samiti,0,never,0
41055,0,1,GEN,GENW,boyal,SOJAT,PALI,Boyal,Pali,Sojat,A_exact_gp_district_samiti,1,once,0
41057,1,0,GEN W,OBC,chandawal,SOJAT,PALI,Chandawal,Pali,Sojat,A_exact_gp_district_samiti,1,once,0
41058,1,1,OBC W,GENW,chandawal station,SOJAT,PALI,Chandawal Station,Pali,Sojat,A_exact_gp_district_samiti,2,twice,0
41059,0,1,GEN,SCW,chopra,SOJAT,PALI,Chopra,Pali,Sojat,A_exact_gp_district_samiti,1,once,0
41062,0,0,SC,GEN,dhurasani,SOJAT,PALI,Dhurasani,Pali,Sojat,A_exact_gp_district_samiti,0,never,0
41065,0,0,GEN,GEN,guda kalan,SOJAT,PALI,Guda Kalan,Pali,Sojat,A_exact_gp_district_samiti,0,never,0
41066,0,1,OBC,GENW,gudaram singh,SOJAT,PALI,Guda Ramsingh,Pali,Sojat,A_exact_gp_district_samiti,1,once,0
41067,0,1,SC,OBCW,hariyamali,SOJAT,PALI,Hariya Mali,Pali,Sojat,A_exact_gp_district_samiti,1,once,0
41070,0,0,GEN,SC,kelwad,SOJAT,PALI,Kelwad,Pali,Sojat,A_exact_gp_district_samiti,0,never,0
41072,1,0,GEN W,GEN,khariyasoda,SOJAT,PALI,Khariya Soda,Pali,Sojat,A_exact_gp_district_samiti,1,once,0
41076,1,1,OBC W,GENW,mev,SOJAT,PALI,Mev,Pali,Sojat,A_exact_gp_district_samiti,2,twice,0
41078,0,0,GEN,SC,rajolakalan,SOJAT,PALI,Rajola Kalan,Pali,Sojat,A_exact_gp_district_samiti,0,never,0
41082,1,0,GEN W,OBC,sandiya,SOJAT,PALI,Sandiya,Pali,Sojat,A_exact_gp_district_samiti,1,once,0
41083,0,1,GEN,GENW,sardarsamand,SOJAT,PALI,Sardar Samand,Pali,Sojat,A_exact_gp_district_samiti,1,once,0
41084,1,1,OBC W,GENW,shivpura,SOJAT,PALI,Shivpura,Pali,Sojat,A_exact_gp_district_samiti,2,twice,0
41085,0,0,GEN,SC,siyat,SOJAT,PALI,Siyat,Pali,Sojat,A_exact_gp_district_samiti,0,never,0
41086,0,0,OBC,GEN,sojat road,SOJAT,PALI,Sojat Road,Pali,Sojat,A_exact_gp_district_samiti,0,never,0
41088,0,0,ST,GEN,anoppura,SUMERPUR,PALI,Anoppura,Pali,Sumerpur,A_exact_gp_district_samiti,0,never,0
41091,0,0,GEN,OBC,balupura,SUMERPUR,PALI,Balupura,Pali,Sumerpur,A_exact_gp_district_samiti,0,never,0
41092,0,0,ST,SC,bamnera,SUMERPUR,PALI,Bamnera,Pali,Sumerpur,A_exact_gp_district_samiti,0,never,0
41094,0,0,GEN,SC,basant,SUMERPUR,PALI,Basant,Pali,Sumerpur,A_exact_gp_district_samiti,0,never,0
41095,1,0,SC W,GEN,bharunda,SUMERPUR,PALI,Bharunda,Pali,Sumerpur,A_exact_gp_district_samiti,1,once,0
41096,0,0,ST,OBC,birami,SUMERPUR,PALI,Birami,Pali,Sumerpur,A_exact_gp_district_samiti,0,never,0
41100,1,1,OBC W,GEN,dhola,SUMERPUR,PALI,Dhola,Pali,Sumerpur,A_exact_gp_district_samiti,2,twice,0
41103,0,1,GEN,GENW,khimara,SUMERPUR,PALI,Khimara,Pali,Sumerpur,A_exact_gp_district_samiti,1,once,0
41104,0,0,SC,GEN,khiwandi,SUMERPUR,PALI,Khiwandi,Pali,Sumerpur,A_exact_gp_district_samiti,0,never,0
41105,0,0,GEN,SC,koliwara,SUMERPUR,PALI,Koliwara,Pali,Sumerpur,A_exact_gp_district_samiti,0,never,0
41106,1,1,GEN W,GENW,korta,SUMERPUR,PALI,Korta,Pali,Sumerpur,A_exact_gp_district_samiti,2,twice,0
41108,1,0,SC W,ST,lapod,SUMERPUR,PALI,Lapod,Pali,Sumerpur,A_exact_gp_district_samiti,1,once,0
41109,0,1,GEN,GENW,netra,SUMERPUR,PALI,Netra,Pali,Sumerpur,A_exact_gp_district_samiti,1,once,0
41110,0,1,GEN,GENW,novi,SUMERPUR,PALI,Novi,Pali,Sumerpur,A_exact_gp_district_samiti,1,once,0
41114,0,1,GEN,OBCW,salodariya,SUMERPUR,PALI,Salodariya,Pali,Sumerpur,A_exact_gp_district_samiti,1,once,0
41116,1,1,GEN W,STW,sindru,SUMERPUR,PALI,Sindru,Pali,Sumerpur,A_exact_gp_district_samiti,2,twice,0
41121,0,0,ST,OBC,galwa,AMET,RAJSAMAND,Galwa,Rajsamand,Sardargarh,B_exact_gp_district,0,never,0
41122,1,0,GEN W,GEN,ghosundi,AMET,RAJSAMAND,Ghosundi,Rajsamand,Sardargarh,B_exact_gp_district,1,once,0
41123,1,1,SC W,OBCW,gowal,AMET,RAJSAMAND,Gowal,Rajsamand,Amet,A_exact_gp_district_samiti,2,twice,0
41124,1,0,OBC W,SC,jetpura,SHEOGANJ,SIROHI,Jetpura,Rajsamand,Sardargarh,C_unique_gp_name_statewide,1,once,0
41127,0,0,SC,OBC,khakharmala,AMET,RAJSAMAND,Khakhar Mala,Rajsamand,Amet,A_exact_gp_district_samiti,0,never,0
41129,0,0,GEN,ST,lodhiyana,AMET,RAJSAMAND,Lodhiyana,Rajsamand,Sardargarh,B_exact_gp_district,0,never,0
41132,1,0,GEN W,SC,rachheti,AMET,RAJSAMAND,Rachheti,Rajsamand,Amet,A_exact_gp_district_samiti,1,once,0
41136,0,1,OBC,GENW,siyana,AMET,RAJSAMAND,Siyana,Rajsamand,Sardargarh,B_exact_gp_district,1,once,0
41137,0,1,OBC,GENW,ajeetgarh,BHIM,RAJSAMAND,Ajeetgarh,Rajsamand,Bhim,A_exact_gp_district_samiti,1,once,0
41138,0,0,GEN,GEN,baggar,BHIM,RAJSAMAND,Baggar,Rajsamand,Bhim,A_exact_gp_district_samiti,0,never,0
41140,0,1,GEN,GENW,bali,BHIM,RAJSAMAND,Bali,Rajsamand,Bhim,A_exact_gp_district_samiti,1,once,0
41142,0,0,GEN,SC,barar,BHIM,RAJSAMAND,Barar,Rajsamand,Bhim,A_exact_gp_district_samiti,0,never,0
41143,0,1,OBC,GENW,barjal,BHIM,RAJSAMAND,Barjal,Rajsamand,Bhim,A_exact_gp_district_samiti,1,once,0
41150,1,0,GEN W,ST,kalaguman,BHIM,RAJSAMAND,Kala Guman,Rajsamand,Bhim,A_exact_gp_district_samiti,1,once,0
41151,0,0,GEN,GEN,kaladeh,BHIM,RAJSAMAND,Kaladeh,Rajsamand,Bhim,A_exact_gp_district_samiti,0,never,0
41152,0,1,SC,GENW,kheema khera,BHIM,RAJSAMAND,Kheema Khera,Rajsamand,Bhim,A_exact_gp_district_samiti,1,once,0
41155,1,0,GEN W,OBC,kushalpura,BHIM,RAJSAMAND,Kushalpura,Rajsamand,Bhim,A_exact_gp_district_samiti,1,once,0
41156,1,0,OBC W,GEN,lagetkhera,BHIM,RAJSAMAND,Laget Khera,Beawar,Beawar,C_unique_gp_name_statewide,1,once,0
41159,1,0,GEN W,OBC,mandawar,BHIM,RAJSAMAND,Mandawar,Rajsamand,Bhim,A_exact_gp_district_samiti,1,once,0
41161,0,1,GEN,GENW,sameliya,BHIM,RAJSAMAND,Sameliya,Rajsamand,Bhim,A_exact_gp_district_samiti,1,once,0
41166,0,1,OBC,GENW,togi,BHIM,RAJSAMAND,Togi,Rajsamand,Bhim,A_exact_gp_district_samiti,1,once,0
41170,1,0,GEN W,GEN,jeeran,DEOGARH,RAJSAMAND,Jeeran,Rajsamand,Bhim,B_exact_gp_district,1,once,0
41171,0,0,OBC,GEN,kakrod,DEOGARH,RAJSAMAND,Kakrod,Rajsamand,Deogarh,A_exact_gp_district_samiti,0,never,0
41172,0,0,OBC,GEN,kalesariya,DEOGARH,RAJSAMAND,Kalesariya,Rajsamand,Deogarh,A_exact_gp_district_samiti,0,never,0
41174,0,1,ST,SCW,kundwa,DEOGARH,RAJSAMAND,Kundwa,Rajsamand,Deogarh,A_exact_gp_district_samiti,1,once,0
41178,0,0,OBC,GEN,miyala,DEOGARH,RAJSAMAND,Miyala,Rajsamand,Deogarh,A_exact_gp_district_samiti,0,never,0
41179,0,0,GEN,GEN,narana,DEOGARH,RAJSAMAND,Narana,Rajsamand,Deogarh,A_exact_gp_district_samiti,0,never,0
41181,0,1,GEN,OBCW,pardi,DEOGARH,RAJSAMAND,Pardi,Rajsamand,Deogarh,A_exact_gp_district_samiti,1,once,0
41182,0,0,GEN,SC,sangawas,DEOGARH,RAJSAMAND,Sangawas,Rajsamand,Deogarh,A_exact_gp_district_samiti,0,never,0
41184,0,1,GEN,GENW,tal,DEOGARH,RAJSAMAND,Tal,Rajsamand,Deogarh,A_exact_gp_district_samiti,1,once,0
41185,1,1,GEN W,STW,vijaipura,THANAGAZI,ALWAR,Vijaipura,Rajsamand,Deogarh,C_unique_gp_name_statewide,2,twice,0
41187,0,1,GEN,STW,bagol,KHAMNOR,RAJSAMAND,Bagol,Rajsamand,Nathdwara,B_exact_gp_district,1,once,0
41190,0,0,ST,OBC,bijnol,KHAMNOR,RAJSAMAND,Bijnol,Rajsamand,Khamnor,A_exact_gp_district_samiti,0,never,0
41191,1,0,OBC W,GEN,bilota,KHAMNOR,RAJSAMAND,Bilota,Rajsamand,Delwara,B_exact_gp_district,1,once,0
41192,1,1,ST W,GENW,delwara,KHAMNOR,RAJSAMAND,Delwara,Rajsamand,Delwara,B_exact_gp_district,2,twice,0
41194,0,1,GEN,GENW,fatehpur,KHAMNOR,RAJSAMAND,Fatehpur,Rajsamand,Khamnor,A_exact_gp_district_samiti,1,once,0
41196,0,0,GEN,GEN,ghodach,KHAMNOR,RAJSAMAND,Ghodach,Rajsamand,Delwara,B_exact_gp_district,0,never,0
41197,0,1,SC,STW,gunjol,KHAMNOR,RAJSAMAND,Gunjol,Rajsamand,Nathdwara,B_exact_gp_district,1,once,0
41199,1,0,GEN W,GEN,kaliwas,KHAMNOR,RAJSAMAND,Kaliwas,Rajsamand,Delwara,B_exact_gp_district,1,once,0
41200,0,0,GEN,ST,karoli,KHAMNOR,RAJSAMAND,Karoli,Rajsamand,Delwara,B_exact_gp_district,0,never,0
41202,0,0,GEN,ST,khamnor,KHAMNOR,RAJSAMAND,Khamnor,Rajsamand,Khamnor,A_exact_gp_district_samiti,0,never,0
41203,1,1,GEN W,OBCW,koshiwara,KHAMNOR,RAJSAMAND,Koshiwara,Rajsamand,Khamnor,A_exact_gp_district_samiti,2,twice,0
41206,0,0,ST,GEN,lalmadri,KHAMNOR,RAJSAMAND,Lal Madri,Rajsamand,Delwara,B_exact_gp_district,0,never,0
41207,0,0,GEN,OBC,machind,KHAMNOR,RAJSAMAND,Machind,Rajsamand,Khamnor,A_exact_gp_district_samiti,0,never,0
41208,1,0,ST W,GEN,mandiyana,KHAMNOR,RAJSAMAND,Mandiyana,Rajsamand,Nathdwara,B_exact_gp_district,1,once,0
41209,0,0,GEN,SC,molela,KHAMNOR,RAJSAMAND,Molela,Rajsamand,Khamnor,A_exact_gp_district_samiti,0,never,0
41210,1,0,GEN W,ST,namana,KHAMNOR,RAJSAMAND,Namana,Rajsamand,Nathdwara,B_exact_gp_district,1,once,0
41211,0,1,OBC,GENW,nedach,KHAMNOR,RAJSAMAND,Nedach,Rajsamand,Delwara,B_exact_gp_district,1,once,0
41215,0,0,ST,GEN,saloda,KHAMNOR,RAJSAMAND,Saloda,Rajsamand,Khamnor,A_exact_gp_district_samiti,0,never,0
41216,0,0,ST,SC,salor,KHAMNOR,RAJSAMAND,Salor,Rajsamand,Nathdwara,B_exact_gp_district,0,never,0
41218,1,0,GEN W,GEN,sema,KHAMNOR,RAJSAMAND,Sema,Rajsamand,Khamnor,A_exact_gp_district_samiti,1,once,0
41219,1,1,GEN W,OBCW,semal,KHAMNOR,RAJSAMAND,Semal,Rajsamand,Delwara,B_exact_gp_district,2,twice,0
41220,1,0,SC W,ST,shishoda,KHAMNOR,RAJSAMAND,Shishoda,Rajsamand,Nathdwara,B_exact_gp_district,1,once,0
41221,0,0,SC,ST,shishvi,KHAMNOR,RAJSAMAND,Shishvi,Rajsamand,Delwara,B_exact_gp_district,0,never,0
41223,1,0,GEN W,GEN,unwas,KHAMNOR,RAJSAMAND,Unwas,Rajsamand,Khamnor,A_exact_gp_district_samiti,1,once,0
41227,0,1,GEN,GENW,antaliya,KUMBHALGARH,RAJSAMAND,Antaliya,Rajsamand,Garhbor,B_exact_gp_district,1,once,0
41233,0,0,OBC,SC,gajpur,KUMBHALGARH,RAJSAMAND,Gajpur,Rajsamand,Kumbhalgarh,A_exact_gp_district_samiti,0,never,0
41234,0,1,ST,GENW,gawar,KUMBHALGARH,RAJSAMAND,Gawar,Rajsamand,Kumbhalgarh,A_exact_gp_district_samiti,1,once,0
41235,0,1,OBC,STW,janawad,KUMBHALGARH,RAJSAMAND,Janawad,Rajsamand,Garhbor,B_exact_gp_district,1,once,0
41236,1,1,ST W,OBCW,jheelwara,KUMBHALGARH,RAJSAMAND,Jheel Wara,Rajsamand,Garhbor,B_exact_gp_district,2,twice,0
41238,1,1,GEN W,GENW,kakarwa,KUMBHALGARH,RAJSAMAND,Kakarwa,Rajsamand,Kumbhalgarh,A_exact_gp_district_samiti,2,twice,0
41240,0,1,SC,GENW,kelwara,KUMBHALGARH,RAJSAMAND,Kelwara,Rajsamand,Kumbhalgarh,A_exact_gp_district_samiti,1,once,0
41242,0,1,OBC,STW,kharnota,KUMBHALGARH,RAJSAMAND,Kharnota,Rajsamand,Garhbor,B_exact_gp_district,1,once,0
41243,1,1,ST W,GENW,koyal,KUMBHALGARH,RAJSAMAND,Koyal,Rajsamand,Kumbhalgarh,A_exact_gp_district_samiti,2,twice,0
41248,1,0,GEN W,GEN,morcha,KUMBHALGARH,RAJSAMAND,Morcha,Rajsamand,Kumbhalgarh,A_exact_gp_district_samiti,1,once,0
41254,0,0,ST,OBC,sameecha,KUMBHALGARH,RAJSAMAND,Sameecha,Rajsamand,Kumbhalgarh,A_exact_gp_district_samiti,0,never,0
41255,0,1,GEN,SCW,sathiya,KUMBHALGARH,RAJSAMAND,Sathiya,Rajsamand,Garhbor,B_exact_gp_district,1,once,0
41259,1,0,OBC W,GEN,taladari,KUMBHALGARH,RAJSAMAND,Taladari,Rajsamand,Kumbhalgarh,A_exact_gp_district_samiti,1,once,0
41261,1,0,GEN W,ST,umarwas,KUMBHALGARH,RAJSAMAND,Umarwas,Rajsamand,Garhbor,B_exact_gp_district,1,once,0
41262,0,0,GEN,GEN,usar,KUMBHALGARH,RAJSAMAND,Usar,Rajsamand,Kumbhalgarh,A_exact_gp_district_samiti,0,never,0
41265,0,0,GEN,OBC,banediya,RAILMAGRA,RAJSAMAND,Banediya,Rajsamand,Railmagra,A_exact_gp_district_samiti,0,never,0
41266,0,1,GEN,OBCW,charana,RAILMAGRA,RAJSAMAND,Charana,Rajsamand,Railmagra,A_exact_gp_district_samiti,1,once,0
41270,1,0,GEN W,GEN,gilund,RAILMAGRA,RAJSAMAND,Gilund,Rajsamand,Railmagra,A_exact_gp_district_samiti,1,once,0
41271,0,1,OBC,GENW,gogathala,RAILMAGRA,RAJSAMAND,Gogathala,Rajsamand,Railmagra,A_exact_gp_district_samiti,1,once,0
41273,1,1,GEN W,OBCW,jeetawas,RAILMAGRA,RAJSAMAND,Jeetawas,Rajsamand,Railmagra,A_exact_gp_district_samiti,2,twice,0
41275,0,0,SC,OBC,kabra,RAILMAGRA,RAJSAMAND,Kabra,Rajsamand,Railmagra,A_exact_gp_district_samiti,0,never,0
41278,1,1,GEN W,OBCW,kundiya,RAILMAGRA,RAJSAMAND,Kundiya,Rajsamand,Railmagra,A_exact_gp_district_samiti,2,twice,0
41279,0,0,GEN,OBC,kuraj,RAILMAGRA,RAJSAMAND,Kuraj,Rajsamand,Railmagra,A_exact_gp_district_samiti,0,never,0
41283,0,1,GEN,SCW,pachhmata,RAILMAGRA,RAJSAMAND,Pachhmata,Rajsamand,Railmagra,A_exact_gp_district_samiti,1,once,0
41284,0,0,GEN,SC,panotiya,RAILMAGRA,RAJSAMAND,Panotiya,Rajsamand,Railmagra,A_exact_gp_district_samiti,0,never,0
41288,0,1,GEN,STW,rajpura,RAILMAGRA,RAJSAMAND,Rajpura,Rajsamand,Railmagra,A_exact_gp_district_samiti,1,once,0
41289,1,0,SC W,GEN,sadri,PHALODI,JODHPUR,Sadri,Rajsamand,Railmagra,C_unique_gp_name_statewide,1,once,0
41290,0,1,GEN,GENW,sakarawas,RAILMAGRA,RAJSAMAND,Sakarawas,Rajsamand,Railmagra,A_exact_gp_district_samiti,1,once,0
41291,1,1,SC W,GENW,sansera,RAILMAGRA,RAJSAMAND,Sansera,Rajsamand,Railmagra,A_exact_gp_district_samiti,2,twice,0
41299,0,0,OBC,ST,bhatoli,RAJSAMAND,RAJSAMAND,Bhatoli,Rajsamand,Rajsamand,A_exact_gp_district_samiti,0,never,0
41301,0,1,GEN,OBCW,binol,RAJSAMAND,RAJSAMAND,Binol,Rajsamand,Kunwariya,B_exact_gp_district,1,once,0
41302,0,0,GEN,GEN,boraj,RAJSAMAND,RAJSAMAND,Boraj,Rajsamand,Rajsamand,A_exact_gp_district_samiti,0,never,0
41306,1,1,OBC W,GENW,kunwariya,RAJSAMAND,RAJSAMAND,Kunwariya,Rajsamand,Kunwariya,B_exact_gp_district,2,twice,0
41308,0,1,GEN,GENW,mohi,RAJSAMAND,RAJSAMAND,Mohi,Rajsamand,Rajsamand,A_exact_gp_district_samiti,1,once,0
41309,1,0,GEN W,GEN,mundol,RAJSAMAND,RAJSAMAND,Mundol,Rajsamand,Rajsamand,A_exact_gp_district_samiti,1,once,0
41318,1,0,SC W,GEN,sakroda,RAJSAMAND,RAJSAMAND,Sakroda,Rajsamand,Rajsamand,A_exact_gp_district_samiti,1,once,0
41321,0,1,ST,OBCW,tasol,RAJSAMAND,RAJSAMAND,Tasol,Rajsamand,Kunwariya,B_exact_gp_district,1,once,0
41325,1,0,GEN W,GEN,barnala,BAMANWAS,SAWAIMADHOPUR,Barnala,Gangapurcity,Barnala,C_unique_gp_name_statewide,1,once,0
41326,1,1,GEN W,SCW,batoda,BAMANWAS,SAWAIMADHOPUR,Batoda,Gangapurcity,Barnala,C_unique_gp_name_statewide,2,twice,0
41327,0,0,SC,OBC,bairada,BAMANWAS,SAWAIMADHOPUR,Bairada,Gangapurcity,Barnala,C_unique_gp_name_statewide,0,never,0
41330,0,0,OBC,GEN,bichpuri,NEEMRANA,ALWAR,Bichpuri,Gangapurcity,Bamanwas,C_unique_gp_name_statewide,0,never,0
41332,0,1,GEN,STW,chandanholi,BAMANWAS,SAWAIMADHOPUR,Chandanholi,Gangapurcity,Bamanwas,C_unique_gp_name_statewide,1,once,0
41333,1,1,GEN W,STW,dabar,BAMANWAS,SAWAIMADHOPUR,Dabar,Gangapurcity,Bamanwas,C_unique_gp_name_statewide,2,twice,0
41335,0,1,ST,GENW,gandal,BAMANWAS,SAWAIMADHOPUR,Gandal,Gangapurcity,Bamanwas,C_unique_gp_name_statewide,1,once,0
41336,1,1,ST W,GENW,goth,BAMANWAS,SAWAIMADHOPUR,Goth,Gangapurcity,Barnala,C_unique_gp_name_statewide,2,twice,0
41342,0,1,ST,SCW,kohali prempura,BAMANWAS,SAWAIMADHOPUR,Kohali Prempura,Gangapurcity,Bamanwas,C_unique_gp_name_statewide,1,once,0
41343,0,0,GEN,SC,koyala,BARAN,BARAN,Koyala,Gangapurcity,Bamanwas,C_unique_gp_name_statewide,0,never,0
41345,0,1,ST,GENW,meena koleta,BAMANWAS,SAWAIMADHOPUR,Meena Koleta,Gangapurcity,Bamanwas,C_unique_gp_name_statewide,1,once,0
41352,0,1,SC,STW,sancholi,BAMANWAS,SAWAIMADHOPUR,Sancholi,Gangapurcity,Barnala,C_unique_gp_name_statewide,1,once,0
41353,1,1,ST W,GENW,sitor,BAMANWAS,SAWAIMADHOPUR,Sitor,Gangapurcity,Bamanwas,C_unique_gp_name_statewide,2,twice,0
41354,0,0,ST,SC,shafipura,BAMANWAS,SAWAIMADHOPUR,Shafipura,Gangapurcity,Bamanwas,C_unique_gp_name_statewide,0,never,0
41355,0,0,GEN,ST,sukar,BAMANWAS,SAWAIMADHOPUR,Sukar,Gangapurcity,Bamanwas,C_unique_gp_name_statewide,0,never,0
41357,1,1,ST W,GENW,sundari,BAMANWAS,SAWAIMADHOPUR,Sundari,Gangapurcity,Barnala,C_unique_gp_name_statewide,2,twice,0
41360,0,0,SC,GEN,baragaon sarwar,BONLI,SAWAIMADHOPUR,Baragaon Sarwar,Sawai Madhopur,Bonli,A_exact_gp_district_samiti,0,never,0
41361,0,0,GEN,GEN,bas torda,BONLI,SAWAIMADHOPUR,Bas Torda,Sawai Madhopur,Bonli,A_exact_gp_district_samiti,0,never,0
41362,0,0,GEN,GEN,bahter,BONLI,SAWAIMADHOPUR,Bahter,Sawai Madhopur,Malarna Doongar,B_exact_gp_district,0,never,0
41367,1,0,GEN W,OBC,borda,BONLI,SAWAIMADHOPUR,Borda,Sawai Madhopur,Mitrapura,B_exact_gp_district,1,once,0
41368,0,0,SC,GEN,chak biloli,BONLI,SAWAIMADHOPUR,Chak Biloli,Sawai Madhopur,Malarna Doongar,B_exact_gp_district,0,never,0
41374,0,0,GEN,GEN,hindupura,BONLI,SAWAIMADHOPUR,Hindupura,Sawai Madhopur,Bonli,A_exact_gp_district_samiti,0,never,0
41375,1,1,SC W,STW,jastana,BONLI,SAWAIMADHOPUR,Jastana,Sawai Madhopur,Bonli,A_exact_gp_district_samiti,2,twice,0
41377,0,1,ST,GENW,jolanda,BONLI,SAWAIMADHOPUR,Jolanda,Sawai Madhopur,Malarna Doongar,B_exact_gp_district,1,once,0
41380,1,1,ST W,SCW,kodyai,BONLI,SAWAIMADHOPUR,Kodyai,Sawai Madhopur,Bonli,A_exact_gp_district_samiti,2,twice,0
41382,0,1,GEN,GENW,kushalpura,BONLI,SAWAIMADHOPUR,Kushalpura,Sawai Madhopur,Mitrapura,B_exact_gp_district,1,once,0
41384,0,1,GEN,GENW,maksudanpura,BONLI,SAWAIMADHOPUR,Maksudanpura,Sawai Madhopur,Malarna Doongar,B_exact_gp_district,1,once,0
41387,0,1,GEN,STW,mamdoli,BONLI,SAWAIMADHOPUR,Mamdoli,Sawai Madhopur,Bonli,A_exact_gp_district_samiti,1,once,0
41388,0,0,ST,SC,mitrapura,BONLI,SAWAIMADHOPUR,Mitrapura,Sawai Madhopur,Mitrapura,B_exact_gp_district,0,never,0
41389,1,0,ST W,GEN,moran,BONLI,SAWAIMADHOPUR,Moran,Sawai Madhopur,Mitrapura,B_exact_gp_district,1,once,0
41392,1,0,SC W,GEN,peepalda,BONLI,SAWAIMADHOPUR,Peepalda,Sawai Madhopur,Mitrapura,B_exact_gp_district,1,once,0
41396,0,1,GEN,STW,taranpur,BONLI,SAWAIMADHOPUR,Taranpur,Sawai Madhopur,Malarna Doongar,B_exact_gp_district,1,once,0
41398,1,0,SC W,OBC,udgaon,BONLI,SAWAIMADHOPUR,Udgaon,Sawai Madhopur,Mitrapura,B_exact_gp_district,1,once,0
41401,1,1,GEN W,STW,baglai,GANGAPUR,SAWAIMADHOPUR,Baglai,Gangapurcity,Wazeerpur,C_unique_gp_name_statewide,2,twice,0
41402,0,1,SC,GENW,baman baroda,GANGAPUR,SAWAIMADHOPUR,Baman Baroda,Gangapurcity,Gangapur,C_unique_gp_name_statewide,1,once,0
41403,1,0,ST W,GEN,barh kalan,GANGAPUR,SAWAIMADHOPUR,Barh Kalan,Gangapurcity,Gangapur,C_unique_gp_name_statewide,1,once,0
41405,1,0,ST W,SC,bucholai,GANGAPUR,SAWAIMADHOPUR,Bucholai,Gangapurcity,Talawara,C_unique_gp_name_statewide,1,once,0
41410,0,1,GEN,STW,khandeep,GANGAPUR,SAWAIMADHOPUR,Khandeep,Gangapurcity,Wazeerpur,C_unique_gp_name_statewide,1,once,0
41411,0,1,ST,SCW,khanpur baroda,GANGAPUR,SAWAIMADHOPUR,Khanpur Baroda,Gangapurcity,Gangapur,C_unique_gp_name_statewide,1,once,0
41412,1,0,SC W,GEN,khera barh ramgarh,GANGAPUR,SAWAIMADHOPUR,Khera Barh Ramgarh,Gangapurcity,Talawara,C_unique_gp_name_statewide,1,once,0
41416,0,0,OBC,SC,mahukalan,SUWANA,BHILWARA,Mahu Kalan,Gangapurcity,Gangapur,C_unique_gp_name_statewide,0,never,0
41417,1,0,ST W,SC,meenabaroda,GANGAPUR,SAWAIMADHOPUR,Meena Baroda,Gangapurcity,Wazeerpur,C_unique_gp_name_statewide,1,once,0
41420,1,0,GEN W,GEN,narayanpur,THANAGAZI,ALWAR,Narayanpur,Gangapurcity,Talawara,C_unique_gp_name_statewide,1,once,0
41421,1,0,GEN W,GEN,naugaon,GANGAPUR,SAWAIMADHOPUR,Naugaon,Gangapurcity,Gangapur,C_unique_gp_name_statewide,1,once,0
41424,1,1,SC W,STW,piloda,GANGAPUR,SAWAIMADHOPUR,Piloda,Gangapurcity,Wazeerpur,C_unique_gp_name_statewide,2,twice,0
41431,0,0,SC,GEN,talawara,KHANDAR,SAWAIMADHOPUR,Talawara,Gangapurcity,Talawara,C_unique_gp_name_statewide,0,never,0
41432,0,1,SC,STW,toksi,GANGAPUR,SAWAIMADHOPUR,Toksi,Gangapurcity,Gangapur,C_unique_gp_name_statewide,1,once,0
41433,0,0,GEN,SC,udaikalan,GANGAPUR,SAWAIMADHOPUR,Udai Kalan,Gangapurcity,Gangapur,C_unique_gp_name_statewide,0,never,0
41434,0,0,GEN,ST,udaikhurd,GANGAPUR,SAWAIMADHOPUR,Udai Khurd,Gangapurcity,Wazeerpur,C_unique_gp_name_statewide,0,never,0
41437,1,0,SC W,OBC,akshaygarh,KHANDAR,SAWAIMADHOPUR,Akshaygarh,Sawai Madhopur,Khandar,A_exact_gp_district_samiti,1,once,0
41438,0,0,SC,GEN,allapur,KHANDAR,SAWAIMADHOPUR,Allapur,Sawai Madhopur,Khandar,A_exact_gp_district_samiti,0,never,0
41439,0,0,SC,GEN,aniyala,KHANDAR,SAWAIMADHOPUR,Aniyala,Sawai Madhopur,Khandar,A_exact_gp_district_samiti,0,never,0
41442,1,0,GEN W,OBC,baler,KHANDAR,SAWAIMADHOPUR,Baler,Sawai Madhopur,Khandar,A_exact_gp_district_samiti,1,once,0
41446,1,0,GEN W,GEN,chhan,KHANDAR,SAWAIMADHOPUR,Chhan,Sawai Madhopur,Khandar,A_exact_gp_district_samiti,1,once,0
41447,0,1,ST,GENW,chitara,KHANDAR,SAWAIMADHOPUR,Chitara,Sawai Madhopur,Sawai Madhopur,B_exact_gp_district,1,once,0
41448,0,1,SC,GENW,daulatpura,KHANDAR,SAWAIMADHOPUR,Daulatpura,Sawai Madhopur,Khandar,A_exact_gp_district_samiti,1,once,0
41450,1,0,OBC W,ST,dumoda,KHANDAR,SAWAIMADHOPUR,Dumoda,Sawai Madhopur,Sawai Madhopur,B_exact_gp_district,1,once,0
41451,0,1,OBC,SCW,gandawar,KHANDAR,SAWAIMADHOPUR,Gandawar,Sawai Madhopur,Khandar,A_exact_gp_district_samiti,1,once,0
41452,1,1,GEN W,SCW,goth bihari,KHANDAR,SAWAIMADHOPUR,Goth Bihari,Sawai Madhopur,Khandar,A_exact_gp_district_samiti,2,twice,0
41453,0,0,GEN,GEN,gothra,KHANDAR,SAWAIMADHOPUR,Gothra,Sawai Madhopur,Khandar,A_exact_gp_district_samiti,0,never,0
41454,1,1,SC W,GENW,khandar,KHANDAR,SAWAIMADHOPUR,Khandar,Sawai Madhopur,Khandar,A_exact_gp_district_samiti,2,twice,0
41455,0,0,SC,GEN,khandewala,NAGAR,BHARATPUR,Khandewala,Sawai Madhopur,Khandar,C_unique_gp_name_statewide,0,never,0
41458,0,0,GEN,GEN,kuredi,KHANDAR,SAWAIMADHOPUR,Kuredi,Sawai Madhopur,Khandar,A_exact_gp_district_samiti,0,never,0
41459,1,0,GEN W,GEN,kyarda kalan,KHANDAR,SAWAIMADHOPUR,Kyarda Kalan,Sawai Madhopur,Khandar,A_exact_gp_district_samiti,1,once,0
41463,0,0,GEN,GEN,pali,KHANDAR,SAWAIMADHOPUR,Pali,Sawai Madhopur,Khandar,A_exact_gp_district_samiti,0,never,0
41464,0,1,OBC,STW,pancholas,KHANDAR,SAWAIMADHOPUR,Pancholas,Sawai Madhopur,Sawai Madhopur,B_exact_gp_district,1,once,0
41465,0,1,GEN,SCW,phalodi,KHANDAR,SAWAIMADHOPUR,Phalodi,Sawai Madhopur,Sawai Madhopur,B_exact_gp_district,1,once,0
41466,0,0,ST,SC,rampura,KHANDAR,SAWAIMADHOPUR,Rampura,Sawai Madhopur,Sawai Madhopur,B_exact_gp_district,0,never,0
41470,0,1,ST,GENW,talawada,GANGAPUR,SAWAIMADHOPUR,Talawada,Sawai Madhopur,Khandar,B_exact_gp_district,1,once,0
41473,1,1,ST W,GENW,ajnoti,SAWAI MADHOPUR,SAWAIMADHOPUR,Ajnoti,Sawai Madhopur,Sawai Madhopur,A_exact_gp_district_samiti,2,twice,0
41474,0,0,SC,GEN,atoon kalan,SAWAI MADHOPUR,SAWAIMADHOPUR,Atoon Kalan,Sawai Madhopur,Sawai Madhopur,A_exact_gp_district_samiti,0,never,0
41475,0,1,GEN,STW,badolas,SAWAI MADHOPUR,SAWAIMADHOPUR,Badolas,Sawai Madhopur,Sawai Madhopur,A_exact_gp_district_samiti,1,once,0
41477,0,1,OBC,STW,bhadlav,SAWAI MADHOPUR,SAWAIMADHOPUR,Bhadlav,Sawai Madhopur,Sawai Madhopur,A_exact_gp_district_samiti,1,once,0
41478,0,0,GEN,ST,bhagwatgarh,SAWAI MADHOPUR,SAWAIMADHOPUR,Bhagwatgarh,Sawai Madhopur,Chauth Ka Barwara,B_exact_gp_district,0,never,0
41479,0,0,SC,GEN,bhedola,SAWAI MADHOPUR,SAWAIMADHOPUR,Bhedola,Sawai Madhopur,Chauth Ka Barwara,B_exact_gp_district,0,never,0
41488,0,1,SC,STW,isarda,SAWAI MADHOPUR,SAWAIMADHOPUR,Isarda,Sawai Madhopur,Chauth Ka Barwara,B_exact_gp_district,1,once,0
41491,0,0,ST,SC,jeenapur,SAWAI MADHOPUR,SAWAIMADHOPUR,Jeenapur,Sawai Madhopur,Sawai Madhopur,A_exact_gp_district_samiti,0,never,0
41493,1,0,GEN W,ST,jola,SAWAI MADHOPUR,SAWAIMADHOPUR,Jola,Sawai Madhopur,Chauth Ka Barwara,B_exact_gp_district,1,once,0
41494,0,1,ST,GENW,karmoda,SAWAI MADHOPUR,SAWAIMADHOPUR,Karmoda,Sawai Madhopur,Sawai Madhopur,A_exact_gp_district_samiti,1,once,0
41495,0,0,GEN,ST,khatupura,SAWAI MADHOPUR,SAWAIMADHOPUR,Khatupura,Sawai Madhopur,Sawai Madhopur,A_exact_gp_district_samiti,0,never,0
41496,0,0,ST,GEN,khilchipur,SAWAI MADHOPUR,SAWAIMADHOPUR,Khilchipur,Sawai Madhopur,Sawai Madhopur,A_exact_gp_district_samiti,0,never,0
41497,0,0,GEN,GEN,kundera,SAWAI MADHOPUR,SAWAIMADHOPUR,Kundera,Sawai Madhopur,Sawai Madhopur,A_exact_gp_district_samiti,0,never,0
41500,1,1,ST W,GENW,mahapura,SAWAI MADHOPUR,SAWAIMADHOPUR,Mahapura,Sawai Madhopur,Chauth Ka Barwara,B_exact_gp_district,2,twice,0
41501,1,0,GEN W,GEN,makholi,SAWAI MADHOPUR,SAWAIMADHOPUR,Makholi,Sawai Madhopur,Sawai Madhopur,A_exact_gp_district_samiti,1,once,0
41503,1,1,GEN W,GENW,mui,SAWAI MADHOPUR,SAWAIMADHOPUR,Mui,Sawai Madhopur,Sawai Madhopur,A_exact_gp_district_samiti,2,twice,0
41504,0,0,ST,GEN,needarda,SAWAI MADHOPUR,SAWAIMADHOPUR,Needarda,Sawai Madhopur,Sawai Madhopur,A_exact_gp_district_samiti,0,never,0
41506,0,1,ST,GENW,padhana,SAWAI MADHOPUR,SAWAIMADHOPUR,Padhana,Sawai Madhopur,Sawai Madhopur,A_exact_gp_district_samiti,1,once,0
41508,1,0,SC W,GEN,rajwana,SAWAI MADHOPUR,SAWAIMADHOPUR,Rajwana,Sawai Madhopur,Chauth Ka Barwara,B_exact_gp_district,1,once,0
41510,0,0,ST,GEN,ranwal,SAWAI MADHOPUR,SAWAIMADHOPUR,Ranwal,Sawai Madhopur,Sawai Madhopur,A_exact_gp_district_samiti,0,never,0
41513,0,0,GEN,GEN,sherpur,SAWAI MADHOPUR,SAWAIMADHOPUR,Sherpur,Sawai Madhopur,Sawai Madhopur,A_exact_gp_district_samiti,0,never,0
41515,0,0,GEN,ST,shyampura,SAWAI MADHOPUR,SAWAIMADHOPUR,Shyampura,Sawai Madhopur,Sawai Madhopur,A_exact_gp_district_samiti,0,never,0
41516,0,0,GEN,GEN,soorwal,SAWAI MADHOPUR,SAWAIMADHOPUR,Soorwal,Sawai Madhopur,Sawai Madhopur,A_exact_gp_district_samiti,0,never,0
41517,1,1,GEN W,STW,sunari,SAWAI MADHOPUR,SAWAIMADHOPUR,Sunari,Sawai Madhopur,Sawai Madhopur,A_exact_gp_district_samiti,2,twice,0
41518,0,0,ST,SC,tapur,SAWAI MADHOPUR,SAWAIMADHOPUR,Tapur,Sawai Madhopur,Chauth Ka Barwara,B_exact_gp_district,0,never,0
41519,1,1,GEN W,GENW,aloda,DANTA RAMGARH,SIKAR,Aloda,Sikar,Danta Ramgarh,A_exact_gp_district_samiti,2,twice,0
41523,0,1,OBC,GENW,bay,DANTA RAMGARH,SIKAR,Bay,Sikar,Danta Ramgarh,A_exact_gp_district_samiti,1,once,0
41524,0,1,SC,GENW,bharija,DANTA RAMGARH,SIKAR,Bharija,Sikar,Danta Ramgarh,A_exact_gp_district_samiti,1,once,0
41525,0,1,GEN,OBCW,bheema,DANTA RAMGARH,SIKAR,Bheema,Sikar,Danta Ramgarh,A_exact_gp_district_samiti,1,once,0
41528,0,0,GEN,GEN,chak,DANTA RAMGARH,SIKAR,Chak,Sikar,Danta Ramgarh,A_exact_gp_district_samiti,0,never,0
41531,1,0,OBC W,GEN,dheengpur,DANTA RAMGARH,SIKAR,Dheengpur,Sikar,Danta Ramgarh,A_exact_gp_district_samiti,1,once,0
41537,0,1,SC,GENW,jana,DANTA RAMGARH,SIKAR,Jana,Sikar,Danta Ramgarh,A_exact_gp_district_samiti,1,once,0
41539,0,0,GEN,SC,karad,DANTA RAMGARH,SIKAR,Karad,Sikar,Danta Ramgarh,A_exact_gp_district_samiti,0,never,0
41540,0,0,GEN,OBC,khachariyawas,DANTA RAMGARH,SIKAR,Khachariya Was,Sikar,Danta Ramgarh,A_exact_gp_district_samiti,0,never,0
41541,1,0,SC W,ST,khandelsar,DANTA RAMGARH,SIKAR,Khandelsar,Sikar,Danta Ramgarh,A_exact_gp_district_samiti,1,once,0
41544,1,1,GEN W,OBCW,khora,DANTA RAMGARH,SIKAR,Khora,Sikar,Danta Ramgarh,A_exact_gp_district_samiti,2,twice,0
41545,0,1,ST,SCW,kochhor,DANTA RAMGARH,SIKAR,Kochhor,Sikar,Danta Ramgarh,A_exact_gp_district_samiti,1,once,0
41546,0,0,GEN,GEN,kuli,DANTA RAMGARH,SIKAR,Kuli,Sikar,Danta Ramgarh,A_exact_gp_district_samiti,0,never,0
41547,1,0,OBC W,GEN,ladpur,DANTA RAMGARH,SIKAR,Ladpur,Sikar,Danta Ramgarh,A_exact_gp_district_samiti,1,once,0
41549,0,0,GEN,SC,likhma ka bas,DANTA RAMGARH,SIKAR,Likhma Ka Bas,Sikar,Danta Ramgarh,A_exact_gp_district_samiti,0,never,0
41553,0,1,GEN,SCW,motlawas,DANTA RAMGARH,SIKAR,Motlawas,Sikar,Danta Ramgarh,A_exact_gp_district_samiti,1,once,0
41554,1,0,GEN W,GEN,mundiyawas,DANTA RAMGARH,SIKAR,Mundiyawas,Sikar,Danta Ramgarh,A_exact_gp_district_samiti,1,once,0
41555,0,1,GEN,GENW,pachar,DANTA RAMGARH,SIKAR,Pachar,Sikar,Danta Ramgarh,A_exact_gp_district_samiti,1,once,0
41556,1,1,GEN W,GENW,ralawata,DANTA RAMGARH,SIKAR,Ralawata,Sikar,Danta Ramgarh,A_exact_gp_district_samiti,2,twice,0
41557,0,1,GEN,OBCW,ramgarh,DANTA RAMGARH,SIKAR,Ramgarh,Sikar,Danta Ramgarh,A_exact_gp_district_samiti,1,once,0
41558,0,0,GEN,SC,reta,DANTA RAMGARH,SIKAR,Reta,Sikar,Danta Ramgarh,A_exact_gp_district_samiti,0,never,0
41560,0,1,OBC,SCW,sami,DANTA RAMGARH,SIKAR,Sami,Sikar,Danta Ramgarh,A_exact_gp_district_samiti,1,once,0
41561,0,1,GEN,SCW,sangaliya,DANTA RAMGARH,SIKAR,Sangaliya,Sikar,Danta Ramgarh,A_exact_gp_district_samiti,1,once,0
41562,0,0,SC,GEN,sulyawas,DANTA RAMGARH,SIKAR,Sulyawas,Sikar,Danta Ramgarh,A_exact_gp_district_samiti,0,never,0
41563,0,0,GEN,GEN,surera,DANTA RAMGARH,SIKAR,Surera,Sikar,Danta Ramgarh,A_exact_gp_district_samiti,0,never,0
41571,0,0,GEN,SC,bosana,DHOND,SIKAR,Bosana,Sikar,Dhod,B_exact_gp_district,0,never,0
41575,0,1,OBC,GENW,fatehpura,DHOND,SIKAR,Fatehpura,Sikar,Dhod,B_exact_gp_district,1,once,0
41580,0,1,SC,GENW,kanwarpura,DHOND,SIKAR,Kanwarpura,Sikar,Sikar Gramin,B_exact_gp_district,1,once,0
41584,0,0,GEN,GEN,kudan,DHOND,SIKAR,Kudan,Sikar,Sikar Gramin,B_exact_gp_district,0,never,0
41585,1,1,GEN W,GENW,losal chhoti,DHOND,SIKAR,Losal Chhoti,Sikar,Dhod,B_exact_gp_district,2,twice,0
41586,1,1,GEN W,GENW,mandawara,DHOND,SIKAR,Mandawara,Sikar,Sikar Gramin,B_exact_gp_district,2,twice,0
41587,1,0,GEN W,OBC,mandota,DHOND,SIKAR,Mandota,Sikar,Sikar Gramin,B_exact_gp_district,1,once,0
41590,0,1,OBC,SCW,nagwa,DHOND,SIKAR,Nagwa,Sikar,Dhod,B_exact_gp_district,1,once,0
41592,0,0,GEN,GEN,palthana,DHOND,SIKAR,Palthana,Sikar,Sikar Gramin,B_exact_gp_district,0,never,0
41593,0,0,SC,OBC,pewa,DHOND,SIKAR,Pewa,Sikar,Dhod,B_exact_gp_district,0,never,0
41600,0,1,SC,GENW,sewa,DHOND,SIKAR,Sewa,Sikar,Sikar Gramin,B_exact_gp_district,1,once,0
41606,1,1,OBC W,GENW,singrawat,DHOND,SIKAR,Singrawat,Sikar,Dhod,B_exact_gp_district,2,twice,0
41608,1,0,GEN W,OBC,badusar,FATEHPUR,SIKAR,Badusar,Sikar,Lachhmangarh,B_exact_gp_district,1,once,0
41611,0,1,GEN,SCW,bathod,FATEHPUR,SIKAR,Bathod,Sikar,Fatehpur,A_exact_gp_district_samiti,1,once,0
41613,1,1,GEN W,OBCW,beswa,FATEHPUR,SIKAR,Beswa,Sikar,Fatehpur,A_exact_gp_district_samiti,2,twice,0
41616,1,1,SC W,GENW,biraniya,FATEHPUR,SIKAR,Biraniya,Sikar,Fatehpur,A_exact_gp_district_samiti,2,twice,0
41619,0,1,OBC,GENW,deenwa ladkhani,FATEHPUR,SIKAR,Deenwa Ladkhani,Sikar,Fatehpur,A_exact_gp_district_samiti,1,once,0
41620,0,1,SC,GENW,dewas,FATEHPUR,SIKAR,Dewas,Sikar,Ramgarh Shekhawati,B_exact_gp_district,1,once,0
41624,0,0,GEN,SC,garinda,FATEHPUR,SIKAR,Garinda,Sikar,Fatehpur,A_exact_gp_district_samiti,0,never,0
41626,1,1,GEN W,GENW,hirna,FATEHPUR,SIKAR,Hirna,Sikar,Fatehpur,A_exact_gp_district_samiti,2,twice,0
41627,1,1,GEN W,OBCW,hudera,FATEHPUR,SIKAR,Hudera,Sikar,Ramgarh Shekhawati,B_exact_gp_district,2,twice,0
41628,0,0,SC,OBC,kayamsar,FATEHPUR,SIKAR,Kayamsar,Sikar,Ramgarh Shekhawati,B_exact_gp_district,0,never,0
41629,0,1,GEN,SCW,khotiya,FATEHPUR,SIKAR,Khotiya,Sikar,Ramgarh Shekhawati,B_exact_gp_district,1,once,0
41632,0,1,GEN,OBCW,nayabas,NEEMKATHANA,SIKAR,Nayabas,Sikar,Fatehpur,B_exact_gp_district,1,once,0
41634,0,1,SC,OBCW,rajas,FATEHPUR,SIKAR,Rajas,Sikar,Lachhmangarh,B_exact_gp_district,1,once,0
41636,0,0,OBC,GEN,rohal sahabsar,FATEHPUR,SIKAR,Rohal Sahabsar,Sikar,Ramgarh Shekhawati,B_exact_gp_district,0,never,0
41639,0,0,GEN,GEN,takhalsar,FATEHPUR,SIKAR,Takhalsar,Sikar,Ramgarh Shekhawati,B_exact_gp_district,0,never,0
41643,0,1,GEN,SCW,barsingh pura,KHANDELA,SIKAR,Barsinghpura,Sikar,Khandela,A_exact_gp_district_samiti,1,once,0
41646,0,0,OBC,GEN,burjaki dhani,KHANDELA,SIKAR,Burja Ki Dhani,Neem Ka Thana,Shrimadhopur,C_unique_gp_name_statewide,0,never,0
41649,0,1,GEN,OBCW,dhalyawas,KHANDELA,SIKAR,Dhalyawas,Sikar,Khandela,A_exact_gp_district_samiti,1,once,0
41650,0,1,ST,GENW,dhani guman singh,KHANDELA,SIKAR,Dhani Gumansingh,Sikar,Khandela,A_exact_gp_district_samiti,1,once,0
41651,1,0,GEN W,GEN,doodhwalo ka bas,KHANDELA,SIKAR,Doodhwalo Ka Bas,Sikar,Khandela,A_exact_gp_district_samiti,1,once,0
41652,0,0,GEN,OBC,dulhepura,KHANDELA,SIKAR,Dulhepura,Sikar,Khandela,A_exact_gp_district_samiti,0,never,0
41653,0,0,GEN,SC,gokul ka bas,KHANDELA,SIKAR,Gokul Ka Bas,Sikar,Khandela,A_exact_gp_district_samiti,0,never,0
41655,0,0,GEN,SC,gurara,KHANDELA,SIKAR,Gurara,Sikar,Khandela,A_exact_gp_district_samiti,0,never,0
41656,0,1,OBC,GENW,hardas ka bas,KHANDELA,SIKAR,Hardas Ka Bas,Neem Ka Thana,Shrimadhopur,C_unique_gp_name_statewide,1,once,0
41657,1,1,GEN W,GENW,hathideh,KHANDELA,SIKAR,Hathideh,Neem Ka Thana,Shrimadhopur,C_unique_gp_name_statewide,2,twice,0
41658,0,0,GEN,GEN,jairampura,KHANDELA,SIKAR,Jairampura,Sikar,Khandela,A_exact_gp_district_samiti,0,never,0
41659,0,1,SC,OBCW,jajod,KHANDELA,SIKAR,Jajod,Sikar,Khandela,A_exact_gp_district_samiti,1,once,0
41661,0,0,OBC,GEN,jugalpura,KHANDELA,SIKAR,Jugalpura,Sikar,Khandela,A_exact_gp_district_samiti,0,never,0
41662,0,1,GEN,STW,kalyanpura (thoi),KHANDELA,SIKAR,Kalyanpura (Thoi),Neem Ka Thana,Shrimadhopur,C_unique_gp_name_statewide,1,once,0
41665,0,1,GEN,GENW,kasarda,KHANDELA,SIKAR,Kasarda,Sikar,Reengus,B_exact_gp_district,1,once,0
41666,0,0,GEN,ST,kerpura,KHANDELA,SIKAR,Kerpura,Sikar,Khandela,A_exact_gp_district_samiti,0,never,0
41667,0,0,GEN,SC,khatundara,KHANDELA,SIKAR,Khatundara,Sikar,Khandela,A_exact_gp_district_samiti,0,never,0
41671,1,1,GEN W,GENW,malikpur,KHANDELA,SIKAR,Malikpur,Sikar,Reengus,B_exact_gp_district,2,twice,0
41675,0,0,OBC,GEN,ralawata,KHANDELA,SIKAR,Ralawata,Sikar,Khandela,A_exact_gp_district_samiti,0,never,0
41678,1,0,GEN W,GEN,royal,KHANDELA,SIKAR,Royal,Sikar,Khandela,A_exact_gp_district_samiti,1,once,0
41679,0,0,GEN,GEN,sujana,KHANDELA,SIKAR,Sujana,Sikar,Khandela,A_exact_gp_district_samiti,0,never,0
41681,0,1,GEN,OBCW,thoi,KHANDELA,SIKAR,Thoi,Neem Ka Thana,Shrimadhopur,C_unique_gp_name_statewide,1,once,0
41722,0,0,GEN,SC,bega ki nangal,NEEMKATHANA,SIKAR,Bega Ki Nangal,Neem Ka Thana,Patan,C_unique_gp_name_statewide,0,never,0
41725,0,1,GEN,SCW,bihar,NEEMKATHANA,SIKAR,Bihar,Neem Ka Thana,Patan,C_unique_gp_name_statewide,1,once,0
41726,0,0,GEN,GEN,biharipur,NEEMKATHANA,SIKAR,Biharipur,Neem Ka Thana,Patan,C_unique_gp_name_statewide,0,never,0
41727,1,0,OBC W,GEN,chhaja ki nangal,NEEMKATHANA,SIKAR,Chhaja Ki Nangal,Neem Ka Thana,Patan,C_unique_gp_name_statewide,1,once,0
41728,1,1,GEN W,GENW,chala,NEEMKATHANA,SIKAR,Chala,Neem Ka Thana,Neem Ka Thana,C_unique_gp_name_statewide,2,twice,0
41730,0,1,OBC,SCW,cheeplata,NEEMKATHANA,SIKAR,Cheeplata,Neem Ka Thana,Shrimadhopur,C_unique_gp_name_statewide,1,once,0
41734,0,0,OBC,GEN,dayal ki nangal,NEEMKATHANA,SIKAR,Dayal Ki Nangal,Neem Ka Thana,Neem Ka Thana,C_unique_gp_name_statewide,0,never,0
41737,0,1,OBC,GENW,dokan,NEEMKATHANA,SIKAR,Dokan,Neem Ka Thana,Patan,C_unique_gp_name_statewide,1,once,0
41744,1,0,OBC W,GEN,guhala,NEEMKATHANA,SIKAR,Guhala,Neem Ka Thana,Neem Ka Thana,C_unique_gp_name_statewide,1,once,0
41745,0,1,OBC,GENW,hasampur,NEEMKATHANA,SIKAR,Hasampur,Neem Ka Thana,Patan,C_unique_gp_name_statewide,1,once,0
41746,0,1,ST,SCW,jeelo,NEEMKATHANA,SIKAR,Jeelo,Neem Ka Thana,Neem Ka Thana,C_unique_gp_name_statewide,1,once,0
41748,0,0,GEN,GEN,khadra,NEEMKATHANA,SIKAR,Khadra,Neem Ka Thana,Neem Ka Thana,C_unique_gp_name_statewide,0,never,0
41752,0,1,OBC,GENW,ladi ka bas,NEEMKATHANA,SIKAR,Ladi Ka Bas,Neem Ka Thana,Patan,C_unique_gp_name_statewide,1,once,0
41753,1,1,SC,GENW,mahawa,MAHWA,DAUSA,Mahawa,Neem Ka Thana,Neem Ka Thana,C_unique_gp_name_statewide,2,twice,0
41757,0,0,OBC,SC,mawanda khurd,NEEMKATHANA,SIKAR,Mawanda Khurd,Neem Ka Thana,Neem Ka Thana,C_unique_gp_name_statewide,0,never,0
41761,1,0,GEN W,OBC,narsinghpuri,NEEMKATHANA,SIKAR,Narsingh Puri,Neem Ka Thana,Neem Ka Thana,C_unique_gp_name_statewide,1,once,0
41762,0,0,GEN,GEN,natha ki nangal,NEEMKATHANA,SIKAR,Natha Ki Nangal,Neem Ka Thana,Neem Ka Thana,C_unique_gp_name_statewide,0,never,0
41765,1,1,SC W,GENW,peethalpur,NEEMKATHANA,SIKAR,Peethal Pur,Neem Ka Thana,Shrimadhopur,C_unique_gp_name_statewide,2,twice,0
41767,0,1,GEN,SCW,raipur jageer,NEEMKATHANA,SIKAR,Raipur Jageer,Neem Ka Thana,Shrimadhopur,C_unique_gp_name_statewide,1,once,0
41768,1,0,OBC W,GEN,raipur patan,NEEMKATHANA,SIKAR,Raipur Patan,Neem Ka Thana,Patan,C_unique_gp_name_statewide,1,once,0
41780,0,0,GEN,GEN,bajor,PIPRALI,SIKAR,Bajor,Sikar,Sikar,B_exact_gp_district,0,never,0
41781,0,0,OBC,GEN,beri,PIPRALI,SIKAR,Beri,Sikar,Sikar,B_exact_gp_district,0,never,0
41782,1,1,OBC W,GENW,bhadwasi,PIPRALI,SIKAR,Bhadwasi,Sikar,Sikar,B_exact_gp_district,2,twice,0
41784,0,1,SC,OBCW,chandpura,PIPRALI,SIKAR,Chandpura,Sikar,Sikar Gramin,B_exact_gp_district,1,once,0
41785,0,0,GEN,OBC,dadiya,PIPRALI,SIKAR,Dadiya,Sikar,Sikar,B_exact_gp_district,0,never,0
41787,0,1,GEN,GENW,gokulpura,PIPRALI,SIKAR,Gokulpura,Sikar,Sikar,B_exact_gp_district,1,once,0
41789,0,1,GEN,GENW,harsh,PIPRALI,SIKAR,Harsh,Sikar,Sikar Gramin,B_exact_gp_district,1,once,0
41792,0,1,GEN,GENW,kishanpura,PIPRALI,SIKAR,Kishanpura,Sikar,Danta Ramgarh,B_exact_gp_district,1,once,0
41794,1,0,GEN W,GEN,kudli,PIPRALI,SIKAR,Kudli,Sikar,Sikar,B_exact_gp_district,1,once,0
41795,0,1,GEN,GENW,ladhana,PIPRALI,SIKAR,Ladhana,Sikar,Danta Ramgarh,B_exact_gp_district,1,once,0
41797,1,0,GEN W,OBC,nani,PIPRALI,SIKAR,Nani,Sikar,Sikar Gramin,B_exact_gp_district,1,once,0
41799,0,1,OBC,GENW,palsana,PIPRALI,SIKAR,Palsana,Sikar,Danta Ramgarh,B_exact_gp_district,1,once,0
41801,1,0,SC W,GEN,purohit ka bas,PIPRALI,SIKAR,Purohit Ka Bas,Sikar,Sikar,B_exact_gp_district,1,once,0
41802,0,0,GEN,SC,radha kishanpura,PIPRALI,SIKAR,Radha Kishanpura,Sikar,Sikar,B_exact_gp_district,0,never,0
41803,0,1,GEN,OBCW,raghunath garh,PIPRALI,SIKAR,Raghunathgarh,Sikar,Sikar,B_exact_gp_district,1,once,0
41806,0,0,SC,GEN,ranoli,PIPRALI,SIKAR,Ranoli,Sikar,Danta Ramgarh,B_exact_gp_district,0,never,0
41809,0,0,OBC,ST,shyamgarh,PIPRALI,SIKAR,Shyamgarh,Sikar,Sikar,B_exact_gp_district,0,never,0
41811,1,1,SC W,GENW,singhasan,PIPRALI,SIKAR,Singhasan,Sikar,Sikar,B_exact_gp_district,2,twice,0
41812,0,1,ST,OBCW,sujawas,PIPRALI,SIKAR,Sujawas,Sikar,Danta Ramgarh,B_exact_gp_district,1,once,0
41821,1,0,GEN W,GEN,chomu purohitan,SRIMADHOPUR,SIKAR,Chomu Purohitan,Sikar,Reengus,B_exact_gp_district,1,once,0
41822,1,0,GEN W,OBC,dadiya rampura,SRIMADHOPUR,SIKAR,Dadiya Rampura,Sikar,Reengus,B_exact_gp_district,1,once,0
41823,0,1,OBC,GENW,divrala,SRIMADHOPUR,SIKAR,Divrala,Neem Ka Thana,Shrimadhopur,C_unique_gp_name_statewide,1,once,0
41824,0,0,GEN,GEN,garh taknet,SRIMADHOPUR,SIKAR,Garh Taknet,Neem Ka Thana,Shrimadhopur,C_unique_gp_name_statewide,0,never,0
41825,0,1,SC,GENW,hanspur,SRIMADHOPUR,SIKAR,Hanspur,Neem Ka Thana,Shrimadhopur,C_unique_gp_name_statewide,1,once,0
41826,0,0,GEN,GEN,hathora,SRIMADHOPUR,SIKAR,Hathora,Neem Ka Thana,Shrimadhopur,C_unique_gp_name_statewide,0,never,0
41827,0,1,GEN,GENW,jaitusar,SRIMADHOPUR,SIKAR,Jaitusar,Sikar,Reengus,B_exact_gp_district,1,once,0
41828,1,0,OBC W,SC,jorawar nagar,SRIMADHOPUR,SIKAR,Jorawar Nagar,Neem Ka Thana,Shrimadhopur,C_unique_gp_name_statewide,1,once,0
41829,1,1,GEN W,GENW,jugrajpura,SRIMADHOPUR,SIKAR,Jugrajpura,Neem Ka Thana,Shrimadhopur,C_unique_gp_name_statewide,2,twice,0
41837,0,1,GEN,SCW,malakali,SRIMADHOPUR,SIKAR,Malakali,Sikar,Reengus,B_exact_gp_district,1,once,0
41839,0,0,OBC,GEN,mundru,SRIMADHOPUR,SIKAR,Mundru,Neem Ka Thana,Shrimadhopur,C_unique_gp_name_statewide,0,never,0
41842,1,1,GEN W,GENW,patwari ka bas,SRIMADHOPUR,SIKAR,Patwari Ka Bas,Sikar,Reengus,B_exact_gp_district,2,twice,0
41847,0,1,GEN,GENW,tapiplya,SRIMADHOPUR,SIKAR,Tapiplya,Sikar,Reengus,B_exact_gp_district,1,once,0
41849,0,0,ST,ST,amthala,ABUROAD,SIROHI,Amthala,Sirohi,Deldar,B_exact_gp_district,0,never,0
41851,1,1,ST W,STW,bahadurpura,ABUROAD,SIROHI,Bahadur Pura,Sirohi,Abu Road,A_exact_gp_district_samiti,2,twice,0
41852,0,1,ST,STW,chanar,ABUROAD,SIROHI,Chanar,Sirohi,Abu Road,A_exact_gp_district_samiti,1,once,0
41853,0,0,ST,ST,chandela,ABUROAD,SIROHI,Chandela,Sirohi,Abu Road,A_exact_gp_district_samiti,0,never,0
41854,1,0,ST W,ST,deldar,ABUROAD,SIROHI,Deldar,Sirohi,Deldar,B_exact_gp_district,1,once,0
41859,1,0,ST W,ST,khadat,ABUROAD,SIROHI,Khadat,Sirohi,Abu Road,A_exact_gp_district_samiti,1,once,0
41861,0,1,ST,STW,kyariya,ABUROAD,SIROHI,Kyariya,Sirohi,Abu Road,A_exact_gp_district_samiti,1,once,0
41864,0,1,ST,STW,morthala,ABUROAD,SIROHI,Morthala,Sirohi,Abu Road,A_exact_gp_district_samiti,1,once,0
41867,1,0,ST W,ST,oriya,ABUROAD,SIROHI,Oriya,Sirohi,Deldar,B_exact_gp_district,1,once,0
41868,1,1,ST W,STW,santpur,ABUROAD,SIROHI,Santpur,Sirohi,Abu Road,A_exact_gp_district_samiti,2,twice,0
41874,0,1,GEN,GENW,ajari,PINDWARA,SIROHI,Ajari,Sirohi,Pindwara,A_exact_gp_district_samiti,1,once,0
41876,1,0,GEN W,GEN,basantgarh,PINDWARA,SIROHI,Basantgarh,Sirohi,Pindwara,A_exact_gp_district_samiti,1,once,0
41877,0,0,ST,GEN,bharja,PINDWARA,SIROHI,Bharja,Sirohi,Pindwara,A_exact_gp_district_samiti,0,never,0
41879,1,0,SC W,GEN,bhimana,PINDWARA,SIROHI,Bhimana,Sirohi,Pindwara,A_exact_gp_district_samiti,1,once,0
41881,0,0,ST,GEN,dhanari,PINDWARA,SIROHI,Dhanari,Sirohi,Pindwara,A_exact_gp_district_samiti,0,never,0
41883,0,0,ST,ST,gharat,PINDWARA,SIROHI,Gharat,Sirohi,Pindwara,A_exact_gp_district_samiti,0,never,0
41885,0,1,ST,GENW,janapur,PINDWARA,SIROHI,Janapur,Sirohi,Pindwara,A_exact_gp_district_samiti,1,once,0
41886,1,0,GEN W,SC,kachholi,PINDWARA,SIROHI,Kachholi,Sirohi,Pindwara,A_exact_gp_district_samiti,1,once,0
41888,1,0,ST W,ST,lotana,PINDWARA,SIROHI,Lotana,Sirohi,Pindwara,A_exact_gp_district_samiti,1,once,0
41891,0,1,ST,STW,moras,PINDWARA,SIROHI,Moras,Sirohi,Pindwara,A_exact_gp_district_samiti,1,once,0
41893,0,0,ST,GEN,naya sanwara,PINDWARA,SIROHI,Naya Sanwara,Sirohi,Pindwara,A_exact_gp_district_samiti,0,never,0
41895,1,0,GEN W,GEN,peshua,PINDWARA,SIROHI,Peshua,Sirohi,Pindwara,A_exact_gp_district_samiti,1,once,0
41896,1,0,GEN W,SC,rohira,PINDWARA,SIROHI,Rohira,Sirohi,Pindwara,A_exact_gp_district_samiti,1,once,0
41899,1,1,GEN W,GENW,telpur,PINDWARA,SIROHI,Telpur,Sirohi,Pindwara,A_exact_gp_district_samiti,2,twice,0
41908,1,1,OBC W,STW,bant,REODAR,SIROHI,Bant,Sirohi,Reodar,A_exact_gp_district_samiti,2,twice,0
41909,0,0,ST,GEN,bhatana,REODAR,SIROHI,Bhatana,Sirohi,Reodar,A_exact_gp_district_samiti,0,never,0
41912,0,1,GEN,SCW,dak,REODAR,SIROHI,Dak,Sirohi,Reodar,A_exact_gp_district_samiti,1,once,0
41915,0,0,GEN,GEN,dhan,REODAR,SIROHI,Dhan,Sirohi,Reodar,A_exact_gp_district_samiti,0,never,0
41918,0,1,SC,GENW,gulabganj,REODAR,SIROHI,Gulabganj,Sirohi,Reodar,A_exact_gp_district_samiti,1,once,0
41924,0,0,OBC,GEN,magariwara,REODAR,SIROHI,Magariwara,Sirohi,Reodar,A_exact_gp_district_samiti,0,never,0
41927,1,0,GEN W,SC,marol,REODAR,SIROHI,Marol,Sirohi,Reodar,A_exact_gp_district_samiti,1,once,0
41929,0,1,SC,GENW,nimbaj,REODAR,SIROHI,Nimbaj,Sirohi,Reodar,A_exact_gp_district_samiti,1,once,0
41931,1,1,SC W,GENW,pamera,REODAR,SIROHI,Pamera,Sirohi,Reodar,A_exact_gp_district_samiti,2,twice,0
41932,1,1,SC W,GENW,peethapura,REODAR,SIROHI,Peethapura,Sirohi,Reodar,A_exact_gp_district_samiti,2,twice,0
41934,0,0,SC,GEN,raipur,REODAR,SIROHI,Raipur,Sirohi,Reodar,A_exact_gp_district_samiti,0,never,0
41935,1,0,GEN W,GEN,reodar,REODAR,SIROHI,Reodar,Sirohi,Reodar,A_exact_gp_district_samiti,1,once,0
41936,0,1,GEN,OBCW,rohua,REODAR,SIROHI,Rohua,Sirohi,Reodar,A_exact_gp_district_samiti,1,once,0
41938,0,0,GEN,GEN,sirodi,REODAR,SIROHI,Sirodi,Sirohi,Reodar,A_exact_gp_district_samiti,0,never,0
41939,0,0,GEN,ST,sonela,REODAR,SIROHI,Sonela,Sirohi,Reodar,A_exact_gp_district_samiti,0,never,0
41940,0,0,SC,GEN,sorda,REODAR,SIROHI,Sorda,Sirohi,Reodar,A_exact_gp_district_samiti,0,never,0
41942,1,1,GEN W,SCW,varman,REODAR,SIROHI,Varman,Sirohi,Reodar,A_exact_gp_district_samiti,2,twice,0
41944,1,0,SC W,GEN,alpa,SHEOGANJ,SIROHI,Alpa,Sirohi,Sheoganj,A_exact_gp_district_samiti,1,once,0
41945,0,0,SC,GEN,andor,SHEOGANJ,SIROHI,Andor,Sirohi,Sheoganj,A_exact_gp_district_samiti,0,never,0
41946,1,1,GEN W,GENW,arathwara,SHEOGANJ,SIROHI,Arathwara,Sirohi,Sheoganj,A_exact_gp_district_samiti,2,twice,0
41947,0,0,GEN,ST,bargaon,SHEOGANJ,SIROHI,Bar Gaon,Sirohi,Sheoganj,A_exact_gp_district_samiti,0,never,0
41948,0,1,ST,GENW,bagseen,SHEOGANJ,SIROHI,Bagseen,Sirohi,Sheoganj,A_exact_gp_district_samiti,1,once,0
41949,0,1,OBC,GENW,chhibagaon,SHEOGANJ,SIROHI,Chhibagaon,Sirohi,Sheoganj,A_exact_gp_district_samiti,1,once,0
41953,1,1,GEN W,SCW,jhadoli,PINDWARA,SIROHI,Jhadoli,Sirohi,Sheoganj,B_exact_gp_district,2,twice,0
41954,0,1,GEN,SCW,jogapura,SHEOGANJ,SIROHI,Jogapura,Sirohi,Sheoganj,A_exact_gp_district_samiti,1,once,0
41957,0,0,OBC,SC,kesarpura,SHEOGANJ,SIROHI,Kesarpura,Sirohi,Sheoganj,A_exact_gp_district_samiti,0,never,0
41958,0,1,SC,STW,manadar,SHEOGANJ,SIROHI,Manadar,Sirohi,Sheoganj,A_exact_gp_district_samiti,1,once,0
41960,0,0,GEN,GEN,naradara,SHEOGANJ,SIROHI,Naradara,Sirohi,Sheoganj,A_exact_gp_district_samiti,0,never,0
41961,0,0,GEN,GEN,oda,SHEOGANJ,SIROHI,Oda,Sirohi,Sheoganj,A_exact_gp_district_samiti,0,never,0
41964,1,0,SC W,ST,rowara,SHEOGANJ,SIROHI,Rowara,Sirohi,Sheoganj,A_exact_gp_district_samiti,1,once,0
41965,1,0,ST W,OBC,rukhada,SHEOGANJ,SIROHI,Rukhada,Sirohi,Sheoganj,A_exact_gp_district_samiti,1,once,0
41967,0,1,SC,OBCW,van,SHEOGANJ,SIROHI,Van,Sirohi,Sheoganj,A_exact_gp_district_samiti,1,once,0
41968,1,1,GEN W,SCW,amlari,SIROHI,SIROHI,Amlari,Sirohi,Sirohi,A_exact_gp_district_samiti,2,twice,0
41969,0,0,ST,GEN,balda,SIROHI,SIROHI,Balda,Sirohi,Sirohi,A_exact_gp_district_samiti,0,never,0
41970,1,1,SC W,GENW,barloot,SIROHI,SIROHI,Barloot,Sirohi,Sirohi,A_exact_gp_district_samiti,2,twice,0
41971,0,1,GEN,OBCW,bhutgaon,SIROHI,SIROHI,Bhutgaon,Sirohi,Sirohi,A_exact_gp_district_samiti,1,once,0
41972,0,1,SC,GENW,dodua,SIROHI,SIROHI,Dodua,Sirohi,Sirohi,A_exact_gp_district_samiti,1,once,0
41975,0,1,SC,GENW,gol,SIROHI,SIROHI,Gol,Sirohi,Sirohi,A_exact_gp_district_samiti,1,once,0
41976,1,0,ST W,SC,haliwara,SIROHI,SIROHI,Haliwara,Sirohi,Sirohi,A_exact_gp_district_samiti,1,once,0
41980,0,1,OBC,GENW,khambal,SIROHI,SIROHI,Khambal,Sirohi,Sirohi,A_exact_gp_district_samiti,1,once,0
41982,0,0,GEN,GEN,madiya,SIROHI,SIROHI,Madiya,Sirohi,Sirohi,A_exact_gp_district_samiti,0,never,0
41983,1,0,OBC W,GEN,mankroda,SIROHI,SIROHI,Mankroda,Sirohi,Sirohi,A_exact_gp_district_samiti,1,once,0
41985,0,1,GEN,GENW,manora,SIROHI,SIROHI,Manora,Sirohi,Sirohi,A_exact_gp_district_samiti,1,once,0
41986,1,0,SC W,OBC,mer-mandwara,SIROHI,SIROHI,Mermandwara,Sirohi,Sirohi,A_exact_gp_district_samiti,1,once,0
41987,0,1,GEN,SCW,mohabbat nagar,SIROHI,SIROHI,Mohabbat Nagar,Sirohi,Sirohi,A_exact_gp_district_samiti,1,once,0
41988,0,0,GEN,GEN,nawara,SIROHI,SIROHI,Nawara,Sirohi,Sirohi,A_exact_gp_district_samiti,0,never,0
41989,1,0,GEN W,SC,padeev,SIROHI,SIROHI,Padeev,Sirohi,Sirohi,A_exact_gp_district_samiti,1,once,0
41990,0,0,GEN,SC,rampura,SIROHI,SIROHI,Rampura,Sirohi,Sirohi,A_exact_gp_district_samiti,0,never,0
41991,0,0,SC,OBC,sanpur,SIROHI,SIROHI,Sanpur,Sirohi,Sirohi,A_exact_gp_district_samiti,0,never,0
41992,0,0,GEN,GEN,sartara,SIROHI,SIROHI,Sartara,Sirohi,Sirohi,A_exact_gp_district_samiti,0,never,0
41993,0,1,SC,STW,sildar,SIROHI,SIROHI,Sildar,Sirohi,Sirohi,A_exact_gp_district_samiti,1,once,0
41994,0,0,OBC,ST,sindrath,SIROHI,SIROHI,Sindrath,Sirohi,Sirohi,A_exact_gp_district_samiti,0,never,0
42001,1,1,GEN W,SCW,balunda,DEOLI,TONK,Balunda,Tonk,Dooni,B_exact_gp_district,2,twice,0
42004,0,0,ST,SC,bisalpur,DEOLI,TONK,Bisalpur,Tonk,Deoli,A_exact_gp_district_samiti,0,never,0
42006,0,0,ST,OBC,chandsinghpura,DEOLI,TONK,Chandsinghpura,Tonk,Dooni,B_exact_gp_district,0,never,0
42008,0,0,OBC,GEN,charnet,DEOLI,TONK,Charnet,Tonk,Nagarfort,B_exact_gp_district,0,never,0
42009,0,0,GEN,ST,dabarkalan,DEOLI,TONK,Dabar Kalan,Tonk,Deoli,A_exact_gp_district_samiti,0,never,0
42016,1,0,ST W,GEN,ghad,DEOLI,TONK,Ghad,Tonk,Dooni,B_exact_gp_district,1,once,0
42017,0,0,ST,GEN,gurai,DEOLI,TONK,Gurai,Tonk,Dooni,B_exact_gp_district,0,never,0
42021,1,0,GEN W,SC,kaseer,ARAI,AJMER,Kaseer,Tonk,Deoli,C_unique_gp_name_statewide,1,once,0
42024,0,0,GEN,GEN,nagarfort,DEOLI,TONK,Nagar Fort,Tonk,Nagarfort,B_exact_gp_district,0,never,0
42025,0,1,OBC,GENW,nasirda,DEOLI,TONK,Nasirda,Tonk,Deoli,A_exact_gp_district_samiti,1,once,0
42026,1,1,OBC W,SCW,niwariya,DEOLI,TONK,Niwariya,Tonk,Deoli,A_exact_gp_district_samiti,2,twice,0
42029,1,0,GEN W,SC,rajkot,DEOLI,TONK,Rajkot,Tonk,Deoli,A_exact_gp_district_samiti,1,once,0
42030,1,1,GEN W,STW,rajmahal,DEOLI,TONK,Rajmahal,Tonk,Deoli,A_exact_gp_district_samiti,2,twice,0
42031,1,0,ST W,GEN,ramsagar,DEOLI,TONK,Ram Sagar,Tonk,Dooni,B_exact_gp_district,1,once,0
42035,0,1,GEN,GENW,sitapura,DEOLI,TONK,Sitapura,Tonk,Dooni,B_exact_gp_district,1,once,0
42041,1,0,SC W,OBC,barol,MALPURA,TONK,Barol,Tonk,Malpura,A_exact_gp_district_samiti,1,once,0
42042,1,0,OBC W,ST,chabrana,MALPURA,TONK,Chabrana,Tonk,Malpura,A_exact_gp_district_samiti,1,once,0
42043,1,0,OBC W,GEN,chainpura,MALPURA,TONK,Chainpura,Tonk,Malpura,A_exact_gp_district_samiti,1,once,0
42048,1,0,GEN W,GEN,dholi,MALPURA,TONK,Dholi,Tonk,Malpura,A_exact_gp_district_samiti,1,once,0
42055,1,1,GEN W,SCW,kadila,MALPURA,TONK,Kadila,Tonk,Malpura,A_exact_gp_district_samiti,2,twice,0
42059,0,1,OBC,GENW,kurad,MALPURA,TONK,Kurad,Tonk,Malpura,A_exact_gp_district_samiti,1,once,0
42062,1,1,SC W,GENW,malikpur,MALPURA,TONK,Malikpur,Tonk,Malpura,A_exact_gp_district_samiti,2,twice,0
42064,0,1,GEN,OBCW,nagar,MALPURA,TONK,Nagar,Tonk,Malpura,A_exact_gp_district_samiti,1,once,0
42066,0,1,GEN,GENW,parli,MALPURA,TONK,Parli,Tonk,Malpura,A_exact_gp_district_samiti,1,once,0
42067,0,1,SC,GENW,rajpura,MALPURA,TONK,Rajpura,Tonk,Malpura,A_exact_gp_district_samiti,1,once,0
42070,0,0,OBC,SC,sitarampura,MALPURA,TONK,Sitarampura,Tonk,Malpura,A_exact_gp_district_samiti,0,never,0
42071,0,1,OBC,GENW,soda,MALPURA,TONK,Soda,Tonk,Malpura,A_exact_gp_district_samiti,1,once,0
42074,0,0,GEN,SC,tordi,MALPURA,TONK,Tordi,Tonk,Malpura,A_exact_gp_district_samiti,0,never,0
42080,0,0,SC,ST,bassi,NIWAI,TONK,Bassi,Tonk,Niwai,A_exact_gp_district_samiti,0,never,0
42081,1,0,GEN W,GEN,bidoli,NIWAI,TONK,Bidoli,Tonk,Niwai,A_exact_gp_district_samiti,1,once,0
42082,0,0,OBC,GEN,chainpura,NIWAI,TONK,Chainpura,Tonk,Niwai,A_exact_gp_district_samiti,0,never,0
42083,1,1,ST W,SCW,chanani,NIWAI,TONK,Chanani,Tonk,Niwai,A_exact_gp_district_samiti,2,twice,0
42086,0,0,GEN,GEN,dangarthal,NIWAI,TONK,Dangarthal,Tonk,Niwai,A_exact_gp_district_samiti,0,never,0
42088,0,1,SC,GENW,dhani jugalpura,NIWAI,TONK,Dhani Jugalpura,Tonk,Niwai,A_exact_gp_district_samiti,1,once,0
42089,0,1,GEN,STW,gunsi,NIWAI,TONK,Gunsi,Tonk,Niwai,A_exact_gp_district_samiti,1,once,0
42092,0,0,GEN,GEN,jamdoli,NIWAI,TONK,Jamdoli,Tonk,Niwai,A_exact_gp_district_samiti,0,never,0
42093,0,1,SC,GENW,jhilai,NIWAI,TONK,Jhilai,Tonk,Niwai,A_exact_gp_district_samiti,1,once,0
42098,1,1,GEN W,SCW,khidgi,NIWAI,TONK,Khidgi,Tonk,Niwai,A_exact_gp_district_samiti,2,twice,0
42105,0,0,GEN,ST,palai,NIWAI,TONK,Palai,Tonk,Niwai,A_exact_gp_district_samiti,0,never,0
42106,0,1,ST,GENW,raholi,NIWAI,TONK,Raholi,Tonk,Niwai,A_exact_gp_district_samiti,1,once,0
42107,1,0,SC W,ST,rajwas,NIWAI,TONK,Rajwas,Tonk,Niwai,A_exact_gp_district_samiti,1,once,0
42111,0,0,ST,GEN,shrirampura,NIWAI,TONK,Shri Rampura,Tonk,Niwai,A_exact_gp_district_samiti,0,never,0
42112,0,1,GEN,GENW,siras,NIWAI,TONK,Siras,Tonk,Niwai,A_exact_gp_district_samiti,1,once,0
42113,0,1,SC,GENW,sirohi,NIWAI,TONK,Sirohi,Tonk,Niwai,A_exact_gp_district_samiti,1,once,0
42123,0,0,GEN,OBC,botunda,TODARAISINGH,TONK,Botunda,Kekri,Todaraisingh,C_unique_gp_name_statewide,0,never,0
42126,1,1,SC W,GENW,datob,TODARAISINGH,TONK,Datob,Kekri,Todaraisingh,C_unique_gp_name_statewide,2,twice,0
42128,0,0,GEN,SC,gopalpura,TODARAISINGH,TONK,Gopalpura,Tonk,Tonk,B_exact_gp_district,0,never,0
42130,0,0,GEN,GEN,indokiya,TODARAISINGH,TONK,Indokiya,Kekri,Todaraisingh,C_unique_gp_name_statewide,0,never,0
42131,0,1,ST,GENW,kanwarawas,TODARAISINGH,TONK,Kanwarawas,Kekri,Todaraisingh,C_unique_gp_name_statewide,1,once,0
42137,1,0,GEN W,OBC,mandolai,TODARAISINGH,TONK,Mandolai,Kekri,Todaraisingh,C_unique_gp_name_statewide,1,once,0
42138,0,0,GEN,GEN,mehru,TODARAISINGH,TONK,Mehru,Kekri,Todaraisingh,C_unique_gp_name_statewide,0,never,0
42148,0,1,GEN,GENW,arniyamal,TONK,TONK,Arniya Mal,Tonk,Tonk,A_exact_gp_district_samiti,1,once,0
42153,0,1,OBC,SCW,baroni,TONK,TONK,Baroni,Tonk,Tonk,A_exact_gp_district_samiti,1,once,0
42154,0,0,OBC,GEN,bharni,TONK,TONK,Bharni,Tonk,Tonk,A_exact_gp_district_samiti,0,never,0
42155,0,0,SC,OBC,borkhandikalan,TONK,TONK,Borkhandi Kalan,Tonk,Peeplu,B_exact_gp_district,0,never,0
42156,0,1,GEN,GENW,chandlai,TONK,TONK,Chandlai,Tonk,Tonk,A_exact_gp_district_samiti,1,once,0
42157,1,0,OBC W,GEN,chhan,TONK,TONK,Chhan,Tonk,Tonk,A_exact_gp_district_samiti,1,once,0
42159,1,1,GEN W,GENW,dakhiya,TONK,TONK,Dakhiya,Tonk,Tonk,A_exact_gp_district_samiti,2,twice,0
42160,0,0,GEN,ST,dardahind,TONK,TONK,Darda Hind,Tonk,Tonk,A_exact_gp_district_samiti,0,never,0
42161,1,0,SC W,GEN,dardaturki,TONK,TONK,Darda Turki,Tonk,Peeplu,B_exact_gp_district,1,once,0
42163,0,0,GEN,GEN,devpura,TONK,TONK,Devpura,Tonk,Tonk,A_exact_gp_district_samiti,0,never,0
42168,1,1,SC W,GENW,hadikalan,TONK,TONK,Hadi Kalan,Tonk,Peeplu,B_exact_gp_district,2,twice,0
42170,1,0,SC W,OBC,hathona,TONK,TONK,Hathona,Tonk,Tonk,A_exact_gp_district_samiti,1,once,0
42171,0,1,SC,GENW,janwali,TONK,TONK,Janwali,Tonk,Peeplu,B_exact_gp_district,1,once,0
42172,0,0,GEN,OBC,jhirana,TONK,TONK,Jhirana,Tonk,Peeplu,B_exact_gp_district,0,never,0
42175,0,1,OBC,GENW,kashipura,TONK,TONK,Kashipura,Tonk,Peeplu,B_exact_gp_district,1,once,0
42176,1,0,OBC W,SC,kathmana,TONK,TONK,Kathmana,Tonk,Peeplu,B_exact_gp_district,1,once,0
42177,1,0,ST W,GEN,kureda,TONK,TONK,Kureda,Tonk,Peeplu,B_exact_gp_district,1,once,0
42178,1,1,SC W,GENW,lamba,TONK,TONK,Lamba,Tonk,Tonk,A_exact_gp_district_samiti,2,twice,0
42181,0,1,GEN,SCW,mandawar,TONK,TONK,Mandawar,Tonk,Tonk,A_exact_gp_district_samiti,1,once,0
42182,0,0,GEN,SC,mehandwas,TONK,TONK,Mehandwas,Tonk,Tonk,A_exact_gp_district_samiti,0,never,0
42183,0,0,GEN,GEN,naner,TONK,TONK,Naner,Tonk,Peeplu,B_exact_gp_district,0,never,0
42187,0,1,GEN,GENW,parana,TONK,TONK,Parana,Tonk,Tonk,A_exact_gp_district_samiti,1,once,0
42190,1,0,GEN W,SC,ranoli,TONK,TONK,Ranoli,Tonk,Peeplu,B_exact_gp_district,1,once,0
42193,1,1,GEN W,GENW,sohela,TONK,TONK,Sohela,Tonk,Peeplu,B_exact_gp_district,2,twice,0
42194,1,0,GEN W,OBC,sonwa,TONK,TONK,Sonwa,Tonk,Tonk,A_exact_gp_district_samiti,1,once,0
42195,1,0,GEN W,GEN,soran,TONK,TONK,Soran,Tonk,Tonk,A_exact_gp_district_samiti,1,once,0
42196,0,0,OBC,GEN,takholi,TONK,TONK,Takholi,Tonk,Tonk,A_exact_gp_district_samiti,0,never,0
42197,0,0,GEN,SC,aligarh,UNIARA,TONK,Aligarh,Tonk,Aligarh,B_exact_gp_district,0,never,0
42199,0,1,ST,GENW,balithal,UNIARA,TONK,Balithal,Tonk,Uniara,A_exact_gp_district_samiti,1,once,0
42200,1,1,ST W,SCW,banetha,UNIARA,TONK,Banetha,Tonk,Uniara,A_exact_gp_district_samiti,2,twice,0
42202,0,1,GEN,GENW,bilaspur,UNIARA,TONK,Bilaspur,Tonk,Nagarfort,B_exact_gp_district,1,once,0
42203,0,1,ST,GENW,bilota,UNIARA,TONK,Bilota,Tonk,Aligarh,B_exact_gp_district,1,once,0
42204,1,1,GEN W,SCW,choru,PHAGI,JAIPUR,Choru,Tonk,Aligarh,C_unique_gp_name_statewide,2,twice,0
42205,0,0,OBC,GEN,devli,TONK,TONK,Devli,Tonk,Aligarh,B_exact_gp_district,0,never,0
42211,1,0,SC W,ST,kakod,UNIARA,TONK,Kakod,Tonk,Uniara,A_exact_gp_district_samiti,1,once,0
42215,0,0,SC,OBC,kunder,UNIARA,TONK,Kunder,Tonk,Uniara,A_exact_gp_district_samiti,0,never,0
42219,0,0,GEN,ST,pachala,UNIARA,TONK,Pachala,Tonk,Aligarh,B_exact_gp_district,0,never,0
42220,0,0,SC,GEN,palai,UNIARA,TONK,Palai,Tonk,Uniara,A_exact_gp_district_samiti,0,never,0
42224,1,1,GEN W,STW,ranipura,UNIARA,TONK,Ranipura,Tonk,Nagarfort,B_exact_gp_district,2,twice,0
42226,0,0,ST,GEN,roopwas,UNIARA,TONK,Roopwas,Tonk,Nagarfort,B_exact_gp_district,0,never,0
42229,0,0,ST,SC,surali,UNIARA,TONK,Surali,Tonk,Uniara,A_exact_gp_district_samiti,0,never,0
42230,1,0,GEN W,ST,amberi,BARGAON,UDAIPUR,Amberi,Udaipur,Badgaon,B_exact_gp_district,1,once,0
42237,0,1,ST,GENW,dhar,BARGAON,UDAIPUR,Dhar,Udaipur,Badgaon,B_exact_gp_district,1,once,0
42239,1,1,GEN W,STW,iswal,BARGAON,UDAIPUR,Iswal,Udaipur,Badgaon,B_exact_gp_district,2,twice,0
42240,0,0,SC,GEN,kadiya,BARGAON,UDAIPUR,Kadiya,Udaipur,Badgaon,B_exact_gp_district,0,never,0
42241,0,0,ST,SC,kadmal,BARGAON,UDAIPUR,Kadmal,Udaipur,Badgaon,B_exact_gp_district,0,never,0
42242,1,1,GEN W,STW,kailashpuri,BARGAON,UDAIPUR,Kailashpuri,Udaipur,Badgaon,B_exact_gp_district,2,twice,0
42243,0,0,GEN,ST,kathar,BARGAON,UDAIPUR,Kathar,Udaipur,Badgaon,B_exact_gp_district,0,never,0
42244,0,1,SC,STW,kavita,BARGAON,UDAIPUR,Kavita,Udaipur,Badgaon,B_exact_gp_district,1,once,0
42245,0,0,ST,GEN,lakhawali,BARGAON,UDAIPUR,Lakhawali,Udaipur,Badgaon,B_exact_gp_district,0,never,0
42247,1,0,GEN W,GEN,loyra,BARGAON,UDAIPUR,Loyra,Udaipur,Badgaon,B_exact_gp_district,1,once,0
42248,0,0,GEN,ST,madar,BARGAON,UDAIPUR,Madar,Udaipur,Badgaon,B_exact_gp_district,0,never,0
42249,0,1,GEN,STW,rama,BARGAON,UDAIPUR,Rama,Udaipur,Badgaon,B_exact_gp_district,1,once,0
42250,0,1,ST,GENW,sapetiya,BARGAON,UDAIPUR,Sapetiya,Udaipur,Badgaon,B_exact_gp_district,1,once,0
42255,0,0,GEN,OBC,adinda,BHINDAR,UDAIPUR,Adinda,Udaipur,Vallabhnagar,B_exact_gp_district,0,never,0
42256,0,1,GEN,GENW,akola,BHINDAR,UDAIPUR,Akola,Udaipur,Kanod,B_exact_gp_district,1,once,0
42260,0,0,GEN,GEN,baggad,RIYAN,NAGAUR,Baggad,Udaipur,Bhinder,C_unique_gp_name_statewide,0,never,0
42261,0,1,ST,GENW,balathal,BHINDAR,UDAIPUR,Balathal,Udaipur,Vallabhnagar,B_exact_gp_district,1,once,0
42266,0,1,OBC,SCW,bhatewar,BHINDAR,UDAIPUR,Bhatewar,Udaipur,Vallabhnagar,B_exact_gp_district,1,once,0
42269,0,1,ST,OBCW,daroli,BHINDAR,UDAIPUR,Daroli,Udaipur,Vallabhnagar,B_exact_gp_district,1,once,0
42270,1,0,ST W,SC,dhamaniya,BHINDAR,UDAIPUR,Dhamaniya,Udaipur,Vallabhnagar,B_exact_gp_district,1,once,0
42271,1,1,GEN W,OBCW,dharta,BHINDAR,UDAIPUR,Dharta,Udaipur,Kanod,B_exact_gp_district,2,twice,0
42272,1,1,GEN,OBCW,dhava,LUNI,JODHPUR,Dhava,Udaipur,Vallabhnagar,C_unique_gp_name_statewide,2,twice,0
42274,0,1,OBC,GENW,gotipa,BHINDAR,UDAIPUR,Gotipa,Udaipur,Vallabhnagar,B_exact_gp_district,1,once,0
42276,0,0,GEN,OBC,heenta,BHINDAR,UDAIPUR,Heenta,Udaipur,Kanod,B_exact_gp_district,0,never,0
42277,0,1,SC,GENW,karanpur,BHINDAR,UDAIPUR,Karanpur,Udaipur,Vallabhnagar,B_exact_gp_district,1,once,0
42278,0,0,GEN,OBC,kedariya,BHINDAR,UDAIPUR,Kedariya,Udaipur,Bhinder,B_exact_gp_district,0,never,0
42279,0,0,GEN,GEN,kharsan,BHINDAR,UDAIPUR,Kharsan,Udaipur,Vallabhnagar,B_exact_gp_district,0,never,0
42280,1,0,ST W,SC,kheroda,BHINDAR,UDAIPUR,Kheroda,Udaipur,Bhinder,B_exact_gp_district,1,once,0
42281,1,0,ST W,GEN,keekawas,BHINDAR,UDAIPUR,Keekawas,Udaipur,Vallabhnagar,B_exact_gp_district,1,once,0
42282,0,0,OBC,GEN,kundai,BHINDAR,UDAIPUR,Kundai,Udaipur,Bhinder,B_exact_gp_district,0,never,0
42286,0,1,GEN,GENW,majawada,GOGUNDA,UDAIPUR,Majawada,Udaipur,Vallabhnagar,B_exact_gp_district,1,once,0
42288,1,0,GEN W,GEN,menar,BHINDAR,UDAIPUR,Menar,Udaipur,Vallabhnagar,B_exact_gp_district,1,once,0
42290,0,0,OBC,GEN,motida,BHINDAR,UDAIPUR,Motida,Udaipur,Kanod,B_exact_gp_district,0,never,0
42296,0,0,OBC,GEN,salera,BHINDAR,UDAIPUR,Salera,Udaipur,Kanod,B_exact_gp_district,0,never,0
42298,0,1,GEN,GENW,sarangpura (kanore),BHINDAR,UDAIPUR,Sarangpura (Kanore),Udaipur,Kanod,B_exact_gp_district,1,once,0
42301,0,1,ST,GENW,tarawat,BHINDAR,UDAIPUR,Tarawat,Udaipur,Vallabhnagar,B_exact_gp_district,1,once,0
42307,0,0,ST,ST,aad,DHARIAWAD,PRATAPGARH,Aad,Pratapgarh,Dhariawad,A_exact_gp_district_samiti,0,never,0
42312,0,1,ST,STW,vajpura,DHARIAWAD,PRATAPGARH,Vajpura,Pratapgarh,Dhariawad,A_exact_gp_district_samiti,1,once,0
42317,1,0,ST W,ST,bhojpur,DHARIAWAD,PRATAPGARH,Bhojpur,Pratapgarh,Dhariawad,A_exact_gp_district_samiti,1,once,0
42318,1,1,ST W,STW,bildiya,DHARIAWAD,PRATAPGARH,Bildiya,Pratapgarh,Dhariawad,A_exact_gp_district_samiti,2,twice,0
42319,0,0,ST,ST,chari,DHARIAWAD,PRATAPGARH,Chari,Pratapgarh,Dhariawad,A_exact_gp_district_samiti,0,never,0
42330,1,0,ST W,ST,gadariyawas,DHARIAWAD,PRATAPGARH,Gadariyawas,Pratapgarh,Dhariawad,A_exact_gp_district_samiti,1,once,0
42331,1,1,ST W,STW,gopalpura,DHARIAWAD,PRATAPGARH,Gopalpura,Pratapgarh,Dhariawad,A_exact_gp_district_samiti,2,twice,0
42333,0,1,ST,STW,jhadoli,DHARIAWAD,PRATAPGARH,Jhadoli,Pratapgarh,Dhariawad,A_exact_gp_district_samiti,1,once,0
42334,0,1,ST,STW,jawahar nagar,DHARIAWAD,PRATAPGARH,Jawahar Nagar,Pratapgarh,Dhariawad,A_exact_gp_district_samiti,1,once,0
42341,1,0,ST W,ST,lodiya,DHARIAWAD,PRATAPGARH,Lodiya,Pratapgarh,Dhariawad,A_exact_gp_district_samiti,1,once,0
42342,1,1,ST W,STW,lohagarh,DHARIAWAD,PRATAPGARH,Lohagarh,Pratapgarh,Dhariawad,A_exact_gp_district_samiti,2,twice,0
42343,0,0,ST,ST,mandvi,DHARIAWAD,PRATAPGARH,Mandvi,Pratapgarh,Dhariawad,A_exact_gp_district_samiti,0,never,0
42346,0,0,ST,ST,nad,DHARIAWAD,PRATAPGARH,Nad,Pratapgarh,Dhariawad,A_exact_gp_district_samiti,0,never,0
42350,0,1,ST,STW,parel,DHARIAWAD,PRATAPGARH,Parel,Pratapgarh,Dhariawad,A_exact_gp_district_samiti,1,once,0
42351,0,0,ST,ST,parsola,DHARIAWAD,PRATAPGARH,Parsola,Pratapgarh,Dhariawad,A_exact_gp_district_samiti,0,never,0
42356,0,1,ST,STW,alsigarh,GIRWA,UDAIPUR,Alsigarh,Udaipur,Barapal,B_exact_gp_district,1,once,0
42357,1,1,ST W,STW,bachhar,GIRWA,UDAIPUR,Bachhar,Udaipur,Girwa,A_exact_gp_district_samiti,2,twice,0
42359,0,1,ST,STW,balicha,GIRWA,UDAIPUR,Balicha,Udaipur,Girwa,A_exact_gp_district_samiti,1,once,0
42360,0,0,GEN,GEN,bambora,GIRWA,UDAIPUR,Bambora,Udaipur,Kurabar,B_exact_gp_district,0,never,0
42361,0,0,ST,ST,barapal,GIRWA,UDAIPUR,Barapal,Udaipur,Barapal,B_exact_gp_district,0,never,0
42368,0,1,GEN,GENW,bori,GIRWA,UDAIPUR,Bori,Udaipur,Kurabar,B_exact_gp_district,1,once,0
42373,1,0,ST W,ST,dantisar,GIRWA,UDAIPUR,Dantisar,Udaipur,Kurabar,B_exact_gp_district,1,once,0
42375,0,0,ST,ST,dodawali,GIRWA,UDAIPUR,Dodawali,Udaipur,Girwa,A_exact_gp_district_samiti,0,never,0
42377,1,0,ST W,ST,jagat,GIRWA,UDAIPUR,Jagat,Udaipur,Kurabar,B_exact_gp_district,1,once,0
42382,0,1,ST,STW,kaya,GIRWA,UDAIPUR,Kaya,Udaipur,Barapal,B_exact_gp_district,1,once,0
42383,1,0,GEN W,GEN,kot,GIRWA,UDAIPUR,Kot,Udaipur,Kurabar,B_exact_gp_district,1,once,0
42384,1,1,GEN W,GENW,kurabad,GIRWA,UDAIPUR,Kurabad,Udaipur,Kurabar,B_exact_gp_district,2,twice,0
42386,1,1,GEN W,GENW,lalpura,GIRWA,UDAIPUR,Lalpura,Udaipur,Kurabar,B_exact_gp_district,2,twice,0
42389,0,1,ST,STW,paduna,GIRWA,UDAIPUR,Paduna,Udaipur,Barapal,B_exact_gp_district,1,once,0
42394,0,0,ST,ST,saru,GIRWA,UDAIPUR,Saru,Udaipur,Barapal,B_exact_gp_district,0,never,0
42396,1,1,GEN W,GENW,shishvi,GIRWA,UDAIPUR,Shishvi,Udaipur,Kurabar,B_exact_gp_district,2,twice,0
42397,0,0,ST,ST,sisarma,GIRWA,UDAIPUR,Sisarma,Udaipur,Girwa,A_exact_gp_district_samiti,0,never,0
42399,0,1,SC,GENW,sulawas,GIRWA,UDAIPUR,Sulawas,Udaipur,Kurabar,B_exact_gp_district,1,once,0
42400,0,0,ST,ST,tidi,GIRWA,UDAIPUR,Tidi,Udaipur,Barapal,B_exact_gp_district,0,never,0
42401,0,1,ST,STW,titardi,GIRWA,UDAIPUR,Titardi,Udaipur,Girwa,A_exact_gp_district_samiti,1,once,0
42402,0,0,GEN,GEN,vallabh,GIRWA,UDAIPUR,Vallabh,Udaipur,Kurabar,B_exact_gp_district,0,never,0
42405,0,0,GEN,ST,bhanpura,GOGUNDA,UDAIPUR,Bhanpura,Udaipur,Sayra,B_exact_gp_district,0,never,0
42408,1,0,ST W,GEN,chhali,GOGUNDA,UDAIPUR,Chhali,Udaipur,Gogunda,A_exact_gp_district_samiti,1,once,0
42410,1,0,ST W,OBC,chitrawas,GOGUNDA,UDAIPUR,Chitrawas,Udaipur,Sayra,B_exact_gp_district,1,once,0
42413,0,0,GEN,GEN,dhol,GOGUNDA,UDAIPUR,Dhol,Udaipur,Sayra,B_exact_gp_district,0,never,0
42415,0,1,GEN,STW,diyan,GOGUNDA,UDAIPUR,Diyan,Udaipur,Sayra,B_exact_gp_district,1,once,0
42416,0,0,ST,GEN,gogunda,GOGUNDA,UDAIPUR,Gogunda,Udaipur,Gogunda,A_exact_gp_district_samiti,0,never,0
42417,0,1,ST,GENW,gundali,GOGUNDA,UDAIPUR,Gundali,Udaipur,Sayra,B_exact_gp_district,1,once,0
42418,1,1,GEN W,STW,jaswantgarh,GOGUNDA,UDAIPUR,Jaswantgarh,Udaipur,Gogunda,A_exact_gp_district_samiti,2,twice,0
42419,0,1,OBC,GENW,jhadoli,GOGUNDA,UDAIPUR,Jhadoli,Udaipur,Gogunda,A_exact_gp_district_samiti,1,once,0
42421,0,0,GEN,SC,kamol,GOGUNDA,UDAIPUR,Kamol,Udaipur,Sayra,B_exact_gp_district,0,never,0
42422,0,1,SC,GENW,karda,GOGUNDA,UDAIPUR,Karda,Udaipur,Sayra,B_exact_gp_district,1,once,0
42424,0,1,GEN,SCW,majawadi,GOGUNDA,UDAIPUR,Majawadi,Udaipur,Gogunda,A_exact_gp_district_samiti,1,once,0
42426,0,1,GEN,STW,modi,GOGUNDA,UDAIPUR,Modi,Udaipur,Gogunda,A_exact_gp_district_samiti,1,once,0
42429,0,0,ST,GEN,padrada,GOGUNDA,UDAIPUR,Padrada,Udaipur,Sayra,B_exact_gp_district,0,never,0
42431,0,0,GEN,ST,paner,GOGUNDA,UDAIPUR,Paner,Udaipur,Sayra,B_exact_gp_district,0,never,0
42433,0,0,GEN,ST,punawali,GOGUNDA,UDAIPUR,Punawali,Udaipur,Sayra,B_exact_gp_district,0,never,0
42438,1,1,GEN W,STW,semad,GOGUNDA,UDAIPUR,Semad,Udaipur,Sayra,B_exact_gp_district,2,twice,0
42439,0,1,GEN,SCW,singhada,BAYANA,BHARATPUR,Singhada,Udaipur,Sayra,C_unique_gp_name_statewide,1,once,0
42441,1,1,ST W,GENW,tarpal,GOGUNDA,UDAIPUR,Tarpal,Udaipur,Gogunda,A_exact_gp_district_samiti,2,twice,0
42442,0,0,ST,GEN,tirol,GOGUNDA,UDAIPUR,Tirol,Udaipur,Sayra,B_exact_gp_district,0,never,0
42444,0,0,ST,ST,ambasa,JHADOL,UDAIPUR,Ambasa,Udaipur,Phalasiyan,B_exact_gp_district,0,never,0
42445,1,0,ST W,ST,amiwara,JHADOL,UDAIPUR,Amiwara,Udaipur,Phalasiyan,B_exact_gp_district,1,once,0
42446,1,1,ST W,GENW,aamliya,BALI,PALI,Aamliya,Udaipur,Phalasiyan,C_unique_gp_name_statewide,2,twice,0
42449,0,0,ST,ST,atatiya,JHADOL,UDAIPUR,Atatiya,Udaipur,Jhadol,A_exact_gp_district_samiti,0,never,0
42450,0,1,ST,STW,badrana,JHADOL,UDAIPUR,Badrana,Udaipur,Jhadol,A_exact_gp_district_samiti,1,once,0
42453,0,1,ST,STW,birothi,JHADOL,UDAIPUR,Birothi,Udaipur,Phalasiyan,B_exact_gp_district,1,once,0
42455,1,1,ST W,STW,chandwas,JHADOL,UDAIPUR,Chandwas,Udaipur,Jhadol,A_exact_gp_district_samiti,2,twice,0
42458,1,1,ST W,STW,dharavan,JHADOL,UDAIPUR,Dharavan,Udaipur,Phalasiyan,B_exact_gp_district,2,twice,0
42460,0,1,ST,STW,godana,JHADOL,UDAIPUR,Godana,Udaipur,Jhadol,A_exact_gp_district_samiti,1,once,0
42461,0,0,ST,ST,gogla,JHADOL,UDAIPUR,Gogla,Udaipur,Jhadol,A_exact_gp_district_samiti,0,never,0
42462,0,0,ST,ST,goran,JHADOL,UDAIPUR,Goran,Udaipur,Jhadol,A_exact_gp_district_samiti,0,never,0
42463,0,0,ST,ST,gorana,JHADOL,UDAIPUR,Gorana,Udaipur,Jhadol,A_exact_gp_district_samiti,0,never,0
42464,0,1,ST,STW,garanwas,JHADOL,UDAIPUR,Garanwas,Udaipur,Phalasiyan,B_exact_gp_district,1,once,0
42469,0,0,ST,ST,kanthariya,JHADOL,UDAIPUR,Kanthariya,Udaipur,Jhadol,A_exact_gp_district_samiti,0,never,0
42470,0,1,ST,STW,khakhad,JHADOL,UDAIPUR,Khakhad,Udaipur,Jhadol,A_exact_gp_district_samiti,1,once,0
42471,0,1,ST,STW,khati kamdi,JHADOL,UDAIPUR,Khati Kamdi,Udaipur,Phalasiyan,B_exact_gp_district,1,once,0
42472,0,1,ST,STW,kolyari,JHADOL,UDAIPUR,Kolyari,Udaipur,Phalasiyan,B_exact_gp_district,1,once,0
42473,0,0,ST,ST,lunawaton ka kheda,JHADOL,UDAIPUR,Lunawaton Ka Kheda,Udaipur,Jhadol,A_exact_gp_district_samiti,0,never,0
42476,0,0,ST,ST,magwas,JHADOL,UDAIPUR,Magwas,Udaipur,Jhadol,A_exact_gp_district_samiti,0,never,0
42484,0,0,ST,ST,pipalbara,JHADOL,UDAIPUR,Pipalbara,Udaipur,Phalasiyan,B_exact_gp_district,0,never,0
42486,0,1,ST,STW,som,JHADOL,UDAIPUR,Som,Udaipur,Phalasiyan,B_exact_gp_district,1,once,0
42487,0,0,ST,ST,sultanji ka kherwara,JHADOL,UDAIPUR,Sultanji Ka Kherwara,Udaipur,Jhadol,A_exact_gp_district_samiti,0,never,0
42488,1,0,ST W,ST,thobawara,JHADOL,UDAIPUR,Thobawara,Udaipur,Jhadol,A_exact_gp_district_samiti,1,once,0
42497,1,1,ST W,STW,bhanda,KHERWARA,UDAIPUR,Bhanda,Udaipur,Kherwara,A_exact_gp_district_samiti,2,twice,0
42501,0,0,ST,ST,chhani,KHERWARA,UDAIPUR,Chhani,Udaipur,Nayagaon,B_exact_gp_district,0,never,0
42502,1,1,ST W,STW,chikla,KHERWARA,UDAIPUR,Chikla,Udaipur,Rishabhdeo,B_exact_gp_district,2,twice,0
42505,0,1,ST,STW,deri,KHERWARA,UDAIPUR,Deri,Udaipur,Nayagaon,B_exact_gp_district,1,once,0
42506,1,0,ST W,ST,dhelana,KHERWARA,UDAIPUR,Dhelana,Udaipur,Rishabhdeo,B_exact_gp_district,1,once,0
42507,0,0,ST,ST,gadawat,KHERWARA,UDAIPUR,Gadawat,Udaipur,Rishabhdeo,B_exact_gp_district,0,never,0
42510,0,1,ST,STW,guda,KHERWARA,UDAIPUR,Guda,Udaipur,Nayagaon,B_exact_gp_district,1,once,0
42511,0,1,ST,STW,harshawada,KHERWARA,UDAIPUR,Harshawada,Udaipur,Nayagaon,B_exact_gp_district,1,once,0
42512,0,0,ST,ST,jalpaka,KHERWARA,UDAIPUR,Jalpaka,Udaipur,Rishabhdeo,B_exact_gp_district,0,never,0
42513,0,1,ST,STW,jawas,KHERWARA,UDAIPUR,Jawas,Udaipur,Kherwara,A_exact_gp_district_samiti,1,once,0
42515,0,0,ST,ST,kagdar bhatia,KHERWARA,UDAIPUR,Kagdar Bhatia,Udaipur,Rishabhdeo,B_exact_gp_district,0,never,0
42516,1,1,ST W,STW,kalyanpur,KHERWARA,UDAIPUR,Kalyanpur,Udaipur,Rishabhdeo,B_exact_gp_district,2,twice,0
42517,0,0,ST,ST,kanbai,KHERWARA,UDAIPUR,Kanbai,Udaipur,Nayagaon,B_exact_gp_district,0,never,0
42518,0,1,ST,STW,kanpur,KHERWARA,UDAIPUR,Kanpur,Udaipur,Kherwara,A_exact_gp_district_samiti,1,once,0
42520,1,0,ST W,ST,karawada,BICHHIWARA,DUNGARPUR,Karawada,Udaipur,Nayagaon,C_unique_gp_name_statewide,1,once,0
42525,0,1,ST,STW,khanmeen,KHERWARA,UDAIPUR,Khanmeen,Udaipur,Kherwara,A_exact_gp_district_samiti,1,once,0
42529,0,0,ST,ST,larathi,KHERWARA,UDAIPUR,Larathi,Udaipur,Kherwara,A_exact_gp_district_samiti,0,never,0
42530,1,0,ST W,ST,mahuwal,KHERWARA,UDAIPUR,Mahuwal,Udaipur,Nayagaon,B_exact_gp_district,1,once,0
42532,1,1,ST W,STW,navaghara,KHERWARA,UDAIPUR,Navaghara,Udaipur,Kherwara,A_exact_gp_district_samiti,2,twice,0
42533,0,0,ST,ST,nayagaon,KHERWARA,UDAIPUR,Nayagaon,Udaipur,Nayagaon,B_exact_gp_district,0,never,0
42538,0,0,ST,ST,patiya,KHERWARA,UDAIPUR,Patiya,Udaipur,Kherwara,A_exact_gp_district_samiti,0,never,0
42542,0,0,ST,ST,sagwara,KHERWARA,UDAIPUR,Sagwara,Udaipur,Rishabhdeo,B_exact_gp_district,0,never,0
42543,1,1,ST W,STW,saklal,KHERWARA,UDAIPUR,Saklal,Udaipur,Nayagaon,B_exact_gp_district,2,twice,0
42544,1,1,ST W,STW,sarera,KHERWARA,UDAIPUR,Sarera,Udaipur,Nayagaon,B_exact_gp_district,2,twice,0
42545,1,1,ST W,STW,saroli,KHERWARA,UDAIPUR,Saroli,Udaipur,Kherwara,A_exact_gp_district_samiti,2,twice,0
42546,0,0,ST,ST,sulai,KHERWARA,UDAIPUR,Sulai,Udaipur,Kherwara,A_exact_gp_district_samiti,0,never,0
42547,1,1,GEN W,GENW,sundara,SHEO,BARMER,Sundara,Udaipur,Kherwara,C_unique_gp_name_statewide,2,twice,0
42552,1,0,ST W,ST,bikarni,KOTRA,UDAIPUR,Bikarni,Udaipur,Kotra,A_exact_gp_district_samiti,1,once,0
42554,0,1,ST,STW,dang,KOTRA,UDAIPUR,Dang,Udaipur,Badgaon,B_exact_gp_district,1,once,0
42556,0,0,ST,ST,dhedmaria,KOTRA,UDAIPUR,Dhedmaria,Udaipur,Kotra,A_exact_gp_district_samiti,0,never,0
42558,0,0,ST,ST,gura,KOTRA,UDAIPUR,Gura,Udaipur,Kotra,A_exact_gp_district_samiti,0,never,0
42562,0,0,ST,ST,khajuria,KOTRA,UDAIPUR,Khajuria,Udaipur,Kotra,A_exact_gp_district_samiti,0,never,0
42563,0,1,ST,STW,khakharia,KOTRA,UDAIPUR,Khakharia,Udaipur,Kotra,A_exact_gp_district_samiti,1,once,0
42568,0,1,SC,STW,madra,GOGUNDA,UDAIPUR,Madra,Udaipur,Gogunda,A_exact_gp_district_samiti,1,once,0
42569,0,1,ST,STW,mahad,KOTRA,UDAIPUR,Mahad,Udaipur,Kotra,A_exact_gp_district_samiti,1,once,0
42575,1,1,ST W,STW,merpur,KOTRA,UDAIPUR,Merpur,Udaipur,Kotra,A_exact_gp_district_samiti,2,twice,0
42576,0,1,ST,STW,mewaron ka math,KOTRA,UDAIPUR,Mewaron Ka Math,Udaipur,Kotra,A_exact_gp_district_samiti,1,once,0
42582,0,0,ST,ST,samoli,KOTRA,UDAIPUR,Samoli,Udaipur,Kotra,A_exact_gp_district_samiti,0,never,0
42583,0,1,ST,STW,teja ka was,KOTRA,UDAIPUR,Teja Ka Was,Udaipur,Gogunda,B_exact_gp_district,1,once,0
42590,0,0,ST,SC,bhansol,MAVLI,UDAIPUR,Bhansol,Udaipur,Ghasa,B_exact_gp_district,0,never,0
42592,0,1,GEN,GENW,vijanwas,MAVLI,UDAIPUR,Vijanwas,Udaipur,Ghasa,B_exact_gp_district,1,once,0
42593,1,1,ST W,SCW,boyna,MAVLI,UDAIPUR,Boyna,Udaipur,Mavli,A_exact_gp_district_samiti,2,twice,0
42594,1,0,GEN W,GEN,chandesra,BALOTRA,BARMER,Chandesra,Udaipur,Ghasa,C_unique_gp_name_statewide,1,once,0
42596,0,1,GEN,STW,dabok,MAVLI,UDAIPUR,Dabok,Udaipur,Mavli,A_exact_gp_district_samiti,1,once,0
42597,1,1,GEN W,STW,dholi magri,MAVLI,UDAIPUR,Dholi Magri,Udaipur,Ghasa,B_exact_gp_district,2,twice,0
42600,1,1,OBC W,GENW,gadoli,MAVLI,UDAIPUR,Gadoli,Udaipur,Mavli,A_exact_gp_district_samiti,2,twice,0
42601,1,0,OBC W,GEN,ghasa,MAVLI,UDAIPUR,Ghasa,Udaipur,Ghasa,B_exact_gp_district,1,once,0
42603,1,1,OBC W,GENW,gudli,MAVLI,UDAIPUR,Gudli,Udaipur,Mavli,A_exact_gp_district_samiti,2,twice,0
42607,1,0,ST W,GEN,khartana,MAVLI,UDAIPUR,Khartana,Udaipur,Mavli,A_exact_gp_district_samiti,1,once,0
42608,0,1,SC,GENW,khemli,MAVLI,UDAIPUR,Khemli,Udaipur,Ghasa,B_exact_gp_district,1,once,0
42609,1,0,ST W,SC,khempur,MAVLI,UDAIPUR,Khempur,Udaipur,Mavli,A_exact_gp_district_samiti,1,once,0
42610,0,1,OBC,GENW,ladani,MAVLI,UDAIPUR,Ladani,Udaipur,Mavli,A_exact_gp_district_samiti,1,once,0
42611,0,1,GEN,GENW,lopra,MAVLI,UDAIPUR,Lopra,Udaipur,Mavli,A_exact_gp_district_samiti,1,once,0
42612,0,1,ST,STW,mahuda,KUSHALGARH,BANSWARA,Mahuda,Udaipur,Ghasa,C_unique_gp_name_statewide,1,once,0
42613,1,1,GEN W,STW,mangthala,MAVLI,UDAIPUR,Mangthala,Udaipur,Ghasa,B_exact_gp_district,2,twice,0
42615,0,1,GEN,OBCW,merta,MAVLI,UDAIPUR,Merta,Udaipur,Mavli,A_exact_gp_district_samiti,1,once,0
42616,0,0,GEN,GEN,morath,MAVLI,UDAIPUR,Morath,Udaipur,Mavli,A_exact_gp_district_samiti,0,never,0
42620,0,0,GEN,ST,noorda,MAVLI,UDAIPUR,Noorda,Udaipur,Ghasa,B_exact_gp_district,0,never,0
42621,0,0,OBC,ST,palana kalan,MAVLI,UDAIPUR,Palana Kalan,Udaipur,Ghasa,B_exact_gp_district,0,never,0
42622,0,1,GEN,OBCW,palana khurd,MAVLI,UDAIPUR,Palana Khurd,Udaipur,Ghasa,B_exact_gp_district,1,once,0
42626,0,1,ST,GENW,salera kalan,MAVLI,UDAIPUR,Salera Kalan,Udaipur,Mavli,A_exact_gp_district_samiti,1,once,0
42627,0,0,GEN,OBC,sangwa,MAVLI,UDAIPUR,Sangwa,Udaipur,Ghasa,B_exact_gp_district,0,never,0
42628,0,1,SC,STW,sindhu,MAVLI,UDAIPUR,Sindhu,Udaipur,Ghasa,B_exact_gp_district,1,once,0
42629,0,0,GEN,OBC,thamla,MAVLI,UDAIPUR,Thamla,Udaipur,Ghasa,B_exact_gp_district,0,never,0
42634,0,0,ST,ST,adkaliya,SALUMBAR,UDAIPUR,Adkaliya,Salumbar,Salumbar,C_unique_gp_name_statewide,0,never,0
42642,0,0,ST,ST,bhabrana,SALUMBAR,UDAIPUR,Bhabrana,Salumbar,Jhallara,C_unique_gp_name_statewide,0,never,0
42645,1,1,ST W,STW,dagar,SALUMBAR,UDAIPUR,Dagar,Salumbar,Salumbar,C_unique_gp_name_statewide,2,twice,0
42648,1,1,ST W,STW,dharod,SALUMBAR,UDAIPUR,Dharod,Salumbar,Salumbar,C_unique_gp_name_statewide,2,twice,0
42651,1,0,ST W,ST,ghated,SALUMBAR,UDAIPUR,Ghated,Salumbar,Jhallara,C_unique_gp_name_statewide,1,once,0
42652,0,1,ST,STW,gingla,SALUMBAR,UDAIPUR,Gingla,Salumbar,Salumbar,C_unique_gp_name_statewide,1,once,0
42654,1,0,ST W,ST,idana,SALUMBAR,UDAIPUR,Idana,Salumbar,Salumbar,C_unique_gp_name_statewide,1,once,0
42657,0,0,ST,ST,jetana,SALUMBAR,UDAIPUR,Jetana,Salumbar,Jhallara,C_unique_gp_name_statewide,0,never,0
42659,0,0,ST,ST,jodhpurkhurd,SALUMBAR,UDAIPUR,Jodhpur Khurd,Salumbar,Jhallara,C_unique_gp_name_statewide,0,never,0
42660,0,1,ST,STW,kaduni,SALUMBAR,UDAIPUR,Kaduni,Salumbar,Salumbar,C_unique_gp_name_statewide,1,once,0
42662,1,1,ST W,STW,karakalan,SALUMBAR,UDAIPUR,Karakalan,Salumbar,Jhallara,C_unique_gp_name_statewide,2,twice,0
42665,0,0,ST,ST,kharka,SALUMBAR,UDAIPUR,Kharka,Salumbar,Salumbar,C_unique_gp_name_statewide,0,never,0
42666,0,0,ST,ST,kherad,SALUMBAR,UDAIPUR,Kherad,Salumbar,Salumbar,C_unique_gp_name_statewide,0,never,0
42667,0,0,ST,ST,makadseema,SALUMBAR,UDAIPUR,Makadseema,Salumbar,Salumbar,C_unique_gp_name_statewide,0,never,0
42672,0,0,ST,ST,morila,SALUMBAR,UDAIPUR,Morila,Salumbar,Jhallara,C_unique_gp_name_statewide,0,never,0
42675,0,0,ST,ST,saradi,SALUMBAR,UDAIPUR,Saradi,Salumbar,Salumbar,C_unique_gp_name_statewide,0,never,0
42677,0,0,ST,ST,sheshpur,SALUMBAR,UDAIPUR,Sheshpur,Salumbar,Jhallara,C_unique_gp_name_statewide,0,never,0
42681,0,1,ST,STW,adwas,SARADA,UDAIPUR,Adwas,Salumbar,Sarada,C_unique_gp_name_statewide,1,once,0
42683,0,1,OBC,STW,badawali,NIMBAHERA,CHITTORGARH,Badawali,Salumbar,Semari,C_unique_gp_name_statewide,1,once,0
42685,0,0,ST,ST,balua,SARADA,UDAIPUR,Balua,Salumbar,Sarada,C_unique_gp_name_statewide,0,never,0
42688,0,1,ST,STW,bhorai,SARADA,UDAIPUR,Bhorai,Salumbar,Semari,C_unique_gp_name_statewide,1,once,0
42689,1,1,ST W,STW,chandora,SARADA,UDAIPUR,Chandora,Salumbar,Semari,C_unique_gp_name_statewide,2,twice,0
42698,0,0,ST,ST,katanwada,SARADA,UDAIPUR,Katanwada,Salumbar,Sarada,C_unique_gp_name_statewide,0,never,0
42703,0,0,ST,ST,kuradia,SARADA,UDAIPUR,Kuradia,Salumbar,Semari,C_unique_gp_name_statewide,0,never,0
42705,0,0,ST,ST,nathara,SARADA,UDAIPUR,Nathara,Salumbar,Sarada,C_unique_gp_name_statewide,0,never,0
42706,0,1,ST,STW,nevatalai,SARADA,UDAIPUR,Neva Talai,Salumbar,Sarada,C_unique_gp_name_statewide,1,once,0
42710,0,1,ST,STW,palodra,SARADA,UDAIPUR,Palodra,Salumbar,Sarada,C_unique_gp_name_statewide,1,once,0
42711,1,1,ST W,STW,parsad,SARADA,UDAIPUR,Parsad,Salumbar,Sarada,C_unique_gp_name_statewide,2,twice,0
42713,0,0,ST,ST,rathora,SARADA,UDAIPUR,Rathora,Salumbar,Semari,C_unique_gp_name_statewide,0,never,0
42717,1,0,ST W,ST,sarada,SARADA,UDAIPUR,Sarada,Salumbar,Sarada,C_unique_gp_name_statewide,1,once,0
42722,0,0,ST,ST,singhatwara,SARADA,UDAIPUR,Singhatwara,Salumbar,Sarada,C_unique_gp_name_statewide,0,never,0
